[Architectury Transformer] Architectury Runtime 5.2.91
[Architectury Transformer DEBUG] Closed File Systems for D:\yunbeiurbanconstruction-template\common\build\devlibs\yunbeiuc-common-1.0.0-26w28a-dev.jar
[Architectury Transformer DEBUG] Preparing tiny remapper prepared transformer: dev.architectury.transformer.handler.TinyRemapperPreparedTransformerHandler
[Architectury Transformer DEBUG] Provided 112 classpath jar(s):
[Architectury Transformer DEBUG]  - C:\Users\Beigu\.gradle\caches\modules-2\files-2.1\dev.architectury\architectury-injectables\1.0.10\62db2a366d662606d1b23ad02ccc3212ed37ec3\architectury-injectables-1.0.10.jar
[Architectury Transformer DEBUG]  - C:\Users\Beigu\.gradle\caches\modules-2\files-2.1\net.fabricmc\fabric-loader\0.19.3\354dfaa02d0552e11867f85dff7cdbfaf813ba3e\fabric-loader-0.19.3.jar
[Architectury Transformer DEBUG]  - C:\Users\Beigu\.gradle\caches\modules-2\files-2.1\org.jetbrains\annotations\26.0.2\c7ce3cdeda3d18909368dfe5977332dfad326c6d\annotations-26.0.2.jar
[Architectury Transformer DEBUG]  - C:\Users\Beigu\.gradle\caches\modules-2\files-2.1\org.ow2.asm\asm\9.10.1\ada2141c0cc52ee8f5c48cd5fa4ce0e794f22236\asm-9.10.1.jar
[Architectury Transformer DEBUG]  - C:\Users\Beigu\.gradle\caches\modules-2\files-2.1\org.ow2.asm\asm-analysis\9.10.1\8d49f14d51f632cb1d87c88d1ceaf50db0d8af1b\asm-analysis-9.10.1.jar
[Architectury Transformer DEBUG]  - C:\Users\Beigu\.gradle\caches\modules-2\files-2.1\org.ow2.asm\asm-commons\9.10.1\4229e4c55fd8e01c23f9fe9884075cc628aacc50\asm-commons-9.10.1.jar
[Architectury Transformer DEBUG]  - C:\Users\Beigu\.gradle\caches\modules-2\files-2.1\org.ow2.asm\asm-tree\9.10.1\e244332a17564c1d1572449399a842de35881be2\asm-tree-9.10.1.jar
[Architectury Transformer DEBUG]  - C:\Users\Beigu\.gradle\caches\modules-2\files-2.1\org.ow2.asm\asm-util\9.10.1\7bb9d450e8d4cbf9f9e04096c44bbfe7fba80b15\asm-util-9.10.1.jar
[Architectury Transformer DEBUG]  - C:\Users\Beigu\.gradle\caches\modules-2\files-2.1\net.fabricmc\sponge-mixin\0.17.3+mixin.0.8.7\41c4a3984a80f4679e759fb9f495587acc5cdac7\sponge-mixin-0.17.3+mixin.0.8.7.jar
[Architectury Transformer DEBUG]  - C:\Users\Beigu\.gradle\caches\modules-2\files-2.1\io.github.llamalad7\mixinextras-fabric\0.5.4\5e167154bcb9942111313a5e186e16cd7265f858\mixinextras-fabric-0.5.4.jar
[Architectury Transformer DEBUG]  - C:\Users\Beigu\.gradle\caches\modules-2\files-2.1\net.fabricmc\yarn\1.20.1+build.10\10cee92ace960f9939a7ff0bfa1f94c4cf889bae\yarn-1.20.1+build.10-constants.jar
[Architectury Transformer DEBUG]  - C:\Users\Beigu\.gradle\caches\modules-2\files-2.1\com.github.oshi\oshi-core\6.2.2\54f5efc19bca95d709d9a37d19ffcbba3d21c1a6\oshi-core-6.2.2.jar
[Architectury Transformer DEBUG]  - C:\Users\Beigu\.gradle\caches\modules-2\files-2.1\com.google.code.gson\gson\2.10\dd9b193aef96e973d5a11ab13cd17430c2e4306b\gson-2.10.jar
[Architectury Transformer DEBUG]  - C:\Users\Beigu\.gradle\caches\modules-2\files-2.1\com.google.guava\failureaccess\1.0.1\1dcf1de382a0bf95a3d8b0849546c88bac1292c9\failureaccess-1.0.1.jar
[Architectury Transformer DEBUG]  - C:\Users\Beigu\.gradle\caches\modules-2\files-2.1\com.google.guava\guava\31.1-jre\60458f877d055d0c9114d9e1a2efb737b4bc282c\guava-31.1-jre.jar
[Architectury Transformer DEBUG]  - C:\Users\Beigu\.gradle\caches\modules-2\files-2.1\com.ibm.icu\icu4j\71.1\9e7d3304c23f9ba5cb71915f7cce23231a57a445\icu4j-71.1.jar
[Architectury Transformer DEBUG]  - C:\Users\Beigu\.gradle\caches\modules-2\files-2.1\com.mojang\authlib\4.0.43\2ff9d747a77570a07a60d32ac77eb6162ad2a2d9\authlib-4.0.43.jar
[Architectury Transformer DEBUG]  - C:\Users\Beigu\.gradle\caches\modules-2\files-2.1\com.mojang\blocklist\1.0.10\5c685c5ffa94c4cd39496c7184c1d122e515ecef\blocklist-1.0.10.jar
[Architectury Transformer DEBUG]  - C:\Users\Beigu\.gradle\caches\modules-2\files-2.1\com.mojang\brigadier\1.1.8\5244ce82c3337bba4a196a3ce858bfaecc74404a\brigadier-1.1.8.jar
[Architectury Transformer DEBUG]  - C:\Users\Beigu\.gradle\caches\modules-2\files-2.1\com.mojang\datafixerupper\6.0.8\3ba4a30557a9b057760af4011f909ba619fc5125\datafixerupper-6.0.8.jar
[Architectury Transformer DEBUG]  - C:\Users\Beigu\.gradle\caches\modules-2\files-2.1\com.mojang\logging\1.1.1\832b8e6674a9b325a5175a3a6267dfaf34c85139\logging-1.1.1.jar
[Architectury Transformer DEBUG]  - C:\Users\Beigu\.gradle\caches\modules-2\files-2.1\com.mojang\patchy\2.2.10\da05971b07cbb379d002cf7eaec6a2048211fefc\patchy-2.2.10.jar
[Architectury Transformer DEBUG]  - C:\Users\Beigu\.gradle\caches\modules-2\files-2.1\com.mojang\text2speech\1.17.9\3cad216e3a7f0c19b4b394388bc9ffc446f13b14\text2speech-1.17.9.jar
[Architectury Transformer DEBUG]  - C:\Users\Beigu\.gradle\caches\modules-2\files-2.1\commons-codec\commons-codec\1.15\49d94806b6e3dc933dacbd8acb0fdbab8ebd1e5d\commons-codec-1.15.jar
[Architectury Transformer DEBUG]  - C:\Users\Beigu\.gradle\caches\modules-2\files-2.1\commons-io\commons-io\2.11.0\a2503f302b11ebde7ebc3df41daebe0e4eea3689\commons-io-2.11.0.jar
[Architectury Transformer DEBUG]  - C:\Users\Beigu\.gradle\caches\modules-2\files-2.1\commons-logging\commons-logging\1.2\4bfc12adfe4842bf07b657f0369c4cb522955686\commons-logging-1.2.jar
[Architectury Transformer DEBUG]  - C:\Users\Beigu\.gradle\caches\modules-2\files-2.1\io.netty\netty-buffer\4.1.82.Final\a544270cf1ae8b8077082f5036436a9a9971ea71\netty-buffer-4.1.82.Final.jar
[Architectury Transformer DEBUG]  - C:\Users\Beigu\.gradle\caches\modules-2\files-2.1\io.netty\netty-codec\4.1.82.Final\b77200379acb345a9ffdece1c605e591ac3e4e0a\netty-codec-4.1.82.Final.jar
[Architectury Transformer DEBUG]  - C:\Users\Beigu\.gradle\caches\modules-2\files-2.1\io.netty\netty-common\4.1.82.Final\22d148e85c3f5ebdacc0ce1f5aabb1d420f73f3\netty-common-4.1.82.Final.jar
[Architectury Transformer DEBUG]  - C:\Users\Beigu\.gradle\caches\modules-2\files-2.1\io.netty\netty-handler\4.1.82.Final\644041d1fa96a5d3130a29e8978630d716d76e38\netty-handler-4.1.82.Final.jar
[Architectury Transformer DEBUG]  - C:\Users\Beigu\.gradle\caches\modules-2\files-2.1\io.netty\netty-resolver\4.1.82.Final\38f665ae8dcd29032eea31245ba7806bed2e0fa8\netty-resolver-4.1.82.Final.jar
[Architectury Transformer DEBUG]  - C:\Users\Beigu\.gradle\caches\modules-2\files-2.1\io.netty\netty-transport-classes-epoll\4.1.82.Final\e7c7dd18deac93105797f30057c912651ea76521\netty-transport-classes-epoll-4.1.82.Final.jar
[Architectury Transformer DEBUG]  - C:\Users\Beigu\.gradle\caches\modules-2\files-2.1\io.netty\netty-transport-native-unix-common\4.1.82.Final\3e895b35ca1b8a0eca56cacff4c2dde5d2c6abce\netty-transport-native-unix-common-4.1.82.Final.jar
[Architectury Transformer DEBUG]  - C:\Users\Beigu\.gradle\caches\modules-2\files-2.1\io.netty\netty-transport\4.1.82.Final\e431a218d91acb6476ccad5f5aafde50aa3945ca\netty-transport-4.1.82.Final.jar
[Architectury Transformer DEBUG]  - C:\Users\Beigu\.gradle\caches\modules-2\files-2.1\it.unimi.dsi\fastutil\8.5.9\bb7ea75ecdb216654237830b3a96d87ad91f8cc5\fastutil-8.5.9.jar
[Architectury Transformer DEBUG]  - C:\Users\Beigu\.gradle\caches\modules-2\files-2.1\net.java.dev.jna\jna-platform\5.12.1\97406a297c852f4a41e688a176ec675f72e8329\jna-platform-5.12.1.jar
[Architectury Transformer DEBUG]  - C:\Users\Beigu\.gradle\caches\modules-2\files-2.1\net.java.dev.jna\jna\5.12.1\b1e93a735caea94f503e95e6fe79bf9cdc1e985d\jna-5.12.1.jar
[Architectury Transformer DEBUG]  - C:\Users\Beigu\.gradle\caches\modules-2\files-2.1\net.sf.jopt-simple\jopt-simple\5.0.4\4fdac2fbe92dfad86aa6e9301736f6b4342a3f5c\jopt-simple-5.0.4.jar
[Architectury Transformer DEBUG]  - C:\Users\Beigu\.gradle\caches\modules-2\files-2.1\org.apache.commons\commons-compress\1.21\4ec95b60d4e86b5c95a0e919cb172a0af98011ef\commons-compress-1.21.jar
[Architectury Transformer DEBUG]  - C:\Users\Beigu\.gradle\caches\modules-2\files-2.1\org.apache.commons\commons-lang3\3.12.0\c6842c86792ff03b9f1d1fe2aab8dc23aa6c6f0e\commons-lang3-3.12.0.jar
[Architectury Transformer DEBUG]  - C:\Users\Beigu\.gradle\caches\modules-2\files-2.1\org.apache.httpcomponents\httpclient\4.5.13\e5f6cae5ca7ecaac1ec2827a9e2d65ae2869cada\httpclient-4.5.13.jar
[Architectury Transformer DEBUG]  - C:\Users\Beigu\.gradle\caches\modules-2\files-2.1\org.apache.httpcomponents\httpcore\4.4.15\7f2e0c573eaa7a74bac2e89b359e1f73d92a0a1d\httpcore-4.4.15.jar
[Architectury Transformer DEBUG]  - C:\Users\Beigu\.gradle\caches\modules-2\files-2.1\org.apache.logging.log4j\log4j-api\2.19.0\ea1b37f38c327596b216542bc636cfdc0b8036fa\log4j-api-2.19.0.jar
[Architectury Transformer DEBUG]  - C:\Users\Beigu\.gradle\caches\modules-2\files-2.1\org.apache.logging.log4j\log4j-core\2.19.0\3b6eeb4de4c49c0fe38a4ee27188ff5fee44d0bb\log4j-core-2.19.0.jar
[Architectury Transformer DEBUG]  - C:\Users\Beigu\.gradle\caches\modules-2\files-2.1\org.apache.logging.log4j\log4j-slf4j2-impl\2.19.0\5c04bfdd63ce9dceb2e284b81e96b6a70010ee10\log4j-slf4j2-impl-2.19.0.jar
[Architectury Transformer DEBUG]  - C:\Users\Beigu\.gradle\caches\modules-2\files-2.1\org.joml\joml\1.10.5\22566d58af70ad3d72308bab63b8339906deb649\joml-1.10.5.jar
[Architectury Transformer DEBUG]  - C:\Users\Beigu\.gradle\caches\modules-2\files-2.1\org.lwjgl\lwjgl-glfw\3.3.1\cbac1b8d30cb4795149c1ef540f912671a8616d0\lwjgl-glfw-3.3.1.jar
[Architectury Transformer DEBUG]  - C:\Users\Beigu\.gradle\caches\modules-2\files-2.1\org.lwjgl\lwjgl-jemalloc\3.3.1\a817bcf213db49f710603677457567c37d53e103\lwjgl-jemalloc-3.3.1.jar
[Architectury Transformer DEBUG]  - C:\Users\Beigu\.gradle\caches\modules-2\files-2.1\org.lwjgl\lwjgl-openal\3.3.1\2623a6b8ae1dfcd880738656a9f0243d2e6840bd\lwjgl-openal-3.3.1.jar
[Architectury Transformer DEBUG]  - C:\Users\Beigu\.gradle\caches\modules-2\files-2.1\org.lwjgl\lwjgl-opengl\3.3.1\831a5533a21a5f4f81bbc51bb13e9899319b5411\lwjgl-opengl-3.3.1.jar
[Architectury Transformer DEBUG]  - C:\Users\Beigu\.gradle\caches\modules-2\files-2.1\org.lwjgl\lwjgl-stb\3.3.1\b119297cf8ed01f247abe8685857f8e7fcf5980f\lwjgl-stb-3.3.1.jar
[Architectury Transformer DEBUG]  - C:\Users\Beigu\.gradle\caches\modules-2\files-2.1\org.lwjgl\lwjgl-tinyfd\3.3.1\ff1914111ef2e3e0110ef2dabc8d8cdaad82347\lwjgl-tinyfd-3.3.1.jar
[Architectury Transformer DEBUG]  - C:\Users\Beigu\.gradle\caches\modules-2\files-2.1\org.lwjgl\lwjgl\3.3.1\ae58664f88e18a9bb2c77b063833ca7aaec484cb\lwjgl-3.3.1.jar
[Architectury Transformer DEBUG]  - C:\Users\Beigu\.gradle\caches\modules-2\files-2.1\org.slf4j\slf4j-api\2.0.1\f48d81adce2abf5ad3cfe463df517952749e03bc\slf4j-api-2.0.1.jar
[Architectury Transformer DEBUG]  - D:\yunbeiurbanconstruction-template\.gradle\loom-cache\minecraftMaven\net\minecraft\minecraft-merged-64066463a3\1.20.1-net.fabricmc.yarn.1_20_1.1.20.1+build.10-v2\minecraft-merged-64066463a3-1.20.1-net.fabricmc.yarn.1_20_1.1.20.1+build.10-v2.jar
[Architectury Transformer DEBUG]  - C:\Users\Beigu\.gradle\caches\modules-2\files-2.1\io.netty\netty-transport-native-epoll\4.1.82.Final\c7350a71920f3ae9142945e25fed4846cce53374\netty-transport-native-epoll-4.1.82.Final-linux-x86_64.jar
[Architectury Transformer DEBUG]  - C:\Users\Beigu\.gradle\caches\modules-2\files-2.1\io.netty\netty-transport-native-epoll\4.1.82.Final\476409d6255001ca53a55f65b01c13822f8dc93a\netty-transport-native-epoll-4.1.82.Final-linux-aarch_64.jar
[Architectury Transformer DEBUG]  - D:\yunbeiurbanconstruction-template\.gradle\loom-cache\remapped_mods\remapped\net\fabricmc\fabric-api\fabric-api-ceaf4ab3\0.92.9+1.20.1\fabric-api-ceaf4ab3-0.92.9+1.20.1.jar
[Architectury Transformer DEBUG]  - D:\yunbeiurbanconstruction-template\.gradle\loom-cache\remapped_mods\remapped\dev\architectury\architectury-fabric-ceaf4ab3\9.2.14\architectury-fabric-ceaf4ab3-9.2.14.jar
[Architectury Transformer DEBUG]  - D:\yunbeiurbanconstruction-template\.gradle\loom-cache\remapped_mods\remapped\net\fabricmc\fabric-api\fabric-transfer-api-v1-ceaf4ab3\3.3.6+8dd72ea377\fabric-transfer-api-v1-ceaf4ab3-3.3.6+8dd72ea377.jar
[Architectury Transformer DEBUG]  - D:\yunbeiurbanconstruction-template\.gradle\loom-cache\remapped_mods\remapped\net\fabricmc\fabric-api\fabric-api-lookup-api-v1-ceaf4ab3\1.6.37+1802ada577\fabric-api-lookup-api-v1-ceaf4ab3-1.6.37+1802ada577.jar
[Architectury Transformer DEBUG]  - D:\yunbeiurbanconstruction-template\.gradle\loom-cache\remapped_mods\remapped\net\fabricmc\fabric-api\fabric-blockrenderlayer-v1-ceaf4ab3\1.1.42+1802ada577\fabric-blockrenderlayer-v1-ceaf4ab3-1.1.42+1802ada577.jar
[Architectury Transformer DEBUG]  - D:\yunbeiurbanconstruction-template\.gradle\loom-cache\remapped_mods\remapped\net\fabricmc\fabric-api\fabric-client-tags-api-v1-ceaf4ab3\1.1.3+1802ada577\fabric-client-tags-api-v1-ceaf4ab3-1.1.3+1802ada577.jar
[Architectury Transformer DEBUG]  - D:\yunbeiurbanconstruction-template\.gradle\loom-cache\remapped_mods\remapped\net\fabricmc\fabric-api\fabric-command-api-v1-ceaf4ab3\1.2.35+f71b366f77\fabric-command-api-v1-ceaf4ab3-1.2.35+f71b366f77.jar
[Architectury Transformer DEBUG]  - D:\yunbeiurbanconstruction-template\.gradle\loom-cache\remapped_mods\remapped\net\fabricmc\fabric-api\fabric-commands-v0-ceaf4ab3\0.2.52+df3654b377\fabric-commands-v0-ceaf4ab3-0.2.52+df3654b377.jar
[Architectury Transformer DEBUG]  - D:\yunbeiurbanconstruction-template\.gradle\loom-cache\remapped_mods\remapped\net\fabricmc\fabric-api\fabric-command-api-v2-ceaf4ab3\2.2.14+1802ada577\fabric-command-api-v2-ceaf4ab3-2.2.14+1802ada577.jar
[Architectury Transformer DEBUG]  - D:\yunbeiurbanconstruction-template\.gradle\loom-cache\remapped_mods\remapped\net\fabricmc\fabric-api\fabric-content-registries-v0-ceaf4ab3\4.0.13+1802ada577\fabric-content-registries-v0-ceaf4ab3-4.0.13+1802ada577.jar
[Architectury Transformer DEBUG]  - D:\yunbeiurbanconstruction-template\.gradle\loom-cache\remapped_mods\remapped\net\fabricmc\fabric-api\fabric-convention-tags-v1-ceaf4ab3\1.5.6+1802ada577\fabric-convention-tags-v1-ceaf4ab3-1.5.6+1802ada577.jar
[Architectury Transformer DEBUG]  - D:\yunbeiurbanconstruction-template\.gradle\loom-cache\remapped_mods\remapped\net\fabricmc\fabric-api\fabric-data-attachment-api-v1-ceaf4ab3\1.0.2+de0fd6d177\fabric-data-attachment-api-v1-ceaf4ab3-1.0.2+de0fd6d177.jar
[Architectury Transformer DEBUG]  - D:\yunbeiurbanconstruction-template\.gradle\loom-cache\remapped_mods\remapped\net\fabricmc\fabric-api\fabric-data-generation-api-v1-ceaf4ab3\12.3.9+1802ada577\fabric-data-generation-api-v1-ceaf4ab3-12.3.9+1802ada577.jar
[Architectury Transformer DEBUG]  - D:\yunbeiurbanconstruction-template\.gradle\loom-cache\remapped_mods\remapped\net\fabricmc\fabric-api\fabric-dimensions-v1-ceaf4ab3\2.1.55+1802ada577\fabric-dimensions-v1-ceaf4ab3-2.1.55+1802ada577.jar
[Architectury Transformer DEBUG]  - D:\yunbeiurbanconstruction-template\.gradle\loom-cache\remapped_mods\remapped\net\fabricmc\fabric-api\fabric-entity-events-v1-ceaf4ab3\1.6.1+1c78457f77\fabric-entity-events-v1-ceaf4ab3-1.6.1+1c78457f77.jar
[Architectury Transformer DEBUG]  - D:\yunbeiurbanconstruction-template\.gradle\loom-cache\remapped_mods\remapped\net\fabricmc\fabric-api\fabric-events-interaction-v0-ceaf4ab3\0.6.6+13a40c6677\fabric-events-interaction-v0-ceaf4ab3-0.6.6+13a40c6677.jar
[Architectury Transformer DEBUG]  - D:\yunbeiurbanconstruction-template\.gradle\loom-cache\remapped_mods\remapped\net\fabricmc\fabric-api\fabric-gametest-api-v1-ceaf4ab3\1.2.15+1802ada577\fabric-gametest-api-v1-ceaf4ab3-1.2.15+1802ada577.jar
[Architectury Transformer DEBUG]  - D:\yunbeiurbanconstruction-template\.gradle\loom-cache\remapped_mods\remapped\net\fabricmc\fabric-api\fabric-events-lifecycle-v0-ceaf4ab3\0.2.64+df3654b377\fabric-events-lifecycle-v0-ceaf4ab3-0.2.64+df3654b377.jar
[Architectury Transformer DEBUG]  - D:\yunbeiurbanconstruction-template\.gradle\loom-cache\remapped_mods\remapped\net\fabricmc\fabric-api\fabric-item-api-v1-ceaf4ab3\2.1.29+1802ada577\fabric-item-api-v1-ceaf4ab3-2.1.29+1802ada577.jar
[Architectury Transformer DEBUG]  - D:\yunbeiurbanconstruction-template\.gradle\loom-cache\remapped_mods\remapped\net\fabricmc\fabric-api\fabric-item-group-api-v1-ceaf4ab3\4.0.14+1802ada577\fabric-item-group-api-v1-ceaf4ab3-4.0.14+1802ada577.jar
[Architectury Transformer DEBUG]  - D:\yunbeiurbanconstruction-template\.gradle\loom-cache\remapped_mods\remapped\net\fabricmc\fabric-api\fabric-mining-level-api-v1-ceaf4ab3\2.1.52+1802ada577\fabric-mining-level-api-v1-ceaf4ab3-2.1.52+1802ada577.jar
[Architectury Transformer DEBUG]  - D:\yunbeiurbanconstruction-template\.gradle\loom-cache\remapped_mods\remapped\net\fabricmc\fabric-api\fabric-lifecycle-events-v1-ceaf4ab3\2.2.23+1802ada577\fabric-lifecycle-events-v1-ceaf4ab3-2.2.23+1802ada577.jar
[Architectury Transformer DEBUG]  - D:\yunbeiurbanconstruction-template\.gradle\loom-cache\remapped_mods\remapped\net\fabricmc\fabric-api\fabric-loot-tables-v1-ceaf4ab3\1.1.47+9e7660c677\fabric-loot-tables-v1-ceaf4ab3-1.1.47+9e7660c677.jar
[Architectury Transformer DEBUG]  - D:\yunbeiurbanconstruction-template\.gradle\loom-cache\remapped_mods\remapped\net\fabricmc\fabric-api\fabric-loot-api-v2-ceaf4ab3\1.2.3+1802ada577\fabric-loot-api-v2-ceaf4ab3-1.2.3+1802ada577.jar
[Architectury Transformer DEBUG]  - D:\yunbeiurbanconstruction-template\.gradle\loom-cache\remapped_mods\remapped\net\fabricmc\fabric-api\fabric-message-api-v1-ceaf4ab3\5.1.10+1802ada577\fabric-message-api-v1-ceaf4ab3-5.1.10+1802ada577.jar
[Architectury Transformer DEBUG]  - D:\yunbeiurbanconstruction-template\.gradle\loom-cache\remapped_mods\remapped\net\fabricmc\fabric-api\fabric-models-v0-ceaf4ab3\0.4.3+9386d8a777\fabric-models-v0-ceaf4ab3-0.4.3+9386d8a777.jar
[Architectury Transformer DEBUG]  - D:\yunbeiurbanconstruction-template\.gradle\loom-cache\remapped_mods\remapped\net\fabricmc\fabric-api\fabric-model-loading-api-v1-ceaf4ab3\1.0.4+1802ada577\fabric-model-loading-api-v1-ceaf4ab3-1.0.4+1802ada577.jar
[Architectury Transformer DEBUG]  - D:\yunbeiurbanconstruction-template\.gradle\loom-cache\remapped_mods\remapped\net\fabricmc\fabric-api\fabric-recipe-api-v1-ceaf4ab3\1.0.25+1802ada577\fabric-recipe-api-v1-ceaf4ab3-1.0.25+1802ada577.jar
[Architectury Transformer DEBUG]  - D:\yunbeiurbanconstruction-template\.gradle\loom-cache\remapped_mods\remapped\net\fabricmc\fabric-api\fabric-registry-sync-v0-ceaf4ab3\2.4.1+4c0a70e677\fabric-registry-sync-v0-ceaf4ab3-2.4.1+4c0a70e677.jar
[Architectury Transformer DEBUG]  - D:\yunbeiurbanconstruction-template\.gradle\loom-cache\remapped_mods\remapped\net\fabricmc\fabric-api\fabric-screen-handler-api-v1-ceaf4ab3\1.3.34+1802ada577\fabric-screen-handler-api-v1-ceaf4ab3-1.3.34+1802ada577.jar
[Architectury Transformer DEBUG]  - D:\yunbeiurbanconstruction-template\.gradle\loom-cache\remapped_mods\remapped\net\fabricmc\fabric-api\fabric-containers-v0-ceaf4ab3\0.1.68+df3654b377\fabric-containers-v0-ceaf4ab3-0.1.68+df3654b377.jar
[Architectury Transformer DEBUG]  - D:\yunbeiurbanconstruction-template\.gradle\loom-cache\remapped_mods\remapped\net\fabricmc\fabric-api\fabric-networking-v0-ceaf4ab3\0.3.55+df3654b377\fabric-networking-v0-ceaf4ab3-0.3.55+df3654b377.jar
[Architectury Transformer DEBUG]  - D:\yunbeiurbanconstruction-template\.gradle\loom-cache\remapped_mods\remapped\net\fabricmc\fabric-api\fabric-networking-api-v1-ceaf4ab3\1.3.15+0caff8d077\fabric-networking-api-v1-ceaf4ab3-1.3.15+0caff8d077.jar
[Architectury Transformer DEBUG]  - D:\yunbeiurbanconstruction-template\.gradle\loom-cache\remapped_mods\remapped\net\fabricmc\fabric-api\fabric-object-builder-api-v1-ceaf4ab3\11.1.5+e35120df77\fabric-object-builder-api-v1-ceaf4ab3-11.1.5+e35120df77.jar
[Architectury Transformer DEBUG]  - D:\yunbeiurbanconstruction-template\.gradle\loom-cache\remapped_mods\remapped\net\fabricmc\fabric-api\fabric-particles-v1-ceaf4ab3\1.1.3+1802ada577\fabric-particles-v1-ceaf4ab3-1.1.3+1802ada577.jar
[Architectury Transformer DEBUG]  - D:\yunbeiurbanconstruction-template\.gradle\loom-cache\remapped_mods\remapped\net\fabricmc\fabric-api\fabric-renderer-indigo-ceaf4ab3\1.5.3+85287f9f77\fabric-renderer-indigo-ceaf4ab3-1.5.3+85287f9f77.jar
[Architectury Transformer DEBUG]  - D:\yunbeiurbanconstruction-template\.gradle\loom-cache\remapped_mods\remapped\net\fabricmc\fabric-api\fabric-renderer-api-v1-ceaf4ab3\3.2.2+1802ada577\fabric-renderer-api-v1-ceaf4ab3-3.2.2+1802ada577.jar
[Architectury Transformer DEBUG]  - D:\yunbeiurbanconstruction-template\.gradle\loom-cache\remapped_mods\remapped\net\fabricmc\fabric-api\fabric-rendering-fluids-v1-ceaf4ab3\3.0.29+1802ada577\fabric-rendering-fluids-v1-ceaf4ab3-3.0.29+1802ada577.jar
[Architectury Transformer DEBUG]  - D:\yunbeiurbanconstruction-template\.gradle\loom-cache\remapped_mods\remapped\net\fabricmc\fabric-api\fabric-renderer-registries-v1-ceaf4ab3\3.2.47+df3654b377\fabric-renderer-registries-v1-ceaf4ab3-3.2.47+df3654b377.jar
[Architectury Transformer DEBUG]  - D:\yunbeiurbanconstruction-template\.gradle\loom-cache\remapped_mods\remapped\net\fabricmc\fabric-api\fabric-rendering-v0-ceaf4ab3\1.1.50+df3654b377\fabric-rendering-v0-ceaf4ab3-1.1.50+df3654b377.jar
[Architectury Transformer DEBUG]  - D:\yunbeiurbanconstruction-template\.gradle\loom-cache\remapped_mods\remapped\net\fabricmc\fabric-api\fabric-rendering-v1-ceaf4ab3\3.0.9+1802ada577\fabric-rendering-v1-ceaf4ab3-3.0.9+1802ada577.jar
[Architectury Transformer DEBUG]  - D:\yunbeiurbanconstruction-template\.gradle\loom-cache\remapped_mods\remapped\net\fabricmc\fabric-api\fabric-screen-api-v1-ceaf4ab3\2.0.9+1802ada577\fabric-screen-api-v1-ceaf4ab3-2.0.9+1802ada577.jar
[Architectury Transformer DEBUG]  - D:\yunbeiurbanconstruction-template\.gradle\loom-cache\remapped_mods\remapped\net\fabricmc\fabric-api\fabric-api-base-ceaf4ab3\0.4.32+1802ada577\fabric-api-base-ceaf4ab3-0.4.32+1802ada577.jar
[Architectury Transformer DEBUG]  - D:\yunbeiurbanconstruction-template\.gradle\loom-cache\remapped_mods\remapped\net\fabricmc\fabric-api\fabric-biome-api-v1-ceaf4ab3\13.0.15+93aa238b77\fabric-biome-api-v1-ceaf4ab3-13.0.15+93aa238b77.jar
[Architectury Transformer DEBUG]  - D:\yunbeiurbanconstruction-template\.gradle\loom-cache\remapped_mods\remapped\net\fabricmc\fabric-api\fabric-block-api-v1-ceaf4ab3\1.0.12+1802ada577\fabric-block-api-v1-ceaf4ab3-1.0.12+1802ada577.jar
[Architectury Transformer DEBUG]  - D:\yunbeiurbanconstruction-template\.gradle\loom-cache\remapped_mods\remapped\net\fabricmc\fabric-api\fabric-rendering-data-attachment-v1-ceaf4ab3\0.3.39+92a0d36777\fabric-rendering-data-attachment-v1-ceaf4ab3-0.3.39+92a0d36777.jar
[Architectury Transformer DEBUG]  - D:\yunbeiurbanconstruction-template\.gradle\loom-cache\remapped_mods\remapped\net\fabricmc\fabric-api\fabric-block-view-api-v2-ceaf4ab3\1.0.3+924f046a77\fabric-block-view-api-v2-ceaf4ab3-1.0.3+924f046a77.jar
[Architectury Transformer DEBUG]  - D:\yunbeiurbanconstruction-template\.gradle\loom-cache\remapped_mods\remapped\net\fabricmc\fabric-api\fabric-crash-report-info-v1-ceaf4ab3\0.2.20+1802ada577\fabric-crash-report-info-v1-ceaf4ab3-0.2.20+1802ada577.jar
[Architectury Transformer DEBUG]  - D:\yunbeiurbanconstruction-template\.gradle\loom-cache\remapped_mods\remapped\net\fabricmc\fabric-api\fabric-game-rule-api-v1-ceaf4ab3\1.0.41+1802ada577\fabric-game-rule-api-v1-ceaf4ab3-1.0.41+1802ada577.jar
[Architectury Transformer DEBUG]  - D:\yunbeiurbanconstruction-template\.gradle\loom-cache\remapped_mods\remapped\net\fabricmc\fabric-api\fabric-keybindings-v0-ceaf4ab3\0.2.36+df3654b377\fabric-keybindings-v0-ceaf4ab3-0.2.36+df3654b377.jar
[Architectury Transformer DEBUG]  - D:\yunbeiurbanconstruction-template\.gradle\loom-cache\remapped_mods\remapped\net\fabricmc\fabric-api\fabric-key-binding-api-v1-ceaf4ab3\1.0.38+1802ada577\fabric-key-binding-api-v1-ceaf4ab3-1.0.38+1802ada577.jar
[Architectury Transformer DEBUG]  - D:\yunbeiurbanconstruction-template\.gradle\loom-cache\remapped_mods\remapped\net\fabricmc\fabric-api\fabric-resource-conditions-api-v1-ceaf4ab3\2.3.9+1802ada577\fabric-resource-conditions-api-v1-ceaf4ab3-2.3.9+1802ada577.jar
[Architectury Transformer DEBUG]  - D:\yunbeiurbanconstruction-template\.gradle\loom-cache\remapped_mods\remapped\net\fabricmc\fabric-api\fabric-resource-loader-v0-ceaf4ab3\0.11.12+fb82e9d777\fabric-resource-loader-v0-ceaf4ab3-0.11.12+fb82e9d777.jar
[Architectury Transformer DEBUG]  - D:\yunbeiurbanconstruction-template\.gradle\loom-cache\remapped_mods\remapped\net\fabricmc\fabric-api\fabric-sound-api-v1-ceaf4ab3\1.0.14+1802ada577\fabric-sound-api-v1-ceaf4ab3-1.0.14+1802ada577.jar
[Architectury Transformer DEBUG]  - D:\yunbeiurbanconstruction-template\.gradle\loom-cache\remapped_mods\remapped\net\fabricmc\fabric-api\fabric-transitive-access-wideners-v1-ceaf4ab3\4.3.2+1802ada577\fabric-transitive-access-wideners-v1-ceaf4ab3-4.3.2+1802ada577.jar
[Architectury Transformer] Read classpath in 5.045 s
[Architectury Transformer DEBUG] Closed File Systems for D:\yunbeiurbanconstruction-template\common\build\devlibs\yunbeiuc-common-1.0.0-26w28a-dev.jar
[Architectury Transformer DEBUG] Transforming 5 transformer(s) from D:\yunbeiurbanconstruction-template\common\build\devlibs\yunbeiuc-common-1.0.0-26w28a-dev.jar to C:\Users\Beigu\AppData\Local\Temp\8726540517567718897.jar: 
[Architectury Transformer DEBUG]  - dev.architectury.transformer.transformers.RuntimeMixinRefmapDetector@21e13760
[Architectury Transformer DEBUG]  - dev.architectury.transformer.transformers.GenerateFakeFabricMod@5c623ff7
[Architectury Transformer DEBUG]  - dev.architectury.transformer.transformers.TransformExpectPlatform@5315719
[Architectury Transformer DEBUG]  - dev.architectury.transformer.transformers.RemapInjectables@4da95065
[Architectury Transformer DEBUG]  - dev.architectury.transformer.transformers.TransformPlatformOnly@65db2487
[Architectury Transformer DEBUG] Transforming from D:\yunbeiurbanconstruction-template\common\build\devlibs\yunbeiuc-common-1.0.0-26w28a-dev.jar to C:\Users\Beigu\AppData\Local\Temp\8726540517567718897.jar with 5 transformer(s) on dev.architectury.transformer.handler.SimpleTransformerHandler
[Architectury Transformer DEBUG] Found class transformer
[Architectury Transformer DEBUG] Writing com/beigu/yunbeiuc/block/custom/anti/AntiGlareNet$1 with maxs=true frames=true
[Architectury Transformer DEBUG] Writing com/beigu/yunbeiuc/block/custom/anti/AntiGlareNet with maxs=true frames=true
[Architectury Transformer DEBUG] Writing com/beigu/yunbeiuc/block/custom/anti/AntiGlareNetPole$1 with maxs=true frames=true
[Architectury Transformer DEBUG] Writing com/beigu/yunbeiuc/block/custom/anti/AntiGlareNetPole$AntiGlareNetPoleType with maxs=true frames=true
[Architectury Transformer DEBUG] Writing com/beigu/yunbeiuc/block/custom/anti/AntiGlareNetPole with maxs=true frames=true
[Architectury Transformer DEBUG] Writing com/beigu/yunbeiuc/block/custom/anti/AntiGlareVersion$1 with maxs=true frames=true
[Architectury Transformer DEBUG] Writing com/beigu/yunbeiuc/block/custom/anti/AntiGlareVersion with maxs=true frames=true
[Architectury Transformer DEBUG] Writing com/beigu/yunbeiuc/block/custom/barrier/TrafficBarrierBlock$1 with maxs=true frames=true
[Architectury Transformer DEBUG] Writing com/beigu/yunbeiuc/block/custom/barrier/TrafficBarrierBlock$Type with maxs=true frames=true
[Architectury Transformer DEBUG] Writing com/beigu/yunbeiuc/block/custom/barrier/TrafficBarrierBlock with maxs=true frames=true
[Architectury Transformer DEBUG] Writing com/beigu/yunbeiuc/block/custom/barrier/TrafficBarrierDoubleBlock$1 with maxs=true frames=true
[Architectury Transformer DEBUG] Writing com/beigu/yunbeiuc/block/custom/barrier/TrafficBarrierDoubleBlock$Type with maxs=true frames=true
[Architectury Transformer DEBUG] Writing com/beigu/yunbeiuc/block/custom/barrier/TrafficBarrierDoubleBlock with maxs=true frames=true
[Architectury Transformer DEBUG] Writing com/beigu/yunbeiuc/block/custom/barrier/TrafficBarrierGrayBlock$1 with maxs=true frames=true
[Architectury Transformer DEBUG] Writing com/beigu/yunbeiuc/block/custom/barrier/TrafficBarrierGrayBlock$Type with maxs=true frames=true
[Architectury Transformer DEBUG] Writing com/beigu/yunbeiuc/block/custom/barrier/TrafficBarrierGrayBlock with maxs=true frames=true
[Architectury Transformer DEBUG] Writing com/beigu/yunbeiuc/block/custom/barrier/TrafficBarrierGrayObliqueBlock$Type with maxs=true frames=true
[Architectury Transformer DEBUG] Writing com/beigu/yunbeiuc/block/custom/barrier/TrafficBarrierGrayObliqueBlock with maxs=true frames=true
[Architectury Transformer DEBUG] Writing com/beigu/yunbeiuc/block/custom/barrier/TrafficBarrierGraySlantBlock with maxs=true frames=true
[Architectury Transformer DEBUG] Writing com/beigu/yunbeiuc/block/custom/barrier/TrafficBarrierObliqueBlock$1 with maxs=true frames=true
[Architectury Transformer DEBUG] Writing com/beigu/yunbeiuc/block/custom/barrier/TrafficBarrierObliqueBlock$Type with maxs=true frames=true
[Architectury Transformer DEBUG] Writing com/beigu/yunbeiuc/block/custom/barrier/TrafficBarrierObliqueBlock with maxs=true frames=true
[Architectury Transformer DEBUG] Writing com/beigu/yunbeiuc/block/custom/box/RoadFlowerBox1$1 with maxs=true frames=true
[Architectury Transformer DEBUG] Writing com/beigu/yunbeiuc/block/custom/box/RoadFlowerBox1 with maxs=true frames=true
[Architectury Transformer DEBUG] Writing com/beigu/yunbeiuc/block/custom/box/RoadFlowerBox2Fence$1 with maxs=true frames=true
[Architectury Transformer DEBUG] Writing com/beigu/yunbeiuc/block/custom/box/RoadFlowerBox2Fence with maxs=true frames=true
[Architectury Transformer DEBUG] Writing com/beigu/yunbeiuc/block/custom/DirectionBlock with maxs=true frames=true
[Architectury Transformer DEBUG] Writing com/beigu/yunbeiuc/block/custom/gantry/GantryFrameConnection$GantryFrameConnectionType with maxs=true frames=true
[Architectury Transformer DEBUG] Writing com/beigu/yunbeiuc/block/custom/gantry/GantryFrameConnection with maxs=true frames=true
[Architectury Transformer DEBUG] Writing com/beigu/yunbeiuc/block/custom/gantry/GantryFrameDetectionCamera$1 with maxs=true frames=true
[Architectury Transformer DEBUG] Writing com/beigu/yunbeiuc/block/custom/gantry/GantryFrameDetectionCamera with maxs=true frames=true
[Architectury Transformer DEBUG] Writing com/beigu/yunbeiuc/block/custom/gantry/GantryFrameLadder$1 with maxs=true frames=true
[Architectury Transformer DEBUG] Writing com/beigu/yunbeiuc/block/custom/gantry/GantryFrameLadder with maxs=true frames=true
[Architectury Transformer DEBUG] Writing com/beigu/yunbeiuc/block/custom/gantry/GantryFrameLed$1 with maxs=true frames=true
[Architectury Transformer DEBUG] Writing com/beigu/yunbeiuc/block/custom/gantry/GantryFrameLed$Type with maxs=true frames=true
[Architectury Transformer DEBUG] Writing com/beigu/yunbeiuc/block/custom/gantry/GantryFrameLed with maxs=true frames=true
[Architectury Transformer DEBUG] Writing com/beigu/yunbeiuc/block/custom/gantry/GantryFrameLedMain$1 with maxs=true frames=true
[Architectury Transformer DEBUG] Writing com/beigu/yunbeiuc/block/custom/gantry/GantryFrameLedMain with maxs=true frames=true
[Architectury Transformer DEBUG] Writing com/beigu/yunbeiuc/block/custom/gantry/GantryFrameLedSide$1 with maxs=true frames=true
[Architectury Transformer DEBUG] Writing com/beigu/yunbeiuc/block/custom/gantry/GantryFrameLedSide$Type with maxs=true frames=true
[Architectury Transformer DEBUG] Writing com/beigu/yunbeiuc/block/custom/gantry/GantryFrameLedSide with maxs=true frames=true
[Architectury Transformer DEBUG] Writing com/beigu/yunbeiuc/block/custom/gantry/GantryFrameLightingLamp$1 with maxs=true frames=true
[Architectury Transformer DEBUG] Writing com/beigu/yunbeiuc/block/custom/gantry/GantryFrameLightingLamp$LightTFState with maxs=true frames=true
[Architectury Transformer DEBUG] Writing com/beigu/yunbeiuc/block/custom/gantry/GantryFrameLightingLamp with maxs=true frames=true
[Architectury Transformer DEBUG] Writing com/beigu/yunbeiuc/block/custom/gantry/GantryFrameMain$GantryFrameMainType with maxs=true frames=true
[Architectury Transformer DEBUG] Writing com/beigu/yunbeiuc/block/custom/gantry/GantryFrameMain with maxs=true frames=true
[Architectury Transformer DEBUG] Writing com/beigu/yunbeiuc/block/custom/gantry/GantryFrameRadarSpeedDetector$1 with maxs=true frames=true
[Architectury Transformer DEBUG] Writing com/beigu/yunbeiuc/block/custom/gantry/GantryFrameRadarSpeedDetector$LightTFState with maxs=true frames=true
[Architectury Transformer DEBUG] Writing com/beigu/yunbeiuc/block/custom/gantry/GantryFrameRadarSpeedDetector with maxs=true frames=true
[Architectury Transformer DEBUG] Writing com/beigu/yunbeiuc/block/custom/gantry/GantryFrameRailing$1 with maxs=true frames=true
[Architectury Transformer DEBUG] Writing com/beigu/yunbeiuc/block/custom/gantry/GantryFrameRailing$Type with maxs=true frames=true
[Architectury Transformer DEBUG] Writing com/beigu/yunbeiuc/block/custom/gantry/GantryFrameRailing with maxs=true frames=true
[Architectury Transformer DEBUG] Writing com/beigu/yunbeiuc/block/custom/gantry/GantryFrameSide$1 with maxs=true frames=true
[Architectury Transformer DEBUG] Writing com/beigu/yunbeiuc/block/custom/gantry/GantryFrameSide$GantryFrameType with maxs=true frames=true
[Architectury Transformer DEBUG] Writing com/beigu/yunbeiuc/block/custom/gantry/GantryFrameSide with maxs=true frames=true
[Architectury Transformer DEBUG] Writing com/beigu/yunbeiuc/block/custom/gate/BarrierGate1Main$PoleType with maxs=true frames=true
[Architectury Transformer DEBUG] Writing com/beigu/yunbeiuc/block/custom/gate/BarrierGate1Main with maxs=true frames=true
[Architectury Transformer DEBUG] Writing com/beigu/yunbeiuc/block/custom/gate/BarrierGate1MainSlab$PoleType with maxs=true frames=true
[Architectury Transformer DEBUG] Writing com/beigu/yunbeiuc/block/custom/gate/BarrierGate1MainSlab with maxs=true frames=true
[Architectury Transformer DEBUG] Writing com/beigu/yunbeiuc/block/custom/gate/BarrierGate1PoleHorizontal$1 with maxs=true frames=true
[Architectury Transformer DEBUG] Writing com/beigu/yunbeiuc/block/custom/gate/BarrierGate1PoleHorizontal$GateType with maxs=true frames=true
[Architectury Transformer DEBUG] Writing com/beigu/yunbeiuc/block/custom/gate/BarrierGate1PoleHorizontal$Type with maxs=true frames=true
[Architectury Transformer DEBUG] Writing com/beigu/yunbeiuc/block/custom/gate/BarrierGate1PoleHorizontal with maxs=true frames=true
[Architectury Transformer DEBUG] Writing com/beigu/yunbeiuc/block/custom/gate/BarrierGate1PoleLongitudinal$1 with maxs=true frames=true
[Architectury Transformer DEBUG] Writing com/beigu/yunbeiuc/block/custom/gate/BarrierGate1PoleLongitudinal$PoleType with maxs=true frames=true
[Architectury Transformer DEBUG] Writing com/beigu/yunbeiuc/block/custom/gate/BarrierGate1PoleLongitudinal with maxs=true frames=true
[Architectury Transformer DEBUG] Writing com/beigu/yunbeiuc/block/custom/guardrail/RoadClosedBarricadeGuardrail1$1 with maxs=true frames=true
[Architectury Transformer DEBUG] Writing com/beigu/yunbeiuc/block/custom/guardrail/RoadClosedBarricadeGuardrail1 with maxs=true frames=true
[Architectury Transformer DEBUG] Writing com/beigu/yunbeiuc/block/custom/guardrail/RoadClosedBarricadeGuardrail2$1 with maxs=true frames=true
[Architectury Transformer DEBUG] Writing com/beigu/yunbeiuc/block/custom/guardrail/RoadClosedBarricadeGuardrail2 with maxs=true frames=true
[Architectury Transformer DEBUG] Writing com/beigu/yunbeiuc/block/custom/guardrail/RoadClosedBarricadeGuardrail3$1 with maxs=true frames=true
[Architectury Transformer DEBUG] Writing com/beigu/yunbeiuc/block/custom/guardrail/RoadClosedBarricadeGuardrail3 with maxs=true frames=true
[Architectury Transformer DEBUG] Writing com/beigu/yunbeiuc/block/custom/guardrail/RoadClosedBarricadeGuardrail4$1 with maxs=true frames=true
[Architectury Transformer DEBUG] Writing com/beigu/yunbeiuc/block/custom/guardrail/RoadClosedBarricadeGuardrail4 with maxs=true frames=true
[Architectury Transformer DEBUG] Writing com/beigu/yunbeiuc/block/custom/instrument/InstrumentCamera$1 with maxs=true frames=true
[Architectury Transformer DEBUG] Writing com/beigu/yunbeiuc/block/custom/instrument/InstrumentCamera$DirectionType with maxs=true frames=true
[Architectury Transformer DEBUG] Writing com/beigu/yunbeiuc/block/custom/instrument/InstrumentCamera with maxs=true frames=true
[Architectury Transformer DEBUG] Writing com/beigu/yunbeiuc/block/custom/instrument/InstrumentFeeDisplay$1 with maxs=true frames=true
[Architectury Transformer DEBUG] Writing com/beigu/yunbeiuc/block/custom/instrument/InstrumentFeeDisplay$DirectionType with maxs=true frames=true
[Architectury Transformer DEBUG] Writing com/beigu/yunbeiuc/block/custom/instrument/InstrumentFeeDisplay with maxs=true frames=true
[Architectury Transformer DEBUG] Writing com/beigu/yunbeiuc/block/custom/instrument/InstrumentLaneIndicator$1 with maxs=true frames=true
[Architectury Transformer DEBUG] Writing com/beigu/yunbeiuc/block/custom/instrument/InstrumentLaneIndicator$TFType with maxs=true frames=true
[Architectury Transformer DEBUG] Writing com/beigu/yunbeiuc/block/custom/instrument/InstrumentLaneIndicator with maxs=true frames=true
[Architectury Transformer DEBUG] Writing com/beigu/yunbeiuc/block/custom/instrument/InstrumentPoleFoundations with maxs=true frames=true
[Architectury Transformer DEBUG] Writing com/beigu/yunbeiuc/block/custom/instrument/InstrumentPolelLongitudinal with maxs=true frames=true
[Architectury Transformer DEBUG] Writing com/beigu/yunbeiuc/block/custom/IronHorse$1 with maxs=true frames=true
[Architectury Transformer DEBUG] Writing com/beigu/yunbeiuc/block/custom/IronHorse with maxs=true frames=true
[Architectury Transformer DEBUG] Writing com/beigu/yunbeiuc/block/custom/island/SafetyIslandBlock$1 with maxs=true frames=true
[Architectury Transformer DEBUG] Writing com/beigu/yunbeiuc/block/custom/island/SafetyIslandBlock with maxs=true frames=true
[Architectury Transformer DEBUG] Writing com/beigu/yunbeiuc/block/custom/island/SafetyIslandEdgeBlock with maxs=true frames=true
[Architectury Transformer DEBUG] Writing com/beigu/yunbeiuc/block/custom/island/SafetyIslandObliqueBlock$1 with maxs=true frames=true
[Architectury Transformer DEBUG] Writing com/beigu/yunbeiuc/block/custom/island/SafetyIslandObliqueBlock with maxs=true frames=true
[Architectury Transformer DEBUG] Writing com/beigu/yunbeiuc/block/custom/lights/TrafficLightsBlock$1 with maxs=true frames=true
[Architectury Transformer DEBUG] Writing com/beigu/yunbeiuc/block/custom/lights/TrafficLightsBlock$LightState with maxs=true frames=true
[Architectury Transformer DEBUG] Writing com/beigu/yunbeiuc/block/custom/lights/TrafficLightsBlock with maxs=true frames=true
[Architectury Transformer DEBUG] Writing com/beigu/yunbeiuc/block/custom/lights/TrafficLightsGroup$1 with maxs=true frames=true
[Architectury Transformer DEBUG] Writing com/beigu/yunbeiuc/block/custom/lights/TrafficLightsGroup$CrossPhase with maxs=true frames=true
[Architectury Transformer DEBUG] Writing com/beigu/yunbeiuc/block/custom/lights/TrafficLightsGroup$LightPhase with maxs=true frames=true
[Architectury Transformer DEBUG] Writing com/beigu/yunbeiuc/block/custom/lights/TrafficLightsGroup$TPhase with maxs=true frames=true
[Architectury Transformer DEBUG] Writing com/beigu/yunbeiuc/block/custom/lights/TrafficLightsGroup with maxs=true frames=true
[Architectury Transformer DEBUG] Writing com/beigu/yunbeiuc/block/custom/lights/TrafficLightsManager with maxs=true frames=true
[Architectury Transformer DEBUG] Writing com/beigu/yunbeiuc/block/custom/lights/TrafficLightsPavement$1 with maxs=true frames=true
[Architectury Transformer DEBUG] Writing com/beigu/yunbeiuc/block/custom/lights/TrafficLightsPavement$LightPavementState with maxs=true frames=true
[Architectury Transformer DEBUG] Writing com/beigu/yunbeiuc/block/custom/lights/TrafficLightsPavement with maxs=true frames=true
[Architectury Transformer DEBUG] Writing com/beigu/yunbeiuc/block/custom/ParkingSpaceBarrier$1 with maxs=true frames=true
[Architectury Transformer DEBUG] Writing com/beigu/yunbeiuc/block/custom/ParkingSpaceBarrier$Type with maxs=true frames=true
[Architectury Transformer DEBUG] Writing com/beigu/yunbeiuc/block/custom/ParkingSpaceBarrier with maxs=true frames=true
[Architectury Transformer DEBUG] Writing com/beigu/yunbeiuc/block/custom/pole/RoadDetectionCamera$1 with maxs=true frames=true
[Architectury Transformer DEBUG] Writing com/beigu/yunbeiuc/block/custom/pole/RoadDetectionCamera with maxs=true frames=true
[Architectury Transformer DEBUG] Writing com/beigu/yunbeiuc/block/custom/pole/RoadLight$1 with maxs=true frames=true
[Architectury Transformer DEBUG] Writing com/beigu/yunbeiuc/block/custom/pole/RoadLight$TFType with maxs=true frames=true
[Architectury Transformer DEBUG] Writing com/beigu/yunbeiuc/block/custom/pole/RoadLight with maxs=true frames=true
[Architectury Transformer DEBUG] Writing com/beigu/yunbeiuc/block/custom/pole/RoadLightHighMast$TFType with maxs=true frames=true
[Architectury Transformer DEBUG] Writing com/beigu/yunbeiuc/block/custom/pole/RoadLightHighMast with maxs=true frames=true
[Architectury Transformer DEBUG] Writing com/beigu/yunbeiuc/block/custom/pole/RoadLightingLamp$1 with maxs=true frames=true
[Architectury Transformer DEBUG] Writing com/beigu/yunbeiuc/block/custom/pole/RoadLightingLamp$LightTFState with maxs=true frames=true
[Architectury Transformer DEBUG] Writing com/beigu/yunbeiuc/block/custom/pole/RoadLightingLamp with maxs=true frames=true
[Architectury Transformer DEBUG] Writing com/beigu/yunbeiuc/block/custom/pole/RoadPoleFlag$1 with maxs=true frames=true
[Architectury Transformer DEBUG] Writing com/beigu/yunbeiuc/block/custom/pole/RoadPoleFlag$PoleType with maxs=true frames=true
[Architectury Transformer DEBUG] Writing com/beigu/yunbeiuc/block/custom/pole/RoadPoleFlag with maxs=true frames=true
[Architectury Transformer DEBUG] Writing com/beigu/yunbeiuc/block/custom/pole/RoadPoleFoundations with maxs=true frames=true
[Architectury Transformer DEBUG] Writing com/beigu/yunbeiuc/block/custom/pole/RoadPoleFoundationsSlab with maxs=true frames=true
[Architectury Transformer DEBUG] Writing com/beigu/yunbeiuc/block/custom/pole/RoadPoleHorizontal$1 with maxs=true frames=true
[Architectury Transformer DEBUG] Writing com/beigu/yunbeiuc/block/custom/pole/RoadPoleHorizontal with maxs=true frames=true
[Architectury Transformer DEBUG] Writing com/beigu/yunbeiuc/block/custom/pole/RoadPoleLightBranch$1 with maxs=true frames=true
[Architectury Transformer DEBUG] Writing com/beigu/yunbeiuc/block/custom/pole/RoadPoleLightBranch with maxs=true frames=true
[Architectury Transformer DEBUG] Writing com/beigu/yunbeiuc/block/custom/pole/RoadPoleLightFoundations with maxs=true frames=true
[Architectury Transformer DEBUG] Writing com/beigu/yunbeiuc/block/custom/pole/RoadPoleLightFoundationsSlab with maxs=true frames=true
[Architectury Transformer DEBUG] Writing com/beigu/yunbeiuc/block/custom/pole/RoadPoleLightLongitudinal with maxs=true frames=true
[Architectury Transformer DEBUG] Writing com/beigu/yunbeiuc/block/custom/pole/RoadPoleLongitudinal with maxs=true frames=true
[Architectury Transformer DEBUG] Writing com/beigu/yunbeiuc/block/custom/pole/RoadPoleTextDisplay$1 with maxs=true frames=true
[Architectury Transformer DEBUG] Writing com/beigu/yunbeiuc/block/custom/pole/RoadPoleTextDisplay with maxs=true frames=true
[Architectury Transformer DEBUG] Writing com/beigu/yunbeiuc/block/custom/pole/RoadRadarSpeedDetector$1 with maxs=true frames=true
[Architectury Transformer DEBUG] Writing com/beigu/yunbeiuc/block/custom/pole/RoadRadarSpeedDetector$LightTFState with maxs=true frames=true
[Architectury Transformer DEBUG] Writing com/beigu/yunbeiuc/block/custom/pole/RoadRadarSpeedDetector with maxs=true frames=true
[Architectury Transformer DEBUG] Writing com/beigu/yunbeiuc/block/custom/pole/RoadSolarPanel$1 with maxs=true frames=true
[Architectury Transformer DEBUG] Writing com/beigu/yunbeiuc/block/custom/pole/RoadSolarPanel with maxs=true frames=true
[Architectury Transformer DEBUG] Writing com/beigu/yunbeiuc/block/custom/railings/RoadRailings$1 with maxs=true frames=true
[Architectury Transformer DEBUG] Writing com/beigu/yunbeiuc/block/custom/railings/RoadRailings with maxs=true frames=true
[Architectury Transformer DEBUG] Writing com/beigu/yunbeiuc/block/custom/railings/RoadRailingsOblique with maxs=true frames=true
[Architectury Transformer DEBUG] Writing com/beigu/yunbeiuc/block/custom/railings/RoadRailingsPole$1 with maxs=true frames=true
[Architectury Transformer DEBUG] Writing com/beigu/yunbeiuc/block/custom/railings/RoadRailingsPole with maxs=true frames=true
[Architectury Transformer DEBUG] Writing com/beigu/yunbeiuc/block/custom/ReflectiveSign$1 with maxs=true frames=true
[Architectury Transformer DEBUG] Writing com/beigu/yunbeiuc/block/custom/ReflectiveSign with maxs=true frames=true
[Architectury Transformer DEBUG] Writing com/beigu/yunbeiuc/block/custom/road/GroundMark1Block$1 with maxs=true frames=true
[Architectury Transformer DEBUG] Writing com/beigu/yunbeiuc/block/custom/road/GroundMark1Block with maxs=true frames=true
[Architectury Transformer DEBUG] Writing com/beigu/yunbeiuc/block/custom/road/GroundMark2Block with maxs=true frames=true
[Architectury Transformer DEBUG] Writing com/beigu/yunbeiuc/block/custom/RoadCollisionBarrel with maxs=true frames=true
[Architectury Transformer DEBUG] Writing com/beigu/yunbeiuc/block/custom/RoadNameSignBlock$1 with maxs=true frames=true
[Architectury Transformer DEBUG] Writing com/beigu/yunbeiuc/block/custom/RoadNameSignBlock$BGType with maxs=true frames=true
[Architectury Transformer DEBUG] Writing com/beigu/yunbeiuc/block/custom/RoadNameSignBlock with maxs=true frames=true
[Architectury Transformer DEBUG] Writing com/beigu/yunbeiuc/block/custom/RoadWarningPole with maxs=true frames=true
[Architectury Transformer DEBUG] Writing com/beigu/yunbeiuc/block/custom/rubbish/RubbishBinGrayGreen$1 with maxs=true frames=true
[Architectury Transformer DEBUG] Writing com/beigu/yunbeiuc/block/custom/rubbish/RubbishBinGrayGreen$NumberState with maxs=true frames=true
[Architectury Transformer DEBUG] Writing com/beigu/yunbeiuc/block/custom/rubbish/RubbishBinGrayGreen with maxs=true frames=true
[Architectury Transformer DEBUG] Writing com/beigu/yunbeiuc/block/custom/rubbish/RubbishBinWhite$1 with maxs=true frames=true
[Architectury Transformer DEBUG] Writing com/beigu/yunbeiuc/block/custom/rubbish/RubbishBinWhite$NumberState with maxs=true frames=true
[Architectury Transformer DEBUG] Writing com/beigu/yunbeiuc/block/custom/rubbish/RubbishBinWhite with maxs=true frames=true
[Architectury Transformer DEBUG] Writing com/beigu/yunbeiuc/block/custom/sign/SignExpresswayEntranceAdvance1$1 with maxs=true frames=true
[Architectury Transformer DEBUG] Writing com/beigu/yunbeiuc/block/custom/sign/SignExpresswayEntranceAdvance1$Type with maxs=true frames=true
[Architectury Transformer DEBUG] Writing com/beigu/yunbeiuc/block/custom/sign/SignExpresswayEntranceAdvance1 with maxs=true frames=true
[Architectury Transformer DEBUG] Writing com/beigu/yunbeiuc/block/custom/sign/SignExpresswayEntranceAdvance10$1 with maxs=true frames=true
[Architectury Transformer DEBUG] Writing com/beigu/yunbeiuc/block/custom/sign/SignExpresswayEntranceAdvance10$Type with maxs=true frames=true
[Architectury Transformer DEBUG] Writing com/beigu/yunbeiuc/block/custom/sign/SignExpresswayEntranceAdvance10 with maxs=true frames=true
[Architectury Transformer DEBUG] Writing com/beigu/yunbeiuc/block/custom/sign/SignExpresswayEntranceAdvance13$1 with maxs=true frames=true
[Architectury Transformer DEBUG] Writing com/beigu/yunbeiuc/block/custom/sign/SignExpresswayEntranceAdvance13$Type with maxs=true frames=true
[Architectury Transformer DEBUG] Writing com/beigu/yunbeiuc/block/custom/sign/SignExpresswayEntranceAdvance13 with maxs=true frames=true
[Architectury Transformer DEBUG] Writing com/beigu/yunbeiuc/block/custom/sign/SignExpresswayEntranceAdvance4$1 with maxs=true frames=true
[Architectury Transformer DEBUG] Writing com/beigu/yunbeiuc/block/custom/sign/SignExpresswayEntranceAdvance4$Type with maxs=true frames=true
[Architectury Transformer DEBUG] Writing com/beigu/yunbeiuc/block/custom/sign/SignExpresswayEntranceAdvance4 with maxs=true frames=true
[Architectury Transformer DEBUG] Writing com/beigu/yunbeiuc/block/custom/sign/SignExpresswayEntranceAdvance7$1 with maxs=true frames=true
[Architectury Transformer DEBUG] Writing com/beigu/yunbeiuc/block/custom/sign/SignExpresswayEntranceAdvance7$Type with maxs=true frames=true
[Architectury Transformer DEBUG] Writing com/beigu/yunbeiuc/block/custom/sign/SignExpresswayEntranceAdvance7 with maxs=true frames=true
[Architectury Transformer DEBUG] Writing com/beigu/yunbeiuc/block/custom/sign/SignExpresswayExit8$1 with maxs=true frames=true
[Architectury Transformer DEBUG] Writing com/beigu/yunbeiuc/block/custom/sign/SignExpresswayExit8$Type with maxs=true frames=true
[Architectury Transformer DEBUG] Writing com/beigu/yunbeiuc/block/custom/sign/SignExpresswayExit8 with maxs=true frames=true
[Architectury Transformer DEBUG] Writing com/beigu/yunbeiuc/block/custom/sign/SignGuideConfirmation1$1 with maxs=true frames=true
[Architectury Transformer DEBUG] Writing com/beigu/yunbeiuc/block/custom/sign/SignGuideConfirmation1$Type with maxs=true frames=true
[Architectury Transformer DEBUG] Writing com/beigu/yunbeiuc/block/custom/sign/SignGuideConfirmation1 with maxs=true frames=true
[Architectury Transformer DEBUG] Writing com/beigu/yunbeiuc/block/custom/sign/SignGuideIntersectionAdvanceWarning1$1 with maxs=true frames=true
[Architectury Transformer DEBUG] Writing com/beigu/yunbeiuc/block/custom/sign/SignGuideIntersectionAdvanceWarning1$Type with maxs=true frames=true
[Architectury Transformer DEBUG] Writing com/beigu/yunbeiuc/block/custom/sign/SignGuideIntersectionAdvanceWarning1 with maxs=true frames=true
[Architectury Transformer DEBUG] Writing com/beigu/yunbeiuc/block/custom/sign/SignGuideIntersectionAdvanceWarning1Wuhan$1 with maxs=true frames=true
[Architectury Transformer DEBUG] Writing com/beigu/yunbeiuc/block/custom/sign/SignGuideIntersectionAdvanceWarning1Wuhan$Type with maxs=true frames=true
[Architectury Transformer DEBUG] Writing com/beigu/yunbeiuc/block/custom/sign/SignGuideIntersectionAdvanceWarning1Wuhan with maxs=true frames=true
[Architectury Transformer DEBUG] Writing com/beigu/yunbeiuc/block/custom/sign/SignGuideIntersectionAdvanceWarning3$1 with maxs=true frames=true
[Architectury Transformer DEBUG] Writing com/beigu/yunbeiuc/block/custom/sign/SignGuideIntersectionAdvanceWarning3$Type with maxs=true frames=true
[Architectury Transformer DEBUG] Writing com/beigu/yunbeiuc/block/custom/sign/SignGuideIntersectionAdvanceWarning3 with maxs=true frames=true
[Architectury Transformer DEBUG] Writing com/beigu/yunbeiuc/block/custom/sign/SignGuideIntersectionAdvanceWarning5$1 with maxs=true frames=true
[Architectury Transformer DEBUG] Writing com/beigu/yunbeiuc/block/custom/sign/SignGuideIntersectionAdvanceWarning5$Type with maxs=true frames=true
[Architectury Transformer DEBUG] Writing com/beigu/yunbeiuc/block/custom/sign/SignGuideIntersectionAdvanceWarning5 with maxs=true frames=true
[Architectury Transformer DEBUG] Writing com/beigu/yunbeiuc/block/custom/sign/SignGuideIntersectionAdvanceWarning6$1 with maxs=true frames=true
[Architectury Transformer DEBUG] Writing com/beigu/yunbeiuc/block/custom/sign/SignGuideIntersectionAdvanceWarning6$Type with maxs=true frames=true
[Architectury Transformer DEBUG] Writing com/beigu/yunbeiuc/block/custom/sign/SignGuideIntersectionAdvanceWarning6 with maxs=true frames=true
[Architectury Transformer DEBUG] Writing com/beigu/yunbeiuc/block/custom/sign/SignGuideIntersectionAdvanceWarning7$1 with maxs=true frames=true
[Architectury Transformer DEBUG] Writing com/beigu/yunbeiuc/block/custom/sign/SignGuideIntersectionAdvanceWarning7$Type with maxs=true frames=true
[Architectury Transformer DEBUG] Writing com/beigu/yunbeiuc/block/custom/sign/SignGuideIntersectionAdvanceWarning7 with maxs=true frames=true
[Architectury Transformer DEBUG] Writing com/beigu/yunbeiuc/block/custom/sign/SignGuideIntersectionWarning1$1 with maxs=true frames=true
[Architectury Transformer DEBUG] Writing com/beigu/yunbeiuc/block/custom/sign/SignGuideIntersectionWarning1$Type with maxs=true frames=true
[Architectury Transformer DEBUG] Writing com/beigu/yunbeiuc/block/custom/sign/SignGuideIntersectionWarning1 with maxs=true frames=true
[Architectury Transformer DEBUG] Writing com/beigu/yunbeiuc/block/custom/sign/SignGuideIntersectionWarning4$1 with maxs=true frames=true
[Architectury Transformer DEBUG] Writing com/beigu/yunbeiuc/block/custom/sign/SignGuideIntersectionWarning4$Type with maxs=true frames=true
[Architectury Transformer DEBUG] Writing com/beigu/yunbeiuc/block/custom/sign/SignGuideIntersectionWarning4 with maxs=true frames=true
[Architectury Transformer DEBUG] Writing com/beigu/yunbeiuc/block/custom/sign/SignGuideLaneIndicator1$1 with maxs=true frames=true
[Architectury Transformer DEBUG] Writing com/beigu/yunbeiuc/block/custom/sign/SignGuideLaneIndicator1$Type with maxs=true frames=true
[Architectury Transformer DEBUG] Writing com/beigu/yunbeiuc/block/custom/sign/SignGuideLaneIndicator1 with maxs=true frames=true
[Architectury Transformer DEBUG] Writing com/beigu/yunbeiuc/block/custom/sign/SignGuideRoadsideFacilityOverloadCheckpoint1$1 with maxs=true frames=true
[Architectury Transformer DEBUG] Writing com/beigu/yunbeiuc/block/custom/sign/SignGuideRoadsideFacilityOverloadCheckpoint1$Type with maxs=true frames=true
[Architectury Transformer DEBUG] Writing com/beigu/yunbeiuc/block/custom/sign/SignGuideRoadsideFacilityOverloadCheckpoint1 with maxs=true frames=true
[Architectury Transformer DEBUG] Writing com/beigu/yunbeiuc/block/custom/sign/SignSimpleBlock$1 with maxs=true frames=true
[Architectury Transformer DEBUG] Writing com/beigu/yunbeiuc/block/custom/sign/SignSimpleBlock$Type with maxs=true frames=true
[Architectury Transformer DEBUG] Writing com/beigu/yunbeiuc/block/custom/sign/SignSimpleBlock with maxs=true frames=true
[Architectury Transformer DEBUG] Writing com/beigu/yunbeiuc/block/custom/sign/ZonesBoard1$1 with maxs=true frames=true
[Architectury Transformer DEBUG] Writing com/beigu/yunbeiuc/block/custom/sign/ZonesBoard1$Type with maxs=true frames=true
[Architectury Transformer DEBUG] Writing com/beigu/yunbeiuc/block/custom/sign/ZonesBoard1 with maxs=true frames=true
[Architectury Transformer DEBUG] Writing com/beigu/yunbeiuc/block/custom/sign/ZonesBoardImage$1 with maxs=true frames=true
[Architectury Transformer DEBUG] Writing com/beigu/yunbeiuc/block/custom/sign/ZonesBoardImage$Type with maxs=true frames=true
[Architectury Transformer DEBUG] Writing com/beigu/yunbeiuc/block/custom/sign/ZonesBoardImage with maxs=true frames=true
[Architectury Transformer DEBUG] Writing com/beigu/yunbeiuc/block/custom/sign/ZonesBoardOverWeight$1 with maxs=true frames=true
[Architectury Transformer DEBUG] Writing com/beigu/yunbeiuc/block/custom/sign/ZonesBoardOverWeight$Type with maxs=true frames=true
[Architectury Transformer DEBUG] Writing com/beigu/yunbeiuc/block/custom/sign/ZonesBoardOverWeight with maxs=true frames=true
[Architectury Transformer DEBUG] Writing com/beigu/yunbeiuc/block/custom/sign/ZonesBoardTimeRange1$1 with maxs=true frames=true
[Architectury Transformer DEBUG] Writing com/beigu/yunbeiuc/block/custom/sign/ZonesBoardTimeRange1$Type with maxs=true frames=true
[Architectury Transformer DEBUG] Writing com/beigu/yunbeiuc/block/custom/sign/ZonesBoardTimeRange1 with maxs=true frames=true
[Architectury Transformer DEBUG] Writing com/beigu/yunbeiuc/block/custom/sign/ZonesBoardTimeRange2$1 with maxs=true frames=true
[Architectury Transformer DEBUG] Writing com/beigu/yunbeiuc/block/custom/sign/ZonesBoardTimeRange2$Type with maxs=true frames=true
[Architectury Transformer DEBUG] Writing com/beigu/yunbeiuc/block/custom/sign/ZonesBoardTimeRange2 with maxs=true frames=true
[Architectury Transformer DEBUG] Writing com/beigu/yunbeiuc/block/custom/sound/SoundBarrier1$1 with maxs=true frames=true
[Architectury Transformer DEBUG] Writing com/beigu/yunbeiuc/block/custom/sound/SoundBarrier1 with maxs=true frames=true
[Architectury Transformer DEBUG] Writing com/beigu/yunbeiuc/block/custom/sound/SoundBarrier2$1 with maxs=true frames=true
[Architectury Transformer DEBUG] Writing com/beigu/yunbeiuc/block/custom/sound/SoundBarrier2 with maxs=true frames=true
[Architectury Transformer DEBUG] Writing com/beigu/yunbeiuc/block/custom/SpeedBump$1 with maxs=true frames=true
[Architectury Transformer DEBUG] Writing com/beigu/yunbeiuc/block/custom/SpeedBump$Type with maxs=true frames=true
[Architectury Transformer DEBUG] Writing com/beigu/yunbeiuc/block/custom/SpeedBump with maxs=true frames=true
[Architectury Transformer DEBUG] Writing com/beigu/yunbeiuc/block/custom/TrafficCone with maxs=true frames=true
[Architectury Transformer DEBUG] Writing com/beigu/yunbeiuc/block/custom/VibrationMarkingLine$1 with maxs=true frames=true
[Architectury Transformer DEBUG] Writing com/beigu/yunbeiuc/block/custom/VibrationMarkingLine with maxs=true frames=true
[Architectury Transformer DEBUG] Writing com/beigu/yunbeiuc/block/custom/waring/WarningNetwork$1 with maxs=true frames=true
[Architectury Transformer DEBUG] Writing com/beigu/yunbeiuc/block/custom/waring/WarningNetwork with maxs=true frames=true
[Architectury Transformer DEBUG] Writing com/beigu/yunbeiuc/block/custom/waring/WarningNetworkPole$1 with maxs=true frames=true
[Architectury Transformer DEBUG] Writing com/beigu/yunbeiuc/block/custom/waring/WarningNetworkPole$AntiGlareNetPoleType with maxs=true frames=true
[Architectury Transformer DEBUG] Writing com/beigu/yunbeiuc/block/custom/waring/WarningNetworkPole with maxs=true frames=true
[Architectury Transformer DEBUG] Writing com/beigu/yunbeiuc/block/custom/WaterSafetyBarrier$1 with maxs=true frames=true
[Architectury Transformer DEBUG] Writing com/beigu/yunbeiuc/block/custom/WaterSafetyBarrier with maxs=true frames=true
[Architectury Transformer DEBUG] Writing com/beigu/yunbeiuc/block/MunicipalBlocks with maxs=true frames=true
[Architectury Transformer DEBUG] Writing com/beigu/yunbeiuc/block/RoadBlocks with maxs=true frames=true
[Architectury Transformer DEBUG] Writing com/beigu/yunbeiuc/block/SignBlocks with maxs=true frames=true
[Architectury Transformer DEBUG] Writing com/beigu/yunbeiuc/entity/FlagBlockEntity with maxs=true frames=true
[Architectury Transformer DEBUG] Writing com/beigu/yunbeiuc/entity/ModBlockEntities with maxs=true frames=true
[Architectury Transformer DEBUG] Writing com/beigu/yunbeiuc/entity/RoadNameSignBlockEntity with maxs=true frames=true
[Architectury Transformer DEBUG] Writing com/beigu/yunbeiuc/entity/RoadPoleTextDisplayEntity with maxs=true frames=true
[Architectury Transformer DEBUG] Writing com/beigu/yunbeiuc/entity/SignExpresswayEntranceAdvance10Entity$Expressway with maxs=true frames=true
[Architectury Transformer DEBUG] Writing com/beigu/yunbeiuc/entity/SignExpresswayEntranceAdvance10Entity with maxs=true frames=true
[Architectury Transformer DEBUG] Writing com/beigu/yunbeiuc/entity/SignExpresswayEntranceAdvance13Entity$Expressway with maxs=true frames=true
[Architectury Transformer DEBUG] Writing com/beigu/yunbeiuc/entity/SignExpresswayEntranceAdvance13Entity with maxs=true frames=true
[Architectury Transformer DEBUG] Writing com/beigu/yunbeiuc/entity/SignExpresswayEntranceAdvance1Entity$Expressway with maxs=true frames=true
[Architectury Transformer DEBUG] Writing com/beigu/yunbeiuc/entity/SignExpresswayEntranceAdvance1Entity with maxs=true frames=true
[Architectury Transformer DEBUG] Writing com/beigu/yunbeiuc/entity/SignExpresswayEntranceAdvance4Entity$Direction with maxs=true frames=true
[Architectury Transformer DEBUG] Writing com/beigu/yunbeiuc/entity/SignExpresswayEntranceAdvance4Entity$Expressway with maxs=true frames=true
[Architectury Transformer DEBUG] Writing com/beigu/yunbeiuc/entity/SignExpresswayEntranceAdvance4Entity with maxs=true frames=true
[Architectury Transformer DEBUG] Writing com/beigu/yunbeiuc/entity/SignExpresswayEntranceAdvance7Entity with maxs=true frames=true
[Architectury Transformer DEBUG] Writing com/beigu/yunbeiuc/entity/SignExpresswayExit8Entity$Direction with maxs=true frames=true
[Architectury Transformer DEBUG] Writing com/beigu/yunbeiuc/entity/SignExpresswayExit8Entity$Expressway with maxs=true frames=true
[Architectury Transformer DEBUG] Writing com/beigu/yunbeiuc/entity/SignExpresswayExit8Entity with maxs=true frames=true
[Architectury Transformer DEBUG] Writing com/beigu/yunbeiuc/entity/SignGuideConfirmation1Entity$Unit with maxs=true frames=true
[Architectury Transformer DEBUG] Writing com/beigu/yunbeiuc/entity/SignGuideConfirmation1Entity with maxs=true frames=true
[Architectury Transformer DEBUG] Writing com/beigu/yunbeiuc/entity/SignGuideIntersectionAdvanceWarning1Entity with maxs=true frames=true
[Architectury Transformer DEBUG] Writing com/beigu/yunbeiuc/entity/SignGuideIntersectionAdvanceWarning1WuhanEntity with maxs=true frames=true
[Architectury Transformer DEBUG] Writing com/beigu/yunbeiuc/entity/SignGuideIntersectionAdvanceWarning3Entity with maxs=true frames=true
[Architectury Transformer DEBUG] Writing com/beigu/yunbeiuc/entity/SignGuideIntersectionAdvanceWarning5Entity with maxs=true frames=true
[Architectury Transformer DEBUG] Writing com/beigu/yunbeiuc/entity/SignGuideIntersectionAdvanceWarning6Entity$Direction with maxs=true frames=true
[Architectury Transformer DEBUG] Writing com/beigu/yunbeiuc/entity/SignGuideIntersectionAdvanceWarning6Entity with maxs=true frames=true
[Architectury Transformer DEBUG] Writing com/beigu/yunbeiuc/entity/SignGuideIntersectionAdvanceWarning7Entity$Direction with maxs=true frames=true
[Architectury Transformer DEBUG] Writing com/beigu/yunbeiuc/entity/SignGuideIntersectionAdvanceWarning7Entity with maxs=true frames=true
[Architectury Transformer DEBUG] Writing com/beigu/yunbeiuc/entity/SignGuideIntersectionWarning1Entity with maxs=true frames=true
[Architectury Transformer DEBUG] Writing com/beigu/yunbeiuc/entity/SignGuideIntersectionWarning4Entity$Direction with maxs=true frames=true
[Architectury Transformer DEBUG] Writing com/beigu/yunbeiuc/entity/SignGuideIntersectionWarning4Entity with maxs=true frames=true
[Architectury Transformer DEBUG] Writing com/beigu/yunbeiuc/entity/SignGuideLaneIndicator1Entity$Direction with maxs=true frames=true
[Architectury Transformer DEBUG] Writing com/beigu/yunbeiuc/entity/SignGuideLaneIndicator1Entity with maxs=true frames=true
[Architectury Transformer DEBUG] Writing com/beigu/yunbeiuc/entity/SignGuideRoadsideFacilityOverloadCheckpoint1Entity$Unit with maxs=true frames=true
[Architectury Transformer DEBUG] Writing com/beigu/yunbeiuc/entity/SignGuideRoadsideFacilityOverloadCheckpoint1Entity with maxs=true frames=true
[Architectury Transformer DEBUG] Writing com/beigu/yunbeiuc/entity/ZonesBoard1Entity with maxs=true frames=true
[Architectury Transformer DEBUG] Writing com/beigu/yunbeiuc/entity/ZonesBoardImageEntity$BoardImage with maxs=true frames=true
[Architectury Transformer DEBUG] Writing com/beigu/yunbeiuc/entity/ZonesBoardImageEntity with maxs=true frames=true
[Architectury Transformer DEBUG] Writing com/beigu/yunbeiuc/entity/ZonesBoardOverWeightEntity with maxs=true frames=true
[Architectury Transformer DEBUG] Writing com/beigu/yunbeiuc/entity/ZonesBoardTimeRange1Entity with maxs=true frames=true
[Architectury Transformer DEBUG] Writing com/beigu/yunbeiuc/entity/ZonesBoardTimeRange2Entity with maxs=true frames=true
[Architectury Transformer DEBUG] Writing com/beigu/yunbeiuc/item/custom/LinkWand with maxs=true frames=true
[Architectury Transformer DEBUG] Writing com/beigu/yunbeiuc/item/custom/RotatedWand$1 with maxs=true frames=true
[Architectury Transformer DEBUG] Writing com/beigu/yunbeiuc/item/custom/RotatedWand with maxs=true frames=true
[Architectury Transformer DEBUG] Writing com/beigu/yunbeiuc/item/custom/TreeWand with maxs=true frames=true
[Architectury Transformer DEBUG] Writing com/beigu/yunbeiuc/item/custom/WaterWand with maxs=true frames=true
[Architectury Transformer DEBUG] Writing com/beigu/yunbeiuc/item/ModItemGroups with maxs=true frames=true
[Architectury Transformer DEBUG] Writing com/beigu/yunbeiuc/item/ModItems with maxs=true frames=true
[Architectury Transformer DEBUG] Writing com/beigu/yunbeiuc/network/ChatCommandHandler with maxs=true frames=true
[Architectury Transformer DEBUG] Writing com/beigu/yunbeiuc/network/FlagUpdatePacket with maxs=true frames=true
[Architectury Transformer DEBUG] Writing com/beigu/yunbeiuc/network/ModEvents with maxs=true frames=true
[Architectury Transformer DEBUG] Writing com/beigu/yunbeiuc/network/ModMessages with maxs=true frames=true
[Architectury Transformer DEBUG] Writing com/beigu/yunbeiuc/network/RoadNameSignBlockUpdatePacket with maxs=true frames=true
[Architectury Transformer DEBUG] Writing com/beigu/yunbeiuc/network/RoadPoleTextDisplayUpdatePacket with maxs=true frames=true
[Architectury Transformer DEBUG] Writing com/beigu/yunbeiuc/network/SignExpresswayEntranceAdvance10UpdatePacket with maxs=true frames=true
[Architectury Transformer DEBUG] Writing com/beigu/yunbeiuc/network/SignExpresswayEntranceAdvance13UpdatePacket with maxs=true frames=true
[Architectury Transformer DEBUG] Writing com/beigu/yunbeiuc/network/SignExpresswayEntranceAdvance1UpdatePacket with maxs=true frames=true
[Architectury Transformer DEBUG] Writing com/beigu/yunbeiuc/network/SignExpresswayEntranceAdvance4UpdatePacket with maxs=true frames=true
[Architectury Transformer DEBUG] Writing com/beigu/yunbeiuc/network/SignExpresswayEntranceAdvance7UpdatePacket with maxs=true frames=true
[Architectury Transformer DEBUG] Writing com/beigu/yunbeiuc/network/SignExpresswayExit8UpdatePacket with maxs=true frames=true
[Architectury Transformer DEBUG] Writing com/beigu/yunbeiuc/network/SignGuideConfirmation1UpdatePacket with maxs=true frames=true
[Architectury Transformer DEBUG] Writing com/beigu/yunbeiuc/network/SignGuideIntersectionAdvanceWarning1UpdatePacket with maxs=true frames=true
[Architectury Transformer DEBUG] Writing com/beigu/yunbeiuc/network/SignGuideIntersectionAdvanceWarning1WuhanUpdatePacket with maxs=true frames=true
[Architectury Transformer DEBUG] Writing com/beigu/yunbeiuc/network/SignGuideIntersectionAdvanceWarning3UpdatePacket with maxs=true frames=true
[Architectury Transformer DEBUG] Writing com/beigu/yunbeiuc/network/SignGuideIntersectionAdvanceWarning5UpdatePacket with maxs=true frames=true
[Architectury Transformer DEBUG] Writing com/beigu/yunbeiuc/network/SignGuideIntersectionAdvanceWarning6UpdatePacket with maxs=true frames=true
[Architectury Transformer DEBUG] Writing com/beigu/yunbeiuc/network/SignGuideIntersectionAdvanceWarning7UpdatePacket with maxs=true frames=true
[Architectury Transformer DEBUG] Writing com/beigu/yunbeiuc/network/SignGuideIntersectionWarning1UpdatePacket with maxs=true frames=true
[Architectury Transformer DEBUG] Writing com/beigu/yunbeiuc/network/SignGuideIntersectionWarning4UpdatePacket with maxs=true frames=true
[Architectury Transformer DEBUG] Writing com/beigu/yunbeiuc/network/SignGuideLaneIndicator1UpdatePacket with maxs=true frames=true
[Architectury Transformer DEBUG] Writing com/beigu/yunbeiuc/network/SignGuideRoadsideFacilityOverloadCheckpoint1UpdatePacket with maxs=true frames=true
[Architectury Transformer DEBUG] Writing com/beigu/yunbeiuc/network/ZonesBoard1UpdatePacket with maxs=true frames=true
[Architectury Transformer DEBUG] Writing com/beigu/yunbeiuc/network/ZonesBoardImageUpdatePacket with maxs=true frames=true
[Architectury Transformer DEBUG] Writing com/beigu/yunbeiuc/network/ZonesBoardOverWeightUpdatePacket with maxs=true frames=true
[Architectury Transformer DEBUG] Writing com/beigu/yunbeiuc/network/ZonesBoardTimeRange1UpdatePacket with maxs=true frames=true
[Architectury Transformer DEBUG] Writing com/beigu/yunbeiuc/network/ZonesBoardTimeRange2UpdatePacket with maxs=true frames=true
[Architectury Transformer DEBUG] Writing com/beigu/yunbeiuc/render/FlagBlockEntityRenderer$1 with maxs=true frames=true
[Architectury Transformer DEBUG] Writing com/beigu/yunbeiuc/render/FlagBlockEntityRenderer with maxs=true frames=true
[Architectury Transformer DEBUG] Writing com/beigu/yunbeiuc/render/fonts/CustomFontManager$FontTexture with maxs=true frames=true
[Architectury Transformer DEBUG] Writing com/beigu/yunbeiuc/render/fonts/CustomFontManager with maxs=true frames=true
[Architectury Transformer DEBUG] Writing com/beigu/yunbeiuc/render/fonts/CustomFontRenderer$CharInfo with maxs=true frames=true
[Architectury Transformer DEBUG] Writing com/beigu/yunbeiuc/render/fonts/CustomFontRenderer with maxs=true frames=true
[Architectury Transformer DEBUG] Writing com/beigu/yunbeiuc/render/json/CustomFlag with maxs=true frames=true
[Architectury Transformer DEBUG] Writing com/beigu/yunbeiuc/render/json/FlagLoader with maxs=true frames=true
[Architectury Transformer DEBUG] Writing com/beigu/yunbeiuc/render/RoadNameSignBlockEntityRenderer with maxs=true frames=true
[Architectury Transformer DEBUG] Writing com/beigu/yunbeiuc/render/RoadPoleTextDisplayBlockEntityRenderer with maxs=true frames=true
[Architectury Transformer DEBUG] Writing com/beigu/yunbeiuc/render/SignExpresswayEntranceAdvance10EntityRenderer$1 with maxs=true frames=true
[Architectury Transformer DEBUG] Writing com/beigu/yunbeiuc/render/SignExpresswayEntranceAdvance10EntityRenderer with maxs=true frames=true
[Architectury Transformer DEBUG] Writing com/beigu/yunbeiuc/render/SignExpresswayEntranceAdvance13EntityRenderer$1 with maxs=true frames=true
[Architectury Transformer DEBUG] Writing com/beigu/yunbeiuc/render/SignExpresswayEntranceAdvance13EntityRenderer with maxs=true frames=true
[Architectury Transformer DEBUG] Writing com/beigu/yunbeiuc/render/SignExpresswayEntranceAdvance1EntityRenderer$1 with maxs=true frames=true
[Architectury Transformer DEBUG] Writing com/beigu/yunbeiuc/render/SignExpresswayEntranceAdvance1EntityRenderer with maxs=true frames=true
[Architectury Transformer DEBUG] Writing com/beigu/yunbeiuc/render/SignExpresswayEntranceAdvance4EntityRenderer$1 with maxs=true frames=true
[Architectury Transformer DEBUG] Writing com/beigu/yunbeiuc/render/SignExpresswayEntranceAdvance4EntityRenderer with maxs=true frames=true
[Architectury Transformer DEBUG] Writing com/beigu/yunbeiuc/render/SignExpresswayEntranceAdvance7EntityRenderer$1 with maxs=true frames=true
[Architectury Transformer DEBUG] Writing com/beigu/yunbeiuc/render/SignExpresswayEntranceAdvance7EntityRenderer with maxs=true frames=true
[Architectury Transformer DEBUG] Writing com/beigu/yunbeiuc/render/SignExpresswayExit8EntityRenderer$1 with maxs=true frames=true
[Architectury Transformer DEBUG] Writing com/beigu/yunbeiuc/render/SignExpresswayExit8EntityRenderer with maxs=true frames=true
[Architectury Transformer DEBUG] Writing com/beigu/yunbeiuc/render/SignGuideConfirmation1EntityRenderer$1 with maxs=true frames=true
[Architectury Transformer DEBUG] Writing com/beigu/yunbeiuc/render/SignGuideConfirmation1EntityRenderer with maxs=true frames=true
[Architectury Transformer DEBUG] Writing com/beigu/yunbeiuc/render/SignGuideIntersectionAdvanceWarning1EntityRenderer$1 with maxs=true frames=true
[Architectury Transformer DEBUG] Writing com/beigu/yunbeiuc/render/SignGuideIntersectionAdvanceWarning1EntityRenderer with maxs=true frames=true
[Architectury Transformer DEBUG] Writing com/beigu/yunbeiuc/render/SignGuideIntersectionAdvanceWarning1WuhanEntityRenderer$1 with maxs=true frames=true
[Architectury Transformer DEBUG] Writing com/beigu/yunbeiuc/render/SignGuideIntersectionAdvanceWarning1WuhanEntityRenderer with maxs=true frames=true
[Architectury Transformer DEBUG] Writing com/beigu/yunbeiuc/render/SignGuideIntersectionAdvanceWarning3EntityRenderer$1 with maxs=true frames=true
[Architectury Transformer DEBUG] Writing com/beigu/yunbeiuc/render/SignGuideIntersectionAdvanceWarning3EntityRenderer with maxs=true frames=true
[Architectury Transformer DEBUG] Writing com/beigu/yunbeiuc/render/SignGuideIntersectionAdvanceWarning5EntityRenderer$1 with maxs=true frames=true
[Architectury Transformer DEBUG] Writing com/beigu/yunbeiuc/render/SignGuideIntersectionAdvanceWarning5EntityRenderer with maxs=true frames=true
[Architectury Transformer DEBUG] Writing com/beigu/yunbeiuc/render/SignGuideIntersectionAdvanceWarning6EntityRenderer$1 with maxs=true frames=true
[Architectury Transformer DEBUG] Writing com/beigu/yunbeiuc/render/SignGuideIntersectionAdvanceWarning6EntityRenderer with maxs=true frames=true
[Architectury Transformer DEBUG] Writing com/beigu/yunbeiuc/render/SignGuideIntersectionAdvanceWarning7EntityRenderer$1 with maxs=true frames=true
[Architectury Transformer DEBUG] Writing com/beigu/yunbeiuc/render/SignGuideIntersectionAdvanceWarning7EntityRenderer with maxs=true frames=true
[Architectury Transformer DEBUG] Writing com/beigu/yunbeiuc/render/SignGuideIntersectionWarning1EntityRenderer$1 with maxs=true frames=true
[Architectury Transformer DEBUG] Writing com/beigu/yunbeiuc/render/SignGuideIntersectionWarning1EntityRenderer with maxs=true frames=true
[Architectury Transformer DEBUG] Writing com/beigu/yunbeiuc/render/SignGuideIntersectionWarning4EntityRenderer$1 with maxs=true frames=true
[Architectury Transformer DEBUG] Writing com/beigu/yunbeiuc/render/SignGuideIntersectionWarning4EntityRenderer with maxs=true frames=true
[Architectury Transformer DEBUG] Writing com/beigu/yunbeiuc/render/SignGuideLaneIndicator1EntityRenderer$1 with maxs=true frames=true
[Architectury Transformer DEBUG] Writing com/beigu/yunbeiuc/render/SignGuideLaneIndicator1EntityRenderer with maxs=true frames=true
[Architectury Transformer DEBUG] Writing com/beigu/yunbeiuc/render/SignGuideRoadsideFacilityOverloadCheckpoint1EntityRenderer$1 with maxs=true frames=true
[Architectury Transformer DEBUG] Writing com/beigu/yunbeiuc/render/SignGuideRoadsideFacilityOverloadCheckpoint1EntityRenderer with maxs=true frames=true
[Architectury Transformer DEBUG] Writing com/beigu/yunbeiuc/render/ZonesBoard1EntityRenderer$1 with maxs=true frames=true
[Architectury Transformer DEBUG] Writing com/beigu/yunbeiuc/render/ZonesBoard1EntityRenderer with maxs=true frames=true
[Architectury Transformer DEBUG] Writing com/beigu/yunbeiuc/render/ZonesBoardImageEntityRenderer$1 with maxs=true frames=true
[Architectury Transformer DEBUG] Writing com/beigu/yunbeiuc/render/ZonesBoardImageEntityRenderer with maxs=true frames=true
[Architectury Transformer DEBUG] Writing com/beigu/yunbeiuc/render/ZonesBoardOverWeightEntityRenderer$1 with maxs=true frames=true
[Architectury Transformer DEBUG] Writing com/beigu/yunbeiuc/render/ZonesBoardOverWeightEntityRenderer with maxs=true frames=true
[Architectury Transformer DEBUG] Writing com/beigu/yunbeiuc/render/ZonesBoardTimeRange1EntityRenderer$1 with maxs=true frames=true
[Architectury Transformer DEBUG] Writing com/beigu/yunbeiuc/render/ZonesBoardTimeRange1EntityRenderer with maxs=true frames=true
[Architectury Transformer DEBUG] Writing com/beigu/yunbeiuc/render/ZonesBoardTimeRange2EntityRenderer$1 with maxs=true frames=true
[Architectury Transformer DEBUG] Writing com/beigu/yunbeiuc/render/ZonesBoardTimeRange2EntityRenderer with maxs=true frames=true
[Architectury Transformer DEBUG] Writing com/beigu/yunbeiuc/screen/FlagSelectionScreen$FlagListWidget$Entry with maxs=true frames=true
[Architectury Transformer DEBUG] Writing com/beigu/yunbeiuc/screen/FlagSelectionScreen$FlagListWidget with maxs=true frames=true
[Architectury Transformer DEBUG] Writing com/beigu/yunbeiuc/screen/FlagSelectionScreen$FlagOption with maxs=true frames=true
[Architectury Transformer DEBUG] Writing com/beigu/yunbeiuc/screen/FlagSelectionScreen with maxs=true frames=true
[Architectury Transformer DEBUG] Writing com/beigu/yunbeiuc/screen/RoadNameSignScreen with maxs=true frames=true
[Architectury Transformer DEBUG] Writing com/beigu/yunbeiuc/screen/RoadPoleTextDisplayScreen with maxs=true frames=true
[Architectury Transformer DEBUG] Writing com/beigu/yunbeiuc/screen/SignExpresswayEntranceAdvance10Screen$ExpresswayConsumer with maxs=true frames=true
[Architectury Transformer DEBUG] Writing com/beigu/yunbeiuc/screen/SignExpresswayEntranceAdvance10Screen with maxs=true frames=true
[Architectury Transformer DEBUG] Writing com/beigu/yunbeiuc/screen/SignExpresswayEntranceAdvance13Screen$ExpresswayConsumer with maxs=true frames=true
[Architectury Transformer DEBUG] Writing com/beigu/yunbeiuc/screen/SignExpresswayEntranceAdvance13Screen with maxs=true frames=true
[Architectury Transformer DEBUG] Writing com/beigu/yunbeiuc/screen/SignExpresswayEntranceAdvance1Screen$ExpresswayConsumer with maxs=true frames=true
[Architectury Transformer DEBUG] Writing com/beigu/yunbeiuc/screen/SignExpresswayEntranceAdvance1Screen with maxs=true frames=true
[Architectury Transformer DEBUG] Writing com/beigu/yunbeiuc/screen/SignExpresswayEntranceAdvance4Screen$DirectionConsumer with maxs=true frames=true
[Architectury Transformer DEBUG] Writing com/beigu/yunbeiuc/screen/SignExpresswayEntranceAdvance4Screen$ExpresswayConsumer with maxs=true frames=true
[Architectury Transformer DEBUG] Writing com/beigu/yunbeiuc/screen/SignExpresswayEntranceAdvance4Screen with maxs=true frames=true
[Architectury Transformer DEBUG] Writing com/beigu/yunbeiuc/screen/SignExpresswayEntranceAdvance7Screen with maxs=true frames=true
[Architectury Transformer DEBUG] Writing com/beigu/yunbeiuc/screen/SignExpresswayExit8Screen$DirectionConsumer with maxs=true frames=true
[Architectury Transformer DEBUG] Writing com/beigu/yunbeiuc/screen/SignExpresswayExit8Screen$ExpresswayConsumer with maxs=true frames=true
[Architectury Transformer DEBUG] Writing com/beigu/yunbeiuc/screen/SignExpresswayExit8Screen with maxs=true frames=true
[Architectury Transformer DEBUG] Writing com/beigu/yunbeiuc/screen/SignGuideConfirmation1Screen$UnitConsumer with maxs=true frames=true
[Architectury Transformer DEBUG] Writing com/beigu/yunbeiuc/screen/SignGuideConfirmation1Screen with maxs=true frames=true
[Architectury Transformer DEBUG] Writing com/beigu/yunbeiuc/screen/SignGuideIntersectionAdvanceWarning1Screen with maxs=true frames=true
[Architectury Transformer DEBUG] Writing com/beigu/yunbeiuc/screen/SignGuideIntersectionAdvanceWarning1WuhanScreen with maxs=true frames=true
[Architectury Transformer DEBUG] Writing com/beigu/yunbeiuc/screen/SignGuideIntersectionAdvanceWarning3Screen with maxs=true frames=true
[Architectury Transformer DEBUG] Writing com/beigu/yunbeiuc/screen/SignGuideIntersectionAdvanceWarning5Screen$ValueAdjustCallback with maxs=true frames=true
[Architectury Transformer DEBUG] Writing com/beigu/yunbeiuc/screen/SignGuideIntersectionAdvanceWarning5Screen with maxs=true frames=true
[Architectury Transformer DEBUG] Writing com/beigu/yunbeiuc/screen/SignGuideIntersectionAdvanceWarning6Screen$DirectionConsumer with maxs=true frames=true
[Architectury Transformer DEBUG] Writing com/beigu/yunbeiuc/screen/SignGuideIntersectionAdvanceWarning6Screen with maxs=true frames=true
[Architectury Transformer DEBUG] Writing com/beigu/yunbeiuc/screen/SignGuideIntersectionAdvanceWarning7Screen$DirectionConsumer with maxs=true frames=true
[Architectury Transformer DEBUG] Writing com/beigu/yunbeiuc/screen/SignGuideIntersectionAdvanceWarning7Screen with maxs=true frames=true
[Architectury Transformer DEBUG] Writing com/beigu/yunbeiuc/screen/SignGuideIntersectionWarning1Screen with maxs=true frames=true
[Architectury Transformer DEBUG] Writing com/beigu/yunbeiuc/screen/SignGuideIntersectionWarning4Screen$DirectionConsumer with maxs=true frames=true
[Architectury Transformer DEBUG] Writing com/beigu/yunbeiuc/screen/SignGuideIntersectionWarning4Screen with maxs=true frames=true
[Architectury Transformer DEBUG] Writing com/beigu/yunbeiuc/screen/SignGuideLaneIndicator1Screen$DirectionConsumer with maxs=true frames=true
[Architectury Transformer DEBUG] Writing com/beigu/yunbeiuc/screen/SignGuideLaneIndicator1Screen with maxs=true frames=true
[Architectury Transformer DEBUG] Writing com/beigu/yunbeiuc/screen/SignGuideRoadsideFacilityOverloadCheckpoint1Screen$UnitConsumer with maxs=true frames=true
[Architectury Transformer DEBUG] Writing com/beigu/yunbeiuc/screen/SignGuideRoadsideFacilityOverloadCheckpoint1Screen with maxs=true frames=true
[Architectury Transformer DEBUG] Writing com/beigu/yunbeiuc/screen/ValueAdjustButton with maxs=true frames=true
[Architectury Transformer DEBUG] Writing com/beigu/yunbeiuc/screen/ZonesBoard1Screen with maxs=true frames=true
[Architectury Transformer DEBUG] Writing com/beigu/yunbeiuc/screen/ZonesBoardImageScreen$1 with maxs=true frames=true
[Architectury Transformer DEBUG] Writing com/beigu/yunbeiuc/screen/ZonesBoardImageScreen$ImageListWidget$Entry with maxs=true frames=true
[Architectury Transformer DEBUG] Writing com/beigu/yunbeiuc/screen/ZonesBoardImageScreen$ImageListWidget with maxs=true frames=true
[Architectury Transformer DEBUG] Writing com/beigu/yunbeiuc/screen/ZonesBoardImageScreen$ImageOption with maxs=true frames=true
[Architectury Transformer DEBUG] Writing com/beigu/yunbeiuc/screen/ZonesBoardImageScreen with maxs=true frames=true
[Architectury Transformer DEBUG] Writing com/beigu/yunbeiuc/screen/ZonesBoardOverWeightScreen with maxs=true frames=true
[Architectury Transformer DEBUG] Writing com/beigu/yunbeiuc/screen/ZonesBoardTimeRange1Screen with maxs=true frames=true
[Architectury Transformer DEBUG] Writing com/beigu/yunbeiuc/screen/ZonesBoardTimeRange2Screen with maxs=true frames=true
[Architectury Transformer DEBUG] Writing com/beigu/yunbeiuc/YunbeiUrbanConstruction with maxs=true frames=true
[Architectury Transformer DEBUG] Checking whether /yunbeiuc.mixins.json is a mixin config.
[Architectury Transformer DEBUG] Closed File Systems for C:\Users\Beigu\AppData\Local\Temp\8726540517567718897.jar
[Architectury Transformer] Listening at D:\yunbeiurbanconstruction-template\common\build\devlibs\yunbeiuc-common-1.0.0-26w28a-dev.jar
[Architectury Transformer DEBUG] Temporary jar [C:\Users\Beigu\AppData\Local\Temp\8726540517567718897.jar] contains packages: com.beigu.yunbeiuc.render, com.beigu.yunbeiuc.block.custom.sign, com.beigu.yunbeiuc.entity, com.beigu.yunbeiuc.block, com.beigu.yunbeiuc.block.custom.rubbish, com.beigu.yunbeiuc.block.custom.barrier, com.beigu.yunbeiuc.block.custom.guardrail, com.beigu.yunbeiuc.block.custom.island, com.beigu.yunbeiuc.block.custom.railings, com.beigu.yunbeiuc.block.custom.pole, com.beigu.yunbeiuc.render.json, com.beigu.yunbeiuc.render.fonts, com.beigu.yunbeiuc.screen, com.beigu.yunbeiuc.block.custom.instrument, com.beigu.yunbeiuc.network, com.beigu.yunbeiuc.block.custom.sound, com.beigu.yunbeiuc, com.beigu.yunbeiuc.block.custom.road, com.beigu.yunbeiuc.block.custom.gantry, com.beigu.yunbeiuc.item.custom, com.beigu.yunbeiuc.block.custom.anti, com.beigu.yunbeiuc.block.custom.box, com.beigu.yunbeiuc.block.custom, com.beigu.yunbeiuc.block.custom.waring, com.beigu.yunbeiuc.block.custom.lights, com.beigu.yunbeiuc.item, com.beigu.yunbeiuc.block.custom.gate
[Architectury Transformer DEBUG] Closed File Systems for D:\yunbeiurbanconstruction-template\common\build\devlibs\yunbeiuc-common-1.0.0-26w28a-dev.jar
[Architectury Transformer DEBUG] Classpath entry [D:\yunbeiurbanconstruction-template\fabric\build\classes\java\main] contains packages: com.beigu.yunbeiuc.fabric, com.beigu.yunbeiuc.fabric.client
[Architectury Transformer DEBUG] Classpath entry [D:\yunbeiurbanconstruction-template\fabric\build\resources\main] contains packages: 
[Architectury Transformer DEBUG] Transforming from com/beigu/yunbeiuc/YunbeiUrbanConstruction.class to com/beigu/yunbeiuc/YunbeiUrbanConstruction.class with 5 transformer(s) on dev.architectury.transformer.handler.TinyRemapperPreparedTransformerHandler
[Architectury Transformer DEBUG] Found class transformer
[Architectury Transformer DEBUG] Writing com/beigu/yunbeiuc/YunbeiUrbanConstruction with maxs=true frames=true
[Architectury Transformer DEBUG] Transformed com/beigu/yunbeiuc/YunbeiUrbanConstruction in 21.07 ms
[Architectury Transformer DEBUG] Transforming from com/beigu/yunbeiuc/block/MunicipalBlocks.class to com/beigu/yunbeiuc/block/MunicipalBlocks.class with 5 transformer(s) on dev.architectury.transformer.handler.TinyRemapperPreparedTransformerHandler
[Architectury Transformer DEBUG] Found class transformer
[Architectury Transformer DEBUG] Writing com/beigu/yunbeiuc/block/MunicipalBlocks with maxs=true frames=true
[Architectury Transformer DEBUG] Transformed com/beigu/yunbeiuc/block/MunicipalBlocks in 17.05 ms
[Architectury Transformer DEBUG] Transforming from com/beigu/yunbeiuc/block/custom/pole/RoadPoleFoundations.class to com/beigu/yunbeiuc/block/custom/pole/RoadPoleFoundations.class with 5 transformer(s) on dev.architectury.transformer.handler.TinyRemapperPreparedTransformerHandler
[Architectury Transformer DEBUG] Found class transformer
[Architectury Transformer DEBUG] Writing com/beigu/yunbeiuc/block/custom/pole/RoadPoleFoundations with maxs=true frames=true
[Architectury Transformer DEBUG] Transformed com/beigu/yunbeiuc/block/custom/pole/RoadPoleFoundations in 3.454 ms
[Architectury Transformer DEBUG] Transforming from com/beigu/yunbeiuc/block/custom/pole/RoadPoleFoundationsSlab.class to com/beigu/yunbeiuc/block/custom/pole/RoadPoleFoundationsSlab.class with 5 transformer(s) on dev.architectury.transformer.handler.TinyRemapperPreparedTransformerHandler
[Architectury Transformer DEBUG] Found class transformer
[Architectury Transformer DEBUG] Writing com/beigu/yunbeiuc/block/custom/pole/RoadPoleFoundationsSlab with maxs=true frames=true
[Architectury Transformer DEBUG] Transformed com/beigu/yunbeiuc/block/custom/pole/RoadPoleFoundationsSlab in 1.558 ms
[Architectury Transformer DEBUG] Transforming from com/beigu/yunbeiuc/block/custom/pole/RoadPoleLightBranch.class to com/beigu/yunbeiuc/block/custom/pole/RoadPoleLightBranch.class with 5 transformer(s) on dev.architectury.transformer.handler.TinyRemapperPreparedTransformerHandler
[Architectury Transformer DEBUG] Found class transformer
[Architectury Transformer DEBUG] Writing com/beigu/yunbeiuc/block/custom/pole/RoadPoleLightBranch with maxs=true frames=true
[Architectury Transformer DEBUG] Transformed com/beigu/yunbeiuc/block/custom/pole/RoadPoleLightBranch in 2.056 ms
[Architectury Transformer DEBUG] Transforming from com/beigu/yunbeiuc/block/custom/pole/RoadLightHighMast.class to com/beigu/yunbeiuc/block/custom/pole/RoadLightHighMast.class with 5 transformer(s) on dev.architectury.transformer.handler.TinyRemapperPreparedTransformerHandler
[Architectury Transformer DEBUG] Found class transformer
[Architectury Transformer DEBUG] Writing com/beigu/yunbeiuc/block/custom/pole/RoadLightHighMast with maxs=true frames=true
[Architectury Transformer DEBUG] Transformed com/beigu/yunbeiuc/block/custom/pole/RoadLightHighMast in 5.181 ms
[Architectury Transformer DEBUG] Transforming from com/beigu/yunbeiuc/block/custom/pole/RoadLight.class to com/beigu/yunbeiuc/block/custom/pole/RoadLight.class with 5 transformer(s) on dev.architectury.transformer.handler.TinyRemapperPreparedTransformerHandler
[Architectury Transformer DEBUG] Found class transformer
[Architectury Transformer DEBUG] Writing com/beigu/yunbeiuc/block/custom/pole/RoadLight with maxs=true frames=true
[Architectury Transformer DEBUG] Transformed com/beigu/yunbeiuc/block/custom/pole/RoadLight in 2.225 ms
[Architectury Transformer DEBUG] Transforming from com/beigu/yunbeiuc/block/custom/RoadNameSignBlock.class to com/beigu/yunbeiuc/block/custom/RoadNameSignBlock.class with 5 transformer(s) on dev.architectury.transformer.handler.TinyRemapperPreparedTransformerHandler
[Architectury Transformer DEBUG] Found class transformer
[Architectury Transformer DEBUG] Writing com/beigu/yunbeiuc/block/custom/RoadNameSignBlock with maxs=true frames=true
[Architectury Transformer DEBUG] Transformed com/beigu/yunbeiuc/block/custom/RoadNameSignBlock in 5.804 ms
[Architectury Transformer DEBUG] Transforming from com/beigu/yunbeiuc/block/custom/IronHorse.class to com/beigu/yunbeiuc/block/custom/IronHorse.class with 5 transformer(s) on dev.architectury.transformer.handler.TinyRemapperPreparedTransformerHandler
[Architectury Transformer DEBUG] Found class transformer
[Architectury Transformer DEBUG] Writing com/beigu/yunbeiuc/block/custom/IronHorse with maxs=true frames=true
[Architectury Transformer DEBUG] Transformed com/beigu/yunbeiuc/block/custom/IronHorse in 2.114 ms
[Architectury Transformer DEBUG] Transforming from com/beigu/yunbeiuc/block/custom/sound/SoundBarrier2.class to com/beigu/yunbeiuc/block/custom/sound/SoundBarrier2.class with 5 transformer(s) on dev.architectury.transformer.handler.TinyRemapperPreparedTransformerHandler
[Architectury Transformer DEBUG] Found class transformer
[Architectury Transformer DEBUG] Writing com/beigu/yunbeiuc/block/custom/sound/SoundBarrier2 with maxs=true frames=true
[Architectury Transformer DEBUG] Transformed com/beigu/yunbeiuc/block/custom/sound/SoundBarrier2 in 3.285 ms
[Architectury Transformer DEBUG] Transforming from com/beigu/yunbeiuc/block/custom/railings/RoadRailingsPole.class to com/beigu/yunbeiuc/block/custom/railings/RoadRailingsPole.class with 5 transformer(s) on dev.architectury.transformer.handler.TinyRemapperPreparedTransformerHandler
[Architectury Transformer DEBUG] Found class transformer
[Architectury Transformer DEBUG] Writing com/beigu/yunbeiuc/block/custom/railings/RoadRailingsPole with maxs=true frames=true
[Architectury Transformer DEBUG] Transformed com/beigu/yunbeiuc/block/custom/railings/RoadRailingsPole in 1.491 ms
[Architectury Transformer DEBUG] Transforming from com/beigu/yunbeiuc/block/custom/instrument/InstrumentFeeDisplay.class to com/beigu/yunbeiuc/block/custom/instrument/InstrumentFeeDisplay.class with 5 transformer(s) on dev.architectury.transformer.handler.TinyRemapperPreparedTransformerHandler
[Architectury Transformer DEBUG] Found class transformer
[Architectury Transformer DEBUG] Writing com/beigu/yunbeiuc/block/custom/instrument/InstrumentFeeDisplay with maxs=true frames=true
[Architectury Transformer DEBUG] Transformed com/beigu/yunbeiuc/block/custom/instrument/InstrumentFeeDisplay in 3.105 ms
[Architectury Transformer DEBUG] Transforming from com/beigu/yunbeiuc/block/custom/sound/SoundBarrier1.class to com/beigu/yunbeiuc/block/custom/sound/SoundBarrier1.class with 5 transformer(s) on dev.architectury.transformer.handler.TinyRemapperPreparedTransformerHandler
[Architectury Transformer DEBUG] Found class transformer
[Architectury Transformer DEBUG] Writing com/beigu/yunbeiuc/block/custom/sound/SoundBarrier1 with maxs=true frames=true
[Architectury Transformer DEBUG] Transformed com/beigu/yunbeiuc/block/custom/sound/SoundBarrier1 in 4.195 ms
[Architectury Transformer DEBUG] Transforming from com/beigu/yunbeiuc/block/custom/gate/BarrierGate1Main.class to com/beigu/yunbeiuc/block/custom/gate/BarrierGate1Main.class with 5 transformer(s) on dev.architectury.transformer.handler.TinyRemapperPreparedTransformerHandler
[Architectury Transformer DEBUG] Found class transformer
[Architectury Transformer DEBUG] Writing com/beigu/yunbeiuc/block/custom/gate/BarrierGate1Main with maxs=true frames=true
[Architectury Transformer DEBUG] Transformed com/beigu/yunbeiuc/block/custom/gate/BarrierGate1Main in 2.867 ms
[Architectury Transformer DEBUG] Transforming from com/beigu/yunbeiuc/block/custom/guardrail/RoadClosedBarricadeGuardrail4.class to com/beigu/yunbeiuc/block/custom/guardrail/RoadClosedBarricadeGuardrail4.class with 5 transformer(s) on dev.architectury.transformer.handler.TinyRemapperPreparedTransformerHandler
[Architectury Transformer DEBUG] Found class transformer
[Architectury Transformer DEBUG] Writing com/beigu/yunbeiuc/block/custom/guardrail/RoadClosedBarricadeGuardrail4 with maxs=true frames=true
[Architectury Transformer DEBUG] Transformed com/beigu/yunbeiuc/block/custom/guardrail/RoadClosedBarricadeGuardrail4 in 3.740 ms
[Architectury Transformer DEBUG] Transforming from com/beigu/yunbeiuc/block/custom/guardrail/RoadClosedBarricadeGuardrail3.class to com/beigu/yunbeiuc/block/custom/guardrail/RoadClosedBarricadeGuardrail3.class with 5 transformer(s) on dev.architectury.transformer.handler.TinyRemapperPreparedTransformerHandler
[Architectury Transformer DEBUG] Found class transformer
[Architectury Transformer DEBUG] Writing com/beigu/yunbeiuc/block/custom/guardrail/RoadClosedBarricadeGuardrail3 with maxs=true frames=true
[Architectury Transformer DEBUG] Transformed com/beigu/yunbeiuc/block/custom/guardrail/RoadClosedBarricadeGuardrail3 in 3.025 ms
[Architectury Transformer DEBUG] Transforming from com/beigu/yunbeiuc/block/custom/guardrail/RoadClosedBarricadeGuardrail2.class to com/beigu/yunbeiuc/block/custom/guardrail/RoadClosedBarricadeGuardrail2.class with 5 transformer(s) on dev.architectury.transformer.handler.TinyRemapperPreparedTransformerHandler
[Architectury Transformer DEBUG] Found class transformer
[Architectury Transformer DEBUG] Writing com/beigu/yunbeiuc/block/custom/guardrail/RoadClosedBarricadeGuardrail2 with maxs=true frames=true
[Architectury Transformer DEBUG] Transformed com/beigu/yunbeiuc/block/custom/guardrail/RoadClosedBarricadeGuardrail2 in 1.744 ms
[Architectury Transformer DEBUG] Transforming from com/beigu/yunbeiuc/block/custom/rubbish/RubbishBinWhite.class to com/beigu/yunbeiuc/block/custom/rubbish/RubbishBinWhite.class with 5 transformer(s) on dev.architectury.transformer.handler.TinyRemapperPreparedTransformerHandler
[Architectury Transformer DEBUG] Found class transformer
[Architectury Transformer DEBUG] Writing com/beigu/yunbeiuc/block/custom/rubbish/RubbishBinWhite with maxs=true frames=true
[Architectury Transformer DEBUG] Transformed com/beigu/yunbeiuc/block/custom/rubbish/RubbishBinWhite in 2.521 ms
[Architectury Transformer DEBUG] Transforming from com/beigu/yunbeiuc/block/custom/box/RoadFlowerBox2Fence.class to com/beigu/yunbeiuc/block/custom/box/RoadFlowerBox2Fence.class with 5 transformer(s) on dev.architectury.transformer.handler.TinyRemapperPreparedTransformerHandler
[Architectury Transformer DEBUG] Found class transformer
[Architectury Transformer DEBUG] Writing com/beigu/yunbeiuc/block/custom/box/RoadFlowerBox2Fence with maxs=true frames=true
[Architectury Transformer DEBUG] Transformed com/beigu/yunbeiuc/block/custom/box/RoadFlowerBox2Fence in 2.777 ms
[Architectury Transformer DEBUG] Transforming from com/beigu/yunbeiuc/block/custom/railings/RoadRailingsOblique.class to com/beigu/yunbeiuc/block/custom/railings/RoadRailingsOblique.class with 5 transformer(s) on dev.architectury.transformer.handler.TinyRemapperPreparedTransformerHandler
[Architectury Transformer DEBUG] Found class transformer
[Architectury Transformer DEBUG] Writing com/beigu/yunbeiuc/block/custom/railings/RoadRailingsOblique with maxs=true frames=true
[Architectury Transformer DEBUG] Transformed com/beigu/yunbeiuc/block/custom/railings/RoadRailingsOblique in 1.405 ms
[Architectury Transformer DEBUG] Transforming from com/beigu/yunbeiuc/block/custom/RoadWarningPole.class to com/beigu/yunbeiuc/block/custom/RoadWarningPole.class with 5 transformer(s) on dev.architectury.transformer.handler.TinyRemapperPreparedTransformerHandler
[Architectury Transformer DEBUG] Found class transformer
[Architectury Transformer DEBUG] Writing com/beigu/yunbeiuc/block/custom/RoadWarningPole with maxs=true frames=true
[Architectury Transformer DEBUG] Transformed com/beigu/yunbeiuc/block/custom/RoadWarningPole in 1.188 ms
[Architectury Transformer DEBUG] Transforming from com/beigu/yunbeiuc/block/custom/railings/RoadRailings.class to com/beigu/yunbeiuc/block/custom/railings/RoadRailings.class with 5 transformer(s) on dev.architectury.transformer.handler.TinyRemapperPreparedTransformerHandler
[Architectury Transformer DEBUG] Found class transformer
[Architectury Transformer DEBUG] Writing com/beigu/yunbeiuc/block/custom/railings/RoadRailings with maxs=true frames=true
[Architectury Transformer DEBUG] Transformed com/beigu/yunbeiuc/block/custom/railings/RoadRailings in 3.547 ms
[Architectury Transformer DEBUG] Transforming from com/beigu/yunbeiuc/block/custom/gate/BarrierGate1MainSlab.class to com/beigu/yunbeiuc/block/custom/gate/BarrierGate1MainSlab.class with 5 transformer(s) on dev.architectury.transformer.handler.TinyRemapperPreparedTransformerHandler
[Architectury Transformer DEBUG] Found class transformer
[Architectury Transformer DEBUG] Writing com/beigu/yunbeiuc/block/custom/gate/BarrierGate1MainSlab with maxs=true frames=true
[Architectury Transformer DEBUG] Transformed com/beigu/yunbeiuc/block/custom/gate/BarrierGate1MainSlab in 2.482 ms
[Architectury Transformer DEBUG] Transforming from com/beigu/yunbeiuc/block/custom/gate/BarrierGate1PoleLongitudinal.class to com/beigu/yunbeiuc/block/custom/gate/BarrierGate1PoleLongitudinal.class with 5 transformer(s) on dev.architectury.transformer.handler.TinyRemapperPreparedTransformerHandler
[Architectury Transformer DEBUG] Found class transformer
[Architectury Transformer DEBUG] Writing com/beigu/yunbeiuc/block/custom/gate/BarrierGate1PoleLongitudinal with maxs=true frames=true
[Architectury Transformer DEBUG] Transformed com/beigu/yunbeiuc/block/custom/gate/BarrierGate1PoleLongitudinal in 3.925 ms
[Architectury Transformer DEBUG] Transforming from com/beigu/yunbeiuc/block/custom/rubbish/RubbishBinGrayGreen.class to com/beigu/yunbeiuc/block/custom/rubbish/RubbishBinGrayGreen.class with 5 transformer(s) on dev.architectury.transformer.handler.TinyRemapperPreparedTransformerHandler
[Architectury Transformer DEBUG] Found class transformer
[Architectury Transformer DEBUG] Writing com/beigu/yunbeiuc/block/custom/rubbish/RubbishBinGrayGreen with maxs=true frames=true
[Architectury Transformer DEBUG] Transformed com/beigu/yunbeiuc/block/custom/rubbish/RubbishBinGrayGreen in 4.508 ms
[Architectury Transformer DEBUG] Transforming from com/beigu/yunbeiuc/block/custom/gate/BarrierGate1PoleHorizontal.class to com/beigu/yunbeiuc/block/custom/gate/BarrierGate1PoleHorizontal.class with 5 transformer(s) on dev.architectury.transformer.handler.TinyRemapperPreparedTransformerHandler
[Architectury Transformer DEBUG] Found class transformer
[Architectury Transformer DEBUG] Writing com/beigu/yunbeiuc/block/custom/gate/BarrierGate1PoleHorizontal with maxs=true frames=true
[Architectury Transformer DEBUG] Transformed com/beigu/yunbeiuc/block/custom/gate/BarrierGate1PoleHorizontal in 3.346 ms
[Architectury Transformer DEBUG] Transforming from com/beigu/yunbeiuc/block/custom/DirectionBlock.class to com/beigu/yunbeiuc/block/custom/DirectionBlock.class with 5 transformer(s) on dev.architectury.transformer.handler.TinyRemapperPreparedTransformerHandler
[Architectury Transformer DEBUG] Found class transformer
[Architectury Transformer DEBUG] Writing com/beigu/yunbeiuc/block/custom/DirectionBlock with maxs=true frames=true
[Architectury Transformer DEBUG] Transformed com/beigu/yunbeiuc/block/custom/DirectionBlock in 2.365 ms
[Architectury Transformer DEBUG] Transforming from com/beigu/yunbeiuc/block/custom/guardrail/RoadClosedBarricadeGuardrail1.class to com/beigu/yunbeiuc/block/custom/guardrail/RoadClosedBarricadeGuardrail1.class with 5 transformer(s) on dev.architectury.transformer.handler.TinyRemapperPreparedTransformerHandler
[Architectury Transformer DEBUG] Found class transformer
[Architectury Transformer DEBUG] Writing com/beigu/yunbeiuc/block/custom/guardrail/RoadClosedBarricadeGuardrail1 with maxs=true frames=true
[Architectury Transformer DEBUG] Transformed com/beigu/yunbeiuc/block/custom/guardrail/RoadClosedBarricadeGuardrail1 in 4.003 ms
[Architectury Transformer DEBUG] Transforming from com/beigu/yunbeiuc/block/custom/box/RoadFlowerBox1.class to com/beigu/yunbeiuc/block/custom/box/RoadFlowerBox1.class with 5 transformer(s) on dev.architectury.transformer.handler.TinyRemapperPreparedTransformerHandler
[Architectury Transformer DEBUG] Found class transformer
[Architectury Transformer DEBUG] Writing com/beigu/yunbeiuc/block/custom/box/RoadFlowerBox1 with maxs=true frames=true
[Architectury Transformer DEBUG] Transformed com/beigu/yunbeiuc/block/custom/box/RoadFlowerBox1 in 1.530 ms
[Architectury Transformer DEBUG] Transforming from com/beigu/yunbeiuc/block/custom/instrument/InstrumentLaneIndicator.class to com/beigu/yunbeiuc/block/custom/instrument/InstrumentLaneIndicator.class with 5 transformer(s) on dev.architectury.transformer.handler.TinyRemapperPreparedTransformerHandler
[Architectury Transformer DEBUG] Found class transformer
[Architectury Transformer DEBUG] Writing com/beigu/yunbeiuc/block/custom/instrument/InstrumentLaneIndicator with maxs=true frames=true
[Architectury Transformer DEBUG] Transformed com/beigu/yunbeiuc/block/custom/instrument/InstrumentLaneIndicator in 1.993 ms
[Architectury Transformer DEBUG] Transforming from com/beigu/yunbeiuc/block/custom/instrument/InstrumentCamera.class to com/beigu/yunbeiuc/block/custom/instrument/InstrumentCamera.class with 5 transformer(s) on dev.architectury.transformer.handler.TinyRemapperPreparedTransformerHandler
[Architectury Transformer DEBUG] Found class transformer
[Architectury Transformer DEBUG] Writing com/beigu/yunbeiuc/block/custom/instrument/InstrumentCamera with maxs=true frames=true
[Architectury Transformer DEBUG] Transformed com/beigu/yunbeiuc/block/custom/instrument/InstrumentCamera in 2.440 ms
[Architectury Transformer DEBUG] Transforming from com/beigu/yunbeiuc/block/custom/instrument/InstrumentPolelLongitudinal.class to com/beigu/yunbeiuc/block/custom/instrument/InstrumentPolelLongitudinal.class with 5 transformer(s) on dev.architectury.transformer.handler.TinyRemapperPreparedTransformerHandler
[Architectury Transformer DEBUG] Found class transformer
[Architectury Transformer DEBUG] Writing com/beigu/yunbeiuc/block/custom/instrument/InstrumentPolelLongitudinal with maxs=true frames=true
[Architectury Transformer DEBUG] Transformed com/beigu/yunbeiuc/block/custom/instrument/InstrumentPolelLongitudinal in 3.571 ms
[Architectury Transformer DEBUG] Transforming from com/beigu/yunbeiuc/block/custom/instrument/InstrumentPoleFoundations.class to com/beigu/yunbeiuc/block/custom/instrument/InstrumentPoleFoundations.class with 5 transformer(s) on dev.architectury.transformer.handler.TinyRemapperPreparedTransformerHandler
[Architectury Transformer DEBUG] Found class transformer
[Architectury Transformer DEBUG] Writing com/beigu/yunbeiuc/block/custom/instrument/InstrumentPoleFoundations with maxs=true frames=true
[Architectury Transformer DEBUG] Transformed com/beigu/yunbeiuc/block/custom/instrument/InstrumentPoleFoundations in 1.280 ms
[Architectury Transformer DEBUG] Transforming from com/beigu/yunbeiuc/block/custom/ReflectiveSign.class to com/beigu/yunbeiuc/block/custom/ReflectiveSign.class with 5 transformer(s) on dev.architectury.transformer.handler.TinyRemapperPreparedTransformerHandler
[Architectury Transformer DEBUG] Found class transformer
[Architectury Transformer DEBUG] Writing com/beigu/yunbeiuc/block/custom/ReflectiveSign with maxs=true frames=true
[Architectury Transformer DEBUG] Transformed com/beigu/yunbeiuc/block/custom/ReflectiveSign in 1.190 ms
[Architectury Transformer DEBUG] Transforming from com/beigu/yunbeiuc/block/custom/barrier/TrafficBarrierGraySlantBlock.class to com/beigu/yunbeiuc/block/custom/barrier/TrafficBarrierGraySlantBlock.class with 5 transformer(s) on dev.architectury.transformer.handler.TinyRemapperPreparedTransformerHandler
[Architectury Transformer DEBUG] Found class transformer
[Architectury Transformer DEBUG] Writing com/beigu/yunbeiuc/block/custom/barrier/TrafficBarrierGraySlantBlock with maxs=true frames=true
[Architectury Transformer DEBUG] Transformed com/beigu/yunbeiuc/block/custom/barrier/TrafficBarrierGraySlantBlock in 1.096 ms
[Architectury Transformer DEBUG] Transforming from com/beigu/yunbeiuc/block/custom/island/SafetyIslandEdgeBlock.class to com/beigu/yunbeiuc/block/custom/island/SafetyIslandEdgeBlock.class with 5 transformer(s) on dev.architectury.transformer.handler.TinyRemapperPreparedTransformerHandler
[Architectury Transformer DEBUG] Found class transformer
[Architectury Transformer DEBUG] Writing com/beigu/yunbeiuc/block/custom/island/SafetyIslandEdgeBlock with maxs=true frames=true
[Architectury Transformer DEBUG] Transformed com/beigu/yunbeiuc/block/custom/island/SafetyIslandEdgeBlock in 1.864 ms
[Architectury Transformer DEBUG] Transforming from com/beigu/yunbeiuc/block/custom/gantry/GantryFrameRadarSpeedDetector.class to com/beigu/yunbeiuc/block/custom/gantry/GantryFrameRadarSpeedDetector.class with 5 transformer(s) on dev.architectury.transformer.handler.TinyRemapperPreparedTransformerHandler
[Architectury Transformer DEBUG] Found class transformer
[Architectury Transformer DEBUG] Writing com/beigu/yunbeiuc/block/custom/gantry/GantryFrameRadarSpeedDetector with maxs=true frames=true
[Architectury Transformer DEBUG] Transformed com/beigu/yunbeiuc/block/custom/gantry/GantryFrameRadarSpeedDetector in 2.118 ms
[Architectury Transformer DEBUG] Transforming from com/beigu/yunbeiuc/block/custom/gantry/GantryFrameDetectionCamera.class to com/beigu/yunbeiuc/block/custom/gantry/GantryFrameDetectionCamera.class with 5 transformer(s) on dev.architectury.transformer.handler.TinyRemapperPreparedTransformerHandler
[Architectury Transformer DEBUG] Found class transformer
[Architectury Transformer DEBUG] Writing com/beigu/yunbeiuc/block/custom/gantry/GantryFrameDetectionCamera with maxs=true frames=true
[Architectury Transformer DEBUG] Transformed com/beigu/yunbeiuc/block/custom/gantry/GantryFrameDetectionCamera in 1.180 ms
[Architectury Transformer DEBUG] Transforming from com/beigu/yunbeiuc/block/custom/gantry/GantryFrameLedMain.class to com/beigu/yunbeiuc/block/custom/gantry/GantryFrameLedMain.class with 5 transformer(s) on dev.architectury.transformer.handler.TinyRemapperPreparedTransformerHandler
[Architectury Transformer DEBUG] Found class transformer
[Architectury Transformer DEBUG] Writing com/beigu/yunbeiuc/block/custom/gantry/GantryFrameLedMain with maxs=true frames=true
[Architectury Transformer DEBUG] Transformed com/beigu/yunbeiuc/block/custom/gantry/GantryFrameLedMain in 1.158 ms
[Architectury Transformer DEBUG] Transforming from com/beigu/yunbeiuc/block/custom/gantry/GantryFrameLed.class to com/beigu/yunbeiuc/block/custom/gantry/GantryFrameLed.class with 5 transformer(s) on dev.architectury.transformer.handler.TinyRemapperPreparedTransformerHandler
[Architectury Transformer DEBUG] Found class transformer
[Architectury Transformer DEBUG] Writing com/beigu/yunbeiuc/block/custom/gantry/GantryFrameLed with maxs=true frames=true
[Architectury Transformer DEBUG] Transformed com/beigu/yunbeiuc/block/custom/gantry/GantryFrameLed in 1.843 ms
[Architectury Transformer DEBUG] Transforming from com/beigu/yunbeiuc/block/custom/barrier/TrafficBarrierGrayBlock.class to com/beigu/yunbeiuc/block/custom/barrier/TrafficBarrierGrayBlock.class with 5 transformer(s) on dev.architectury.transformer.handler.TinyRemapperPreparedTransformerHandler
[Architectury Transformer DEBUG] Found class transformer
[Architectury Transformer DEBUG] Writing com/beigu/yunbeiuc/block/custom/barrier/TrafficBarrierGrayBlock with maxs=true frames=true
[Architectury Transformer DEBUG] Transformed com/beigu/yunbeiuc/block/custom/barrier/TrafficBarrierGrayBlock in 2.523 ms
[Architectury Transformer DEBUG] Transforming from com/beigu/yunbeiuc/block/custom/waring/WarningNetworkPole.class to com/beigu/yunbeiuc/block/custom/waring/WarningNetworkPole.class with 5 transformer(s) on dev.architectury.transformer.handler.TinyRemapperPreparedTransformerHandler
[Architectury Transformer DEBUG] Found class transformer
[Architectury Transformer DEBUG] Writing com/beigu/yunbeiuc/block/custom/waring/WarningNetworkPole with maxs=true frames=true
[Architectury Transformer DEBUG] Transformed com/beigu/yunbeiuc/block/custom/waring/WarningNetworkPole in 2.162 ms
[Architectury Transformer DEBUG] Transforming from com/beigu/yunbeiuc/block/custom/barrier/TrafficBarrierDoubleBlock.class to com/beigu/yunbeiuc/block/custom/barrier/TrafficBarrierDoubleBlock.class with 5 transformer(s) on dev.architectury.transformer.handler.TinyRemapperPreparedTransformerHandler
[Architectury Transformer DEBUG] Found class transformer
[Architectury Transformer DEBUG] Writing com/beigu/yunbeiuc/block/custom/barrier/TrafficBarrierDoubleBlock with maxs=true frames=true
[Architectury Transformer DEBUG] Transformed com/beigu/yunbeiuc/block/custom/barrier/TrafficBarrierDoubleBlock in 3.223 ms
[Architectury Transformer DEBUG] Transforming from com/beigu/yunbeiuc/block/custom/island/SafetyIslandObliqueBlock.class to com/beigu/yunbeiuc/block/custom/island/SafetyIslandObliqueBlock.class with 5 transformer(s) on dev.architectury.transformer.handler.TinyRemapperPreparedTransformerHandler
[Architectury Transformer DEBUG] Found class transformer
[Architectury Transformer DEBUG] Writing com/beigu/yunbeiuc/block/custom/island/SafetyIslandObliqueBlock with maxs=true frames=true
[Architectury Transformer DEBUG] Transformed com/beigu/yunbeiuc/block/custom/island/SafetyIslandObliqueBlock in 2.796 ms
[Architectury Transformer DEBUG] Transforming from com/beigu/yunbeiuc/block/custom/anti/AntiGlareNetPole.class to com/beigu/yunbeiuc/block/custom/anti/AntiGlareNetPole.class with 5 transformer(s) on dev.architectury.transformer.handler.TinyRemapperPreparedTransformerHandler
[Architectury Transformer DEBUG] Found class transformer
[Architectury Transformer DEBUG] Writing com/beigu/yunbeiuc/block/custom/anti/AntiGlareNetPole with maxs=true frames=true
[Architectury Transformer DEBUG] Transformed com/beigu/yunbeiuc/block/custom/anti/AntiGlareNetPole in 2.337 ms
[Architectury Transformer DEBUG] Transforming from com/beigu/yunbeiuc/block/custom/island/SafetyIslandBlock.class to com/beigu/yunbeiuc/block/custom/island/SafetyIslandBlock.class with 5 transformer(s) on dev.architectury.transformer.handler.TinyRemapperPreparedTransformerHandler
[Architectury Transformer DEBUG] Found class transformer
[Architectury Transformer DEBUG] Writing com/beigu/yunbeiuc/block/custom/island/SafetyIslandBlock with maxs=true frames=true
[Architectury Transformer DEBUG] Transformed com/beigu/yunbeiuc/block/custom/island/SafetyIslandBlock in 2.092 ms
[Architectury Transformer DEBUG] Transforming from com/beigu/yunbeiuc/block/custom/barrier/TrafficBarrierObliqueBlock.class to com/beigu/yunbeiuc/block/custom/barrier/TrafficBarrierObliqueBlock.class with 5 transformer(s) on dev.architectury.transformer.handler.TinyRemapperPreparedTransformerHandler
[Architectury Transformer DEBUG] Found class transformer
[Architectury Transformer DEBUG] Writing com/beigu/yunbeiuc/block/custom/barrier/TrafficBarrierObliqueBlock with maxs=true frames=true
[Architectury Transformer DEBUG] Transformed com/beigu/yunbeiuc/block/custom/barrier/TrafficBarrierObliqueBlock in 2.172 ms
[Architectury Transformer DEBUG] Transforming from com/beigu/yunbeiuc/block/custom/barrier/TrafficBarrierGrayObliqueBlock.class to com/beigu/yunbeiuc/block/custom/barrier/TrafficBarrierGrayObliqueBlock.class with 5 transformer(s) on dev.architectury.transformer.handler.TinyRemapperPreparedTransformerHandler
[Architectury Transformer DEBUG] Found class transformer
[Architectury Transformer DEBUG] Writing com/beigu/yunbeiuc/block/custom/barrier/TrafficBarrierGrayObliqueBlock with maxs=true frames=true
[Architectury Transformer DEBUG] Transformed com/beigu/yunbeiuc/block/custom/barrier/TrafficBarrierGrayObliqueBlock in 2.071 ms
[Architectury Transformer DEBUG] Transforming from com/beigu/yunbeiuc/block/custom/barrier/TrafficBarrierBlock.class to com/beigu/yunbeiuc/block/custom/barrier/TrafficBarrierBlock.class with 5 transformer(s) on dev.architectury.transformer.handler.TinyRemapperPreparedTransformerHandler
[Architectury Transformer DEBUG] Found class transformer
[Architectury Transformer DEBUG] Writing com/beigu/yunbeiuc/block/custom/barrier/TrafficBarrierBlock with maxs=true frames=true
[Architectury Transformer DEBUG] Transformed com/beigu/yunbeiuc/block/custom/barrier/TrafficBarrierBlock in 1.835 ms
[Architectury Transformer DEBUG] Transforming from com/beigu/yunbeiuc/block/custom/anti/AntiGlareVersion.class to com/beigu/yunbeiuc/block/custom/anti/AntiGlareVersion.class with 5 transformer(s) on dev.architectury.transformer.handler.TinyRemapperPreparedTransformerHandler
[Architectury Transformer DEBUG] Found class transformer
[Architectury Transformer DEBUG] Writing com/beigu/yunbeiuc/block/custom/anti/AntiGlareVersion with maxs=true frames=true
[Architectury Transformer DEBUG] Transformed com/beigu/yunbeiuc/block/custom/anti/AntiGlareVersion in 1.186 ms
[Architectury Transformer DEBUG] Transforming from com/beigu/yunbeiuc/block/custom/anti/AntiGlareNet.class to com/beigu/yunbeiuc/block/custom/anti/AntiGlareNet.class with 5 transformer(s) on dev.architectury.transformer.handler.TinyRemapperPreparedTransformerHandler
[Architectury Transformer DEBUG] Found class transformer
[Architectury Transformer DEBUG] Writing com/beigu/yunbeiuc/block/custom/anti/AntiGlareNet with maxs=true frames=true
[Architectury Transformer DEBUG] Transformed com/beigu/yunbeiuc/block/custom/anti/AntiGlareNet in 1.771 ms
[Architectury Transformer DEBUG] Transforming from com/beigu/yunbeiuc/block/custom/waring/WarningNetwork.class to com/beigu/yunbeiuc/block/custom/waring/WarningNetwork.class with 5 transformer(s) on dev.architectury.transformer.handler.TinyRemapperPreparedTransformerHandler
[Architectury Transformer DEBUG] Found class transformer
[Architectury Transformer DEBUG] Writing com/beigu/yunbeiuc/block/custom/waring/WarningNetwork with maxs=true frames=true
[Architectury Transformer DEBUG] Transformed com/beigu/yunbeiuc/block/custom/waring/WarningNetwork in 1.344 ms
[Architectury Transformer DEBUG] Transforming from com/beigu/yunbeiuc/block/custom/gantry/GantryFrameLightingLamp.class to com/beigu/yunbeiuc/block/custom/gantry/GantryFrameLightingLamp.class with 5 transformer(s) on dev.architectury.transformer.handler.TinyRemapperPreparedTransformerHandler
[Architectury Transformer DEBUG] Found class transformer
[Architectury Transformer DEBUG] Writing com/beigu/yunbeiuc/block/custom/gantry/GantryFrameLightingLamp with maxs=true frames=true
[Architectury Transformer DEBUG] Transformed com/beigu/yunbeiuc/block/custom/gantry/GantryFrameLightingLamp in 2.888 ms
[Architectury Transformer DEBUG] Transforming from com/beigu/yunbeiuc/block/custom/gantry/GantryFrameLedSide.class to com/beigu/yunbeiuc/block/custom/gantry/GantryFrameLedSide.class with 5 transformer(s) on dev.architectury.transformer.handler.TinyRemapperPreparedTransformerHandler
[Architectury Transformer DEBUG] Found class transformer
[Architectury Transformer DEBUG] Writing com/beigu/yunbeiuc/block/custom/gantry/GantryFrameLedSide with maxs=true frames=true
[Architectury Transformer DEBUG] Transformed com/beigu/yunbeiuc/block/custom/gantry/GantryFrameLedSide in 2.248 ms
[Architectury Transformer DEBUG] Transforming from com/beigu/yunbeiuc/block/custom/gantry/GantryFrameLadder.class to com/beigu/yunbeiuc/block/custom/gantry/GantryFrameLadder.class with 5 transformer(s) on dev.architectury.transformer.handler.TinyRemapperPreparedTransformerHandler
[Architectury Transformer DEBUG] Found class transformer
[Architectury Transformer DEBUG] Writing com/beigu/yunbeiuc/block/custom/gantry/GantryFrameLadder with maxs=true frames=true
[Architectury Transformer DEBUG] Transformed com/beigu/yunbeiuc/block/custom/gantry/GantryFrameLadder in 1.804 ms
[Architectury Transformer DEBUG] Transforming from com/beigu/yunbeiuc/block/custom/TrafficCone.class to com/beigu/yunbeiuc/block/custom/TrafficCone.class with 5 transformer(s) on dev.architectury.transformer.handler.TinyRemapperPreparedTransformerHandler
[Architectury Transformer DEBUG] Found class transformer
[Architectury Transformer DEBUG] Writing com/beigu/yunbeiuc/block/custom/TrafficCone with maxs=true frames=true
[Architectury Transformer DEBUG] Transformed com/beigu/yunbeiuc/block/custom/TrafficCone in 1.114 ms
[Architectury Transformer DEBUG] Transforming from com/beigu/yunbeiuc/block/custom/gantry/GantryFrameSide.class to com/beigu/yunbeiuc/block/custom/gantry/GantryFrameSide.class with 5 transformer(s) on dev.architectury.transformer.handler.TinyRemapperPreparedTransformerHandler
[Architectury Transformer DEBUG] Found class transformer
[Architectury Transformer DEBUG] Writing com/beigu/yunbeiuc/block/custom/gantry/GantryFrameSide with maxs=true frames=true
[Architectury Transformer DEBUG] Transformed com/beigu/yunbeiuc/block/custom/gantry/GantryFrameSide in 2.032 ms
[Architectury Transformer DEBUG] Transforming from com/beigu/yunbeiuc/block/custom/pole/RoadPoleHorizontal.class to com/beigu/yunbeiuc/block/custom/pole/RoadPoleHorizontal.class with 5 transformer(s) on dev.architectury.transformer.handler.TinyRemapperPreparedTransformerHandler
[Architectury Transformer DEBUG] Found class transformer
[Architectury Transformer DEBUG] Writing com/beigu/yunbeiuc/block/custom/pole/RoadPoleHorizontal with maxs=true frames=true
[Architectury Transformer DEBUG] Transformed com/beigu/yunbeiuc/block/custom/pole/RoadPoleHorizontal in 1.182 ms
[Architectury Transformer DEBUG] Transforming from com/beigu/yunbeiuc/block/custom/pole/RoadDetectionCamera.class to com/beigu/yunbeiuc/block/custom/pole/RoadDetectionCamera.class with 5 transformer(s) on dev.architectury.transformer.handler.TinyRemapperPreparedTransformerHandler
[Architectury Transformer DEBUG] Found class transformer
[Architectury Transformer DEBUG] Writing com/beigu/yunbeiuc/block/custom/pole/RoadDetectionCamera with maxs=true frames=true
[Architectury Transformer DEBUG] Transformed com/beigu/yunbeiuc/block/custom/pole/RoadDetectionCamera in 1.415 ms
[Architectury Transformer DEBUG] Transforming from com/beigu/yunbeiuc/block/custom/gantry/GantryFrameMain.class to com/beigu/yunbeiuc/block/custom/gantry/GantryFrameMain.class with 5 transformer(s) on dev.architectury.transformer.handler.TinyRemapperPreparedTransformerHandler
[Architectury Transformer DEBUG] Found class transformer
[Architectury Transformer DEBUG] Writing com/beigu/yunbeiuc/block/custom/gantry/GantryFrameMain with maxs=true frames=true
[Architectury Transformer DEBUG] Transformed com/beigu/yunbeiuc/block/custom/gantry/GantryFrameMain in 1.901 ms
[Architectury Transformer DEBUG] Transforming from com/beigu/yunbeiuc/block/custom/gantry/GantryFrameRailing.class to com/beigu/yunbeiuc/block/custom/gantry/GantryFrameRailing.class with 5 transformer(s) on dev.architectury.transformer.handler.TinyRemapperPreparedTransformerHandler
[Architectury Transformer DEBUG] Found class transformer
[Architectury Transformer DEBUG] Writing com/beigu/yunbeiuc/block/custom/gantry/GantryFrameRailing with maxs=true frames=true
[Architectury Transformer DEBUG] Transformed com/beigu/yunbeiuc/block/custom/gantry/GantryFrameRailing in 2.223 ms
[Architectury Transformer DEBUG] Transforming from com/beigu/yunbeiuc/block/custom/pole/RoadPoleLightLongitudinal.class to com/beigu/yunbeiuc/block/custom/pole/RoadPoleLightLongitudinal.class with 5 transformer(s) on dev.architectury.transformer.handler.TinyRemapperPreparedTransformerHandler
[Architectury Transformer DEBUG] Found class transformer
[Architectury Transformer DEBUG] Writing com/beigu/yunbeiuc/block/custom/pole/RoadPoleLightLongitudinal with maxs=true frames=true
[Architectury Transformer DEBUG] Transformed com/beigu/yunbeiuc/block/custom/pole/RoadPoleLightLongitudinal in 1.111 ms
[Architectury Transformer DEBUG] Transforming from com/beigu/yunbeiuc/block/custom/WaterSafetyBarrier.class to com/beigu/yunbeiuc/block/custom/WaterSafetyBarrier.class with 5 transformer(s) on dev.architectury.transformer.handler.TinyRemapperPreparedTransformerHandler
[Architectury Transformer DEBUG] Found class transformer
[Architectury Transformer DEBUG] Writing com/beigu/yunbeiuc/block/custom/WaterSafetyBarrier with maxs=true frames=true
[Architectury Transformer DEBUG] Transformed com/beigu/yunbeiuc/block/custom/WaterSafetyBarrier in 1.112 ms
[Architectury Transformer DEBUG] Transforming from com/beigu/yunbeiuc/block/custom/lights/TrafficLightsBlock.class to com/beigu/yunbeiuc/block/custom/lights/TrafficLightsBlock.class with 5 transformer(s) on dev.architectury.transformer.handler.TinyRemapperPreparedTransformerHandler
[Architectury Transformer DEBUG] Found class transformer
[Architectury Transformer DEBUG] Writing com/beigu/yunbeiuc/block/custom/lights/TrafficLightsBlock with maxs=true frames=true
[Architectury Transformer DEBUG] Transformed com/beigu/yunbeiuc/block/custom/lights/TrafficLightsBlock in 1.604 ms
[Architectury Transformer DEBUG] Transforming from com/beigu/yunbeiuc/block/custom/pole/RoadSolarPanel.class to com/beigu/yunbeiuc/block/custom/pole/RoadSolarPanel.class with 5 transformer(s) on dev.architectury.transformer.handler.TinyRemapperPreparedTransformerHandler
[Architectury Transformer DEBUG] Found class transformer
[Architectury Transformer DEBUG] Writing com/beigu/yunbeiuc/block/custom/pole/RoadSolarPanel with maxs=true frames=true
[Architectury Transformer DEBUG] Transformed com/beigu/yunbeiuc/block/custom/pole/RoadSolarPanel in 1.337 ms
[Architectury Transformer DEBUG] Transforming from com/beigu/yunbeiuc/block/custom/ParkingSpaceBarrier.class to com/beigu/yunbeiuc/block/custom/ParkingSpaceBarrier.class with 5 transformer(s) on dev.architectury.transformer.handler.TinyRemapperPreparedTransformerHandler
[Architectury Transformer DEBUG] Found class transformer
[Architectury Transformer DEBUG] Writing com/beigu/yunbeiuc/block/custom/ParkingSpaceBarrier with maxs=true frames=true
[Architectury Transformer DEBUG] Transformed com/beigu/yunbeiuc/block/custom/ParkingSpaceBarrier in 1.782 ms
[Architectury Transformer DEBUG] Transforming from com/beigu/yunbeiuc/block/custom/pole/RoadPoleLightFoundations.class to com/beigu/yunbeiuc/block/custom/pole/RoadPoleLightFoundations.class with 5 transformer(s) on dev.architectury.transformer.handler.TinyRemapperPreparedTransformerHandler
[Architectury Transformer DEBUG] Found class transformer
[Architectury Transformer DEBUG] Writing com/beigu/yunbeiuc/block/custom/pole/RoadPoleLightFoundations with maxs=true frames=true
[Architectury Transformer DEBUG] Transformed com/beigu/yunbeiuc/block/custom/pole/RoadPoleLightFoundations in 1.744 ms
[Architectury Transformer DEBUG] Transforming from com/beigu/yunbeiuc/block/custom/pole/RoadLightingLamp.class to com/beigu/yunbeiuc/block/custom/pole/RoadLightingLamp.class with 5 transformer(s) on dev.architectury.transformer.handler.TinyRemapperPreparedTransformerHandler
[Architectury Transformer DEBUG] Found class transformer
[Architectury Transformer DEBUG] Writing com/beigu/yunbeiuc/block/custom/pole/RoadLightingLamp with maxs=true frames=true
[Architectury Transformer DEBUG] Transformed com/beigu/yunbeiuc/block/custom/pole/RoadLightingLamp in 1.766 ms
[Architectury Transformer DEBUG] Transforming from com/beigu/yunbeiuc/block/custom/SpeedBump.class to com/beigu/yunbeiuc/block/custom/SpeedBump.class with 5 transformer(s) on dev.architectury.transformer.handler.TinyRemapperPreparedTransformerHandler
[Architectury Transformer DEBUG] Found class transformer
[Architectury Transformer DEBUG] Writing com/beigu/yunbeiuc/block/custom/SpeedBump with maxs=true frames=true
[Architectury Transformer DEBUG] Transformed com/beigu/yunbeiuc/block/custom/SpeedBump in 1.771 ms
[Architectury Transformer DEBUG] Transforming from com/beigu/yunbeiuc/block/custom/pole/RoadPoleLongitudinal.class to com/beigu/yunbeiuc/block/custom/pole/RoadPoleLongitudinal.class with 5 transformer(s) on dev.architectury.transformer.handler.TinyRemapperPreparedTransformerHandler
[Architectury Transformer DEBUG] Found class transformer
[Architectury Transformer DEBUG] Writing com/beigu/yunbeiuc/block/custom/pole/RoadPoleLongitudinal with maxs=true frames=true
[Architectury Transformer DEBUG] Transformed com/beigu/yunbeiuc/block/custom/pole/RoadPoleLongitudinal in 1.558 ms
[Architectury Transformer DEBUG] Transforming from com/beigu/yunbeiuc/block/custom/pole/RoadPoleFlag.class to com/beigu/yunbeiuc/block/custom/pole/RoadPoleFlag.class with 5 transformer(s) on dev.architectury.transformer.handler.TinyRemapperPreparedTransformerHandler
[Architectury Transformer DEBUG] Found class transformer
[Architectury Transformer DEBUG] Writing com/beigu/yunbeiuc/block/custom/pole/RoadPoleFlag with maxs=true frames=true
[Architectury Transformer DEBUG] Transformed com/beigu/yunbeiuc/block/custom/pole/RoadPoleFlag in 3.778 ms
[Architectury Transformer DEBUG] Transforming from com/beigu/yunbeiuc/block/custom/RoadCollisionBarrel.class to com/beigu/yunbeiuc/block/custom/RoadCollisionBarrel.class with 5 transformer(s) on dev.architectury.transformer.handler.TinyRemapperPreparedTransformerHandler
[Architectury Transformer DEBUG] Found class transformer
[Architectury Transformer DEBUG] Writing com/beigu/yunbeiuc/block/custom/RoadCollisionBarrel with maxs=true frames=true
[Architectury Transformer DEBUG] Transformed com/beigu/yunbeiuc/block/custom/RoadCollisionBarrel in 1.427 ms
[Architectury Transformer DEBUG] Transforming from com/beigu/yunbeiuc/block/custom/VibrationMarkingLine.class to com/beigu/yunbeiuc/block/custom/VibrationMarkingLine.class with 5 transformer(s) on dev.architectury.transformer.handler.TinyRemapperPreparedTransformerHandler
[Architectury Transformer DEBUG] Found class transformer
[Architectury Transformer DEBUG] Writing com/beigu/yunbeiuc/block/custom/VibrationMarkingLine with maxs=true frames=true
[Architectury Transformer DEBUG] Transformed com/beigu/yunbeiuc/block/custom/VibrationMarkingLine in 1.996 ms
[Architectury Transformer DEBUG] Transforming from com/beigu/yunbeiuc/block/custom/pole/RoadPoleLightFoundationsSlab.class to com/beigu/yunbeiuc/block/custom/pole/RoadPoleLightFoundationsSlab.class with 5 transformer(s) on dev.architectury.transformer.handler.TinyRemapperPreparedTransformerHandler
[Architectury Transformer DEBUG] Found class transformer
[Architectury Transformer DEBUG] Writing com/beigu/yunbeiuc/block/custom/pole/RoadPoleLightFoundationsSlab with maxs=true frames=true
[Architectury Transformer DEBUG] Transformed com/beigu/yunbeiuc/block/custom/pole/RoadPoleLightFoundationsSlab in 1.140 ms
[Architectury Transformer DEBUG] Transforming from com/beigu/yunbeiuc/block/custom/lights/TrafficLightsPavement.class to com/beigu/yunbeiuc/block/custom/lights/TrafficLightsPavement.class with 5 transformer(s) on dev.architectury.transformer.handler.TinyRemapperPreparedTransformerHandler
[Architectury Transformer DEBUG] Found class transformer
[Architectury Transformer DEBUG] Writing com/beigu/yunbeiuc/block/custom/lights/TrafficLightsPavement with maxs=true frames=true
[Architectury Transformer DEBUG] Transformed com/beigu/yunbeiuc/block/custom/lights/TrafficLightsPavement in 2.353 ms
[Architectury Transformer DEBUG] Transforming from com/beigu/yunbeiuc/block/custom/gantry/GantryFrameConnection.class to com/beigu/yunbeiuc/block/custom/gantry/GantryFrameConnection.class with 5 transformer(s) on dev.architectury.transformer.handler.TinyRemapperPreparedTransformerHandler
[Architectury Transformer DEBUG] Found class transformer
[Architectury Transformer DEBUG] Writing com/beigu/yunbeiuc/block/custom/gantry/GantryFrameConnection with maxs=true frames=true
[Architectury Transformer DEBUG] Transformed com/beigu/yunbeiuc/block/custom/gantry/GantryFrameConnection in 4.029 ms
[Architectury Transformer DEBUG] Transforming from com/beigu/yunbeiuc/block/custom/pole/RoadRadarSpeedDetector.class to com/beigu/yunbeiuc/block/custom/pole/RoadRadarSpeedDetector.class with 5 transformer(s) on dev.architectury.transformer.handler.TinyRemapperPreparedTransformerHandler
[Architectury Transformer DEBUG] Found class transformer
[Architectury Transformer DEBUG] Writing com/beigu/yunbeiuc/block/custom/pole/RoadRadarSpeedDetector with maxs=true frames=true
[Architectury Transformer DEBUG] Transformed com/beigu/yunbeiuc/block/custom/pole/RoadRadarSpeedDetector in 2.722 ms
[Architectury Transformer DEBUG] Transforming from com/beigu/yunbeiuc/block/custom/pole/RoadPoleTextDisplay.class to com/beigu/yunbeiuc/block/custom/pole/RoadPoleTextDisplay.class with 5 transformer(s) on dev.architectury.transformer.handler.TinyRemapperPreparedTransformerHandler
[Architectury Transformer DEBUG] Found class transformer
[Architectury Transformer DEBUG] Writing com/beigu/yunbeiuc/block/custom/pole/RoadPoleTextDisplay with maxs=true frames=true
[Architectury Transformer DEBUG] Transformed com/beigu/yunbeiuc/block/custom/pole/RoadPoleTextDisplay in 3.779 ms
[Architectury Transformer DEBUG] Transforming from com/beigu/yunbeiuc/entity/RoadPoleTextDisplayEntity.class to com/beigu/yunbeiuc/entity/RoadPoleTextDisplayEntity.class with 5 transformer(s) on dev.architectury.transformer.handler.TinyRemapperPreparedTransformerHandler
[Architectury Transformer DEBUG] Found class transformer
[Architectury Transformer DEBUG] Writing com/beigu/yunbeiuc/entity/RoadPoleTextDisplayEntity with maxs=true frames=true
[Architectury Transformer DEBUG] Transformed com/beigu/yunbeiuc/entity/RoadPoleTextDisplayEntity in 2.167 ms
[Architectury Transformer DEBUG] Transforming from com/beigu/yunbeiuc/screen/RoadPoleTextDisplayScreen.class to com/beigu/yunbeiuc/screen/RoadPoleTextDisplayScreen.class with 5 transformer(s) on dev.architectury.transformer.handler.TinyRemapperPreparedTransformerHandler
[Architectury Transformer DEBUG] Found class transformer
[Architectury Transformer DEBUG] Writing com/beigu/yunbeiuc/screen/RoadPoleTextDisplayScreen with maxs=true frames=true
[Architectury Transformer DEBUG] Transformed com/beigu/yunbeiuc/screen/RoadPoleTextDisplayScreen in 20.50 ms
[Architectury Transformer DEBUG] Transforming from com/beigu/yunbeiuc/entity/FlagBlockEntity.class to com/beigu/yunbeiuc/entity/FlagBlockEntity.class with 5 transformer(s) on dev.architectury.transformer.handler.TinyRemapperPreparedTransformerHandler
[Architectury Transformer DEBUG] Found class transformer
[Architectury Transformer DEBUG] Writing com/beigu/yunbeiuc/entity/FlagBlockEntity with maxs=true frames=true
[Architectury Transformer DEBUG] Transformed com/beigu/yunbeiuc/entity/FlagBlockEntity in 2.143 ms
[Architectury Transformer DEBUG] Transforming from com/beigu/yunbeiuc/screen/FlagSelectionScreen.class to com/beigu/yunbeiuc/screen/FlagSelectionScreen.class with 5 transformer(s) on dev.architectury.transformer.handler.TinyRemapperPreparedTransformerHandler
[Architectury Transformer DEBUG] Found class transformer
[Architectury Transformer DEBUG] Writing com/beigu/yunbeiuc/screen/FlagSelectionScreen with maxs=true frames=true
[Architectury Transformer DEBUG] Transformed com/beigu/yunbeiuc/screen/FlagSelectionScreen in 4.154 ms
[Architectury Transformer DEBUG] Transforming from com/beigu/yunbeiuc/block/custom/pole/RoadPoleFlag$PoleType.class to com/beigu/yunbeiuc/block/custom/pole/RoadPoleFlag$PoleType.class with 5 transformer(s) on dev.architectury.transformer.handler.TinyRemapperPreparedTransformerHandler
[Architectury Transformer DEBUG] Found class transformer
[Architectury Transformer DEBUG] Writing com/beigu/yunbeiuc/block/custom/pole/RoadPoleFlag$PoleType with maxs=true frames=true
[Architectury Transformer DEBUG] Transformed com/beigu/yunbeiuc/block/custom/pole/RoadPoleFlag$PoleType in 1.849 ms
[Architectury Transformer DEBUG] Transforming from com/beigu/yunbeiuc/block/custom/pole/RoadLightHighMast$TFType.class to com/beigu/yunbeiuc/block/custom/pole/RoadLightHighMast$TFType.class with 5 transformer(s) on dev.architectury.transformer.handler.TinyRemapperPreparedTransformerHandler
[Architectury Transformer DEBUG] Found class transformer
[Architectury Transformer DEBUG] Writing com/beigu/yunbeiuc/block/custom/pole/RoadLightHighMast$TFType with maxs=true frames=true
[Architectury Transformer DEBUG] Transformed com/beigu/yunbeiuc/block/custom/pole/RoadLightHighMast$TFType in 2.016 ms
[Architectury Transformer DEBUG] Transforming from com/beigu/yunbeiuc/block/custom/pole/RoadLight$TFType.class to com/beigu/yunbeiuc/block/custom/pole/RoadLight$TFType.class with 5 transformer(s) on dev.architectury.transformer.handler.TinyRemapperPreparedTransformerHandler
[Architectury Transformer DEBUG] Found class transformer
[Architectury Transformer DEBUG] Writing com/beigu/yunbeiuc/block/custom/pole/RoadLight$TFType with maxs=true frames=true
[Architectury Transformer DEBUG] Transformed com/beigu/yunbeiuc/block/custom/pole/RoadLight$TFType in 1.867 ms
[Architectury Transformer DEBUG] Transforming from com/beigu/yunbeiuc/block/custom/pole/RoadLightingLamp$LightTFState.class to com/beigu/yunbeiuc/block/custom/pole/RoadLightingLamp$LightTFState.class with 5 transformer(s) on dev.architectury.transformer.handler.TinyRemapperPreparedTransformerHandler
[Architectury Transformer DEBUG] Found class transformer
[Architectury Transformer DEBUG] Writing com/beigu/yunbeiuc/block/custom/pole/RoadLightingLamp$LightTFState with maxs=true frames=true
[Architectury Transformer DEBUG] Transformed com/beigu/yunbeiuc/block/custom/pole/RoadLightingLamp$LightTFState in 1.245 ms
[Architectury Transformer DEBUG] Transforming from com/beigu/yunbeiuc/block/custom/pole/RoadRadarSpeedDetector$LightTFState.class to com/beigu/yunbeiuc/block/custom/pole/RoadRadarSpeedDetector$LightTFState.class with 5 transformer(s) on dev.architectury.transformer.handler.TinyRemapperPreparedTransformerHandler
[Architectury Transformer DEBUG] Found class transformer
[Architectury Transformer DEBUG] Writing com/beigu/yunbeiuc/block/custom/pole/RoadRadarSpeedDetector$LightTFState with maxs=true frames=true
[Architectury Transformer DEBUG] Transformed com/beigu/yunbeiuc/block/custom/pole/RoadRadarSpeedDetector$LightTFState in 2.224 ms
[Architectury Transformer DEBUG] Transforming from com/beigu/yunbeiuc/block/custom/lights/TrafficLightsBlock$LightState.class to com/beigu/yunbeiuc/block/custom/lights/TrafficLightsBlock$LightState.class with 5 transformer(s) on dev.architectury.transformer.handler.TinyRemapperPreparedTransformerHandler
[Architectury Transformer DEBUG] Found class transformer
[Architectury Transformer DEBUG] Writing com/beigu/yunbeiuc/block/custom/lights/TrafficLightsBlock$LightState with maxs=true frames=true
[Architectury Transformer DEBUG] Transformed com/beigu/yunbeiuc/block/custom/lights/TrafficLightsBlock$LightState in 1.004 ms
[Architectury Transformer DEBUG] Transforming from com/beigu/yunbeiuc/block/custom/lights/TrafficLightsPavement$LightPavementState.class to com/beigu/yunbeiuc/block/custom/lights/TrafficLightsPavement$LightPavementState.class with 5 transformer(s) on dev.architectury.transformer.handler.TinyRemapperPreparedTransformerHandler
[Architectury Transformer DEBUG] Found class transformer
[Architectury Transformer DEBUG] Writing com/beigu/yunbeiuc/block/custom/lights/TrafficLightsPavement$LightPavementState with maxs=true frames=true
[Architectury Transformer DEBUG] Transformed com/beigu/yunbeiuc/block/custom/lights/TrafficLightsPavement$LightPavementState in 1.338 ms
[Architectury Transformer DEBUG] Transforming from com/beigu/yunbeiuc/block/custom/SpeedBump$Type.class to com/beigu/yunbeiuc/block/custom/SpeedBump$Type.class with 5 transformer(s) on dev.architectury.transformer.handler.TinyRemapperPreparedTransformerHandler
[Architectury Transformer DEBUG] Found class transformer
[Architectury Transformer DEBUG] Writing com/beigu/yunbeiuc/block/custom/SpeedBump$Type with maxs=true frames=true
[Architectury Transformer DEBUG] Transformed com/beigu/yunbeiuc/block/custom/SpeedBump$Type in 1.727 ms
[Architectury Transformer DEBUG] Transforming from com/beigu/yunbeiuc/block/custom/ParkingSpaceBarrier$Type.class to com/beigu/yunbeiuc/block/custom/ParkingSpaceBarrier$Type.class with 5 transformer(s) on dev.architectury.transformer.handler.TinyRemapperPreparedTransformerHandler
[Architectury Transformer DEBUG] Found class transformer
[Architectury Transformer DEBUG] Writing com/beigu/yunbeiuc/block/custom/ParkingSpaceBarrier$Type with maxs=true frames=true
[Architectury Transformer DEBUG] Transformed com/beigu/yunbeiuc/block/custom/ParkingSpaceBarrier$Type in 1.286 ms
[Architectury Transformer DEBUG] Transforming from com/beigu/yunbeiuc/block/custom/gantry/GantryFrameSide$GantryFrameType.class to com/beigu/yunbeiuc/block/custom/gantry/GantryFrameSide$GantryFrameType.class with 5 transformer(s) on dev.architectury.transformer.handler.TinyRemapperPreparedTransformerHandler
[Architectury Transformer DEBUG] Found class transformer
[Architectury Transformer DEBUG] Writing com/beigu/yunbeiuc/block/custom/gantry/GantryFrameSide$GantryFrameType with maxs=true frames=true
[Architectury Transformer DEBUG] Transformed com/beigu/yunbeiuc/block/custom/gantry/GantryFrameSide$GantryFrameType in 1.678 ms
[Architectury Transformer DEBUG] Transforming from com/beigu/yunbeiuc/block/custom/gantry/GantryFrameConnection$GantryFrameConnectionType.class to com/beigu/yunbeiuc/block/custom/gantry/GantryFrameConnection$GantryFrameConnectionType.class with 5 transformer(s) on dev.architectury.transformer.handler.TinyRemapperPreparedTransformerHandler
[Architectury Transformer DEBUG] Found class transformer
[Architectury Transformer DEBUG] Writing com/beigu/yunbeiuc/block/custom/gantry/GantryFrameConnection$GantryFrameConnectionType with maxs=true frames=true
[Architectury Transformer DEBUG] Transformed com/beigu/yunbeiuc/block/custom/gantry/GantryFrameConnection$GantryFrameConnectionType in 1.635 ms
[Architectury Transformer DEBUG] Transforming from com/beigu/yunbeiuc/block/custom/gantry/GantryFrameMain$GantryFrameMainType.class to com/beigu/yunbeiuc/block/custom/gantry/GantryFrameMain$GantryFrameMainType.class with 5 transformer(s) on dev.architectury.transformer.handler.TinyRemapperPreparedTransformerHandler
[Architectury Transformer DEBUG] Found class transformer
[Architectury Transformer DEBUG] Writing com/beigu/yunbeiuc/block/custom/gantry/GantryFrameMain$GantryFrameMainType with maxs=true frames=true
[Architectury Transformer DEBUG] Transformed com/beigu/yunbeiuc/block/custom/gantry/GantryFrameMain$GantryFrameMainType in 1.083 ms
[Architectury Transformer DEBUG] Transforming from com/beigu/yunbeiuc/block/custom/gantry/GantryFrameRailing$Type.class to com/beigu/yunbeiuc/block/custom/gantry/GantryFrameRailing$Type.class with 5 transformer(s) on dev.architectury.transformer.handler.TinyRemapperPreparedTransformerHandler
[Architectury Transformer DEBUG] Found class transformer
[Architectury Transformer DEBUG] Writing com/beigu/yunbeiuc/block/custom/gantry/GantryFrameRailing$Type with maxs=true frames=true
[Architectury Transformer DEBUG] Transformed com/beigu/yunbeiuc/block/custom/gantry/GantryFrameRailing$Type in 1.459 ms
[Architectury Transformer DEBUG] Transforming from com/beigu/yunbeiuc/block/custom/gantry/GantryFrameLedSide$Type.class to com/beigu/yunbeiuc/block/custom/gantry/GantryFrameLedSide$Type.class with 5 transformer(s) on dev.architectury.transformer.handler.TinyRemapperPreparedTransformerHandler
[Architectury Transformer DEBUG] Found class transformer
[Architectury Transformer DEBUG] Writing com/beigu/yunbeiuc/block/custom/gantry/GantryFrameLedSide$Type with maxs=true frames=true
[Architectury Transformer DEBUG] Transformed com/beigu/yunbeiuc/block/custom/gantry/GantryFrameLedSide$Type in 1.366 ms
[Architectury Transformer DEBUG] Transforming from com/beigu/yunbeiuc/block/custom/gantry/GantryFrameLed$Type.class to com/beigu/yunbeiuc/block/custom/gantry/GantryFrameLed$Type.class with 5 transformer(s) on dev.architectury.transformer.handler.TinyRemapperPreparedTransformerHandler
[Architectury Transformer DEBUG] Found class transformer
[Architectury Transformer DEBUG] Writing com/beigu/yunbeiuc/block/custom/gantry/GantryFrameLed$Type with maxs=true frames=true
[Architectury Transformer DEBUG] Transformed com/beigu/yunbeiuc/block/custom/gantry/GantryFrameLed$Type in 2.045 ms
[Architectury Transformer DEBUG] Transforming from com/beigu/yunbeiuc/block/custom/gantry/GantryFrameLightingLamp$LightTFState.class to com/beigu/yunbeiuc/block/custom/gantry/GantryFrameLightingLamp$LightTFState.class with 5 transformer(s) on dev.architectury.transformer.handler.TinyRemapperPreparedTransformerHandler
[Architectury Transformer DEBUG] Found class transformer
[Architectury Transformer DEBUG] Writing com/beigu/yunbeiuc/block/custom/gantry/GantryFrameLightingLamp$LightTFState with maxs=true frames=true
[Architectury Transformer DEBUG] Transformed com/beigu/yunbeiuc/block/custom/gantry/GantryFrameLightingLamp$LightTFState in 2.013 ms
[Architectury Transformer DEBUG] Transforming from com/beigu/yunbeiuc/block/custom/gantry/GantryFrameRadarSpeedDetector$LightTFState.class to com/beigu/yunbeiuc/block/custom/gantry/GantryFrameRadarSpeedDetector$LightTFState.class with 5 transformer(s) on dev.architectury.transformer.handler.TinyRemapperPreparedTransformerHandler
[Architectury Transformer DEBUG] Found class transformer
[Architectury Transformer DEBUG] Writing com/beigu/yunbeiuc/block/custom/gantry/GantryFrameRadarSpeedDetector$LightTFState with maxs=true frames=true
[Architectury Transformer DEBUG] Transformed com/beigu/yunbeiuc/block/custom/gantry/GantryFrameRadarSpeedDetector$LightTFState in 1.590 ms
[Architectury Transformer DEBUG] Transforming from com/beigu/yunbeiuc/block/custom/waring/WarningNetworkPole$AntiGlareNetPoleType.class to com/beigu/yunbeiuc/block/custom/waring/WarningNetworkPole$AntiGlareNetPoleType.class with 5 transformer(s) on dev.architectury.transformer.handler.TinyRemapperPreparedTransformerHandler
[Architectury Transformer DEBUG] Found class transformer
[Architectury Transformer DEBUG] Writing com/beigu/yunbeiuc/block/custom/waring/WarningNetworkPole$AntiGlareNetPoleType with maxs=true frames=true
[Architectury Transformer DEBUG] Transformed com/beigu/yunbeiuc/block/custom/waring/WarningNetworkPole$AntiGlareNetPoleType in 2.293 ms
[Architectury Transformer DEBUG] Transforming from com/beigu/yunbeiuc/block/custom/anti/AntiGlareNetPole$AntiGlareNetPoleType.class to com/beigu/yunbeiuc/block/custom/anti/AntiGlareNetPole$AntiGlareNetPoleType.class with 5 transformer(s) on dev.architectury.transformer.handler.TinyRemapperPreparedTransformerHandler
[Architectury Transformer DEBUG] Found class transformer
[Architectury Transformer DEBUG] Writing com/beigu/yunbeiuc/block/custom/anti/AntiGlareNetPole$AntiGlareNetPoleType with maxs=true frames=true
[Architectury Transformer DEBUG] Transformed com/beigu/yunbeiuc/block/custom/anti/AntiGlareNetPole$AntiGlareNetPoleType in 1.662 ms
[Architectury Transformer DEBUG] Transforming from com/beigu/yunbeiuc/block/custom/barrier/TrafficBarrierBlock$Type.class to com/beigu/yunbeiuc/block/custom/barrier/TrafficBarrierBlock$Type.class with 5 transformer(s) on dev.architectury.transformer.handler.TinyRemapperPreparedTransformerHandler
[Architectury Transformer DEBUG] Found class transformer
[Architectury Transformer DEBUG] Writing com/beigu/yunbeiuc/block/custom/barrier/TrafficBarrierBlock$Type with maxs=true frames=true
[Architectury Transformer DEBUG] Transformed com/beigu/yunbeiuc/block/custom/barrier/TrafficBarrierBlock$Type in 1.884 ms
[Architectury Transformer DEBUG] Transforming from com/beigu/yunbeiuc/block/custom/barrier/TrafficBarrierDoubleBlock$Type.class to com/beigu/yunbeiuc/block/custom/barrier/TrafficBarrierDoubleBlock$Type.class with 5 transformer(s) on dev.architectury.transformer.handler.TinyRemapperPreparedTransformerHandler
[Architectury Transformer DEBUG] Found class transformer
[Architectury Transformer DEBUG] Writing com/beigu/yunbeiuc/block/custom/barrier/TrafficBarrierDoubleBlock$Type with maxs=true frames=true
[Architectury Transformer DEBUG] Transformed com/beigu/yunbeiuc/block/custom/barrier/TrafficBarrierDoubleBlock$Type in 1.762 ms
[Architectury Transformer DEBUG] Transforming from com/beigu/yunbeiuc/block/custom/barrier/TrafficBarrierObliqueBlock$Type.class to com/beigu/yunbeiuc/block/custom/barrier/TrafficBarrierObliqueBlock$Type.class with 5 transformer(s) on dev.architectury.transformer.handler.TinyRemapperPreparedTransformerHandler
[Architectury Transformer DEBUG] Found class transformer
[Architectury Transformer DEBUG] Writing com/beigu/yunbeiuc/block/custom/barrier/TrafficBarrierObliqueBlock$Type with maxs=true frames=true
[Architectury Transformer DEBUG] Transformed com/beigu/yunbeiuc/block/custom/barrier/TrafficBarrierObliqueBlock$Type in 1.548 ms
[Architectury Transformer DEBUG] Transforming from com/beigu/yunbeiuc/block/custom/barrier/TrafficBarrierGrayBlock$Type.class to com/beigu/yunbeiuc/block/custom/barrier/TrafficBarrierGrayBlock$Type.class with 5 transformer(s) on dev.architectury.transformer.handler.TinyRemapperPreparedTransformerHandler
[Architectury Transformer DEBUG] Found class transformer
[Architectury Transformer DEBUG] Writing com/beigu/yunbeiuc/block/custom/barrier/TrafficBarrierGrayBlock$Type with maxs=true frames=true
[Architectury Transformer DEBUG] Transformed com/beigu/yunbeiuc/block/custom/barrier/TrafficBarrierGrayBlock$Type in 1.419 ms
[Architectury Transformer DEBUG] Transforming from com/beigu/yunbeiuc/block/custom/barrier/TrafficBarrierGrayObliqueBlock$Type.class to com/beigu/yunbeiuc/block/custom/barrier/TrafficBarrierGrayObliqueBlock$Type.class with 5 transformer(s) on dev.architectury.transformer.handler.TinyRemapperPreparedTransformerHandler
[Architectury Transformer DEBUG] Found class transformer
[Architectury Transformer DEBUG] Writing com/beigu/yunbeiuc/block/custom/barrier/TrafficBarrierGrayObliqueBlock$Type with maxs=true frames=true
[Architectury Transformer DEBUG] Transformed com/beigu/yunbeiuc/block/custom/barrier/TrafficBarrierGrayObliqueBlock$Type in 2.953 ms
[Architectury Transformer DEBUG] Transforming from com/beigu/yunbeiuc/entity/RoadNameSignBlockEntity.class to com/beigu/yunbeiuc/entity/RoadNameSignBlockEntity.class with 5 transformer(s) on dev.architectury.transformer.handler.TinyRemapperPreparedTransformerHandler
[Architectury Transformer DEBUG] Found class transformer
[Architectury Transformer DEBUG] Writing com/beigu/yunbeiuc/entity/RoadNameSignBlockEntity with maxs=true frames=true
[Architectury Transformer DEBUG] Transformed com/beigu/yunbeiuc/entity/RoadNameSignBlockEntity in 1.490 ms
[Architectury Transformer DEBUG] Transforming from com/beigu/yunbeiuc/screen/RoadNameSignScreen.class to com/beigu/yunbeiuc/screen/RoadNameSignScreen.class with 5 transformer(s) on dev.architectury.transformer.handler.TinyRemapperPreparedTransformerHandler
[Architectury Transformer DEBUG] Found class transformer
[Architectury Transformer DEBUG] Writing com/beigu/yunbeiuc/screen/RoadNameSignScreen with maxs=true frames=true
[Architectury Transformer DEBUG] Transformed com/beigu/yunbeiuc/screen/RoadNameSignScreen in 3.990 ms
[Architectury Transformer DEBUG] Transforming from com/beigu/yunbeiuc/block/custom/RoadNameSignBlock$BGType.class to com/beigu/yunbeiuc/block/custom/RoadNameSignBlock$BGType.class with 5 transformer(s) on dev.architectury.transformer.handler.TinyRemapperPreparedTransformerHandler
[Architectury Transformer DEBUG] Found class transformer
[Architectury Transformer DEBUG] Writing com/beigu/yunbeiuc/block/custom/RoadNameSignBlock$BGType with maxs=true frames=true
[Architectury Transformer DEBUG] Transformed com/beigu/yunbeiuc/block/custom/RoadNameSignBlock$BGType in 1.467 ms
[Architectury Transformer DEBUG] Transforming from com/beigu/yunbeiuc/block/custom/instrument/InstrumentCamera$DirectionType.class to com/beigu/yunbeiuc/block/custom/instrument/InstrumentCamera$DirectionType.class with 5 transformer(s) on dev.architectury.transformer.handler.TinyRemapperPreparedTransformerHandler
[Architectury Transformer DEBUG] Found class transformer
[Architectury Transformer DEBUG] Writing com/beigu/yunbeiuc/block/custom/instrument/InstrumentCamera$DirectionType with maxs=true frames=true
[Architectury Transformer DEBUG] Transformed com/beigu/yunbeiuc/block/custom/instrument/InstrumentCamera$DirectionType in 2.153 ms
[Architectury Transformer DEBUG] Transforming from com/beigu/yunbeiuc/block/custom/instrument/InstrumentFeeDisplay$DirectionType.class to com/beigu/yunbeiuc/block/custom/instrument/InstrumentFeeDisplay$DirectionType.class with 5 transformer(s) on dev.architectury.transformer.handler.TinyRemapperPreparedTransformerHandler
[Architectury Transformer DEBUG] Found class transformer
[Architectury Transformer DEBUG] Writing com/beigu/yunbeiuc/block/custom/instrument/InstrumentFeeDisplay$DirectionType with maxs=true frames=true
[Architectury Transformer DEBUG] Transformed com/beigu/yunbeiuc/block/custom/instrument/InstrumentFeeDisplay$DirectionType in 1.148 ms
[Architectury Transformer DEBUG] Transforming from com/beigu/yunbeiuc/block/custom/instrument/InstrumentLaneIndicator$TFType.class to com/beigu/yunbeiuc/block/custom/instrument/InstrumentLaneIndicator$TFType.class with 5 transformer(s) on dev.architectury.transformer.handler.TinyRemapperPreparedTransformerHandler
[Architectury Transformer DEBUG] Found class transformer
[Architectury Transformer DEBUG] Writing com/beigu/yunbeiuc/block/custom/instrument/InstrumentLaneIndicator$TFType with maxs=true frames=true
[Architectury Transformer DEBUG] Transformed com/beigu/yunbeiuc/block/custom/instrument/InstrumentLaneIndicator$TFType in 1.889 ms
[Architectury Transformer DEBUG] Transforming from com/beigu/yunbeiuc/block/custom/rubbish/RubbishBinWhite$NumberState.class to com/beigu/yunbeiuc/block/custom/rubbish/RubbishBinWhite$NumberState.class with 5 transformer(s) on dev.architectury.transformer.handler.TinyRemapperPreparedTransformerHandler
[Architectury Transformer DEBUG] Found class transformer
[Architectury Transformer DEBUG] Writing com/beigu/yunbeiuc/block/custom/rubbish/RubbishBinWhite$NumberState with maxs=true frames=true
[Architectury Transformer DEBUG] Transformed com/beigu/yunbeiuc/block/custom/rubbish/RubbishBinWhite$NumberState in 1.425 ms
[Architectury Transformer DEBUG] Transforming from com/beigu/yunbeiuc/block/custom/rubbish/RubbishBinGrayGreen$NumberState.class to com/beigu/yunbeiuc/block/custom/rubbish/RubbishBinGrayGreen$NumberState.class with 5 transformer(s) on dev.architectury.transformer.handler.TinyRemapperPreparedTransformerHandler
[Architectury Transformer DEBUG] Found class transformer
[Architectury Transformer DEBUG] Writing com/beigu/yunbeiuc/block/custom/rubbish/RubbishBinGrayGreen$NumberState with maxs=true frames=true
[Architectury Transformer DEBUG] Transformed com/beigu/yunbeiuc/block/custom/rubbish/RubbishBinGrayGreen$NumberState in 12.58 ms
[Architectury Transformer DEBUG] Transforming from com/beigu/yunbeiuc/block/custom/gate/BarrierGate1Main$PoleType.class to com/beigu/yunbeiuc/block/custom/gate/BarrierGate1Main$PoleType.class with 5 transformer(s) on dev.architectury.transformer.handler.TinyRemapperPreparedTransformerHandler
[Architectury Transformer DEBUG] Found class transformer
[Architectury Transformer DEBUG] Writing com/beigu/yunbeiuc/block/custom/gate/BarrierGate1Main$PoleType with maxs=true frames=true
[Architectury Transformer DEBUG] Transformed com/beigu/yunbeiuc/block/custom/gate/BarrierGate1Main$PoleType in 1.243 ms
[Architectury Transformer DEBUG] Transforming from com/beigu/yunbeiuc/block/custom/gate/BarrierGate1MainSlab$PoleType.class to com/beigu/yunbeiuc/block/custom/gate/BarrierGate1MainSlab$PoleType.class with 5 transformer(s) on dev.architectury.transformer.handler.TinyRemapperPreparedTransformerHandler
[Architectury Transformer DEBUG] Found class transformer
[Architectury Transformer DEBUG] Writing com/beigu/yunbeiuc/block/custom/gate/BarrierGate1MainSlab$PoleType with maxs=true frames=true
[Architectury Transformer DEBUG] Transformed com/beigu/yunbeiuc/block/custom/gate/BarrierGate1MainSlab$PoleType in 1.308 ms
[Architectury Transformer DEBUG] Transforming from com/beigu/yunbeiuc/block/custom/gate/BarrierGate1PoleHorizontal$Type.class to com/beigu/yunbeiuc/block/custom/gate/BarrierGate1PoleHorizontal$Type.class with 5 transformer(s) on dev.architectury.transformer.handler.TinyRemapperPreparedTransformerHandler
[Architectury Transformer DEBUG] Found class transformer
[Architectury Transformer DEBUG] Writing com/beigu/yunbeiuc/block/custom/gate/BarrierGate1PoleHorizontal$Type with maxs=true frames=true
[Architectury Transformer DEBUG] Transformed com/beigu/yunbeiuc/block/custom/gate/BarrierGate1PoleHorizontal$Type in 1.057 ms
[Architectury Transformer DEBUG] Transforming from com/beigu/yunbeiuc/block/custom/gate/BarrierGate1PoleHorizontal$GateType.class to com/beigu/yunbeiuc/block/custom/gate/BarrierGate1PoleHorizontal$GateType.class with 5 transformer(s) on dev.architectury.transformer.handler.TinyRemapperPreparedTransformerHandler
[Architectury Transformer DEBUG] Found class transformer
[Architectury Transformer DEBUG] Writing com/beigu/yunbeiuc/block/custom/gate/BarrierGate1PoleHorizontal$GateType with maxs=true frames=true
[Architectury Transformer DEBUG] Transformed com/beigu/yunbeiuc/block/custom/gate/BarrierGate1PoleHorizontal$GateType in 3.268 ms
[Architectury Transformer DEBUG] Transforming from com/beigu/yunbeiuc/block/custom/gate/BarrierGate1PoleLongitudinal$PoleType.class to com/beigu/yunbeiuc/block/custom/gate/BarrierGate1PoleLongitudinal$PoleType.class with 5 transformer(s) on dev.architectury.transformer.handler.TinyRemapperPreparedTransformerHandler
[Architectury Transformer DEBUG] Found class transformer
[Architectury Transformer DEBUG] Writing com/beigu/yunbeiuc/block/custom/gate/BarrierGate1PoleLongitudinal$PoleType with maxs=true frames=true
[Architectury Transformer DEBUG] Transformed com/beigu/yunbeiuc/block/custom/gate/BarrierGate1PoleLongitudinal$PoleType in 1.476 ms
[Architectury Transformer DEBUG] Transforming from com/beigu/yunbeiuc/block/RoadBlocks.class to com/beigu/yunbeiuc/block/RoadBlocks.class with 5 transformer(s) on dev.architectury.transformer.handler.TinyRemapperPreparedTransformerHandler
[Architectury Transformer DEBUG] Found class transformer
[Architectury Transformer DEBUG] Writing com/beigu/yunbeiuc/block/RoadBlocks with maxs=true frames=true
[Architectury Transformer DEBUG] Transformed com/beigu/yunbeiuc/block/RoadBlocks in 8.438 ms
[Architectury Transformer DEBUG] Transforming from com/beigu/yunbeiuc/block/custom/road/GroundMark1Block.class to com/beigu/yunbeiuc/block/custom/road/GroundMark1Block.class with 5 transformer(s) on dev.architectury.transformer.handler.TinyRemapperPreparedTransformerHandler
[Architectury Transformer DEBUG] Found class transformer
[Architectury Transformer DEBUG] Writing com/beigu/yunbeiuc/block/custom/road/GroundMark1Block with maxs=true frames=true
[Architectury Transformer DEBUG] Transformed com/beigu/yunbeiuc/block/custom/road/GroundMark1Block in 1.218 ms
[Architectury Transformer DEBUG] Transforming from com/beigu/yunbeiuc/block/custom/road/GroundMark2Block.class to com/beigu/yunbeiuc/block/custom/road/GroundMark2Block.class with 5 transformer(s) on dev.architectury.transformer.handler.TinyRemapperPreparedTransformerHandler
[Architectury Transformer DEBUG] Found class transformer
[Architectury Transformer DEBUG] Writing com/beigu/yunbeiuc/block/custom/road/GroundMark2Block with maxs=true frames=true
[Architectury Transformer DEBUG] Transformed com/beigu/yunbeiuc/block/custom/road/GroundMark2Block in 1.473 ms
[Architectury Transformer DEBUG] Transforming from com/beigu/yunbeiuc/block/SignBlocks.class to com/beigu/yunbeiuc/block/SignBlocks.class with 5 transformer(s) on dev.architectury.transformer.handler.TinyRemapperPreparedTransformerHandler
[Architectury Transformer DEBUG] Found class transformer
[Architectury Transformer DEBUG] Writing com/beigu/yunbeiuc/block/SignBlocks with maxs=true frames=true
[Architectury Transformer DEBUG] Transformed com/beigu/yunbeiuc/block/SignBlocks in 39.44 ms
[Architectury Transformer DEBUG] Transforming from com/beigu/yunbeiuc/block/custom/sign/SignSimpleBlock.class to com/beigu/yunbeiuc/block/custom/sign/SignSimpleBlock.class with 5 transformer(s) on dev.architectury.transformer.handler.TinyRemapperPreparedTransformerHandler
[Architectury Transformer DEBUG] Found class transformer
[Architectury Transformer DEBUG] Writing com/beigu/yunbeiuc/block/custom/sign/SignSimpleBlock with maxs=true frames=true
[Architectury Transformer DEBUG] Transformed com/beigu/yunbeiuc/block/custom/sign/SignSimpleBlock in 2.679 ms
[Architectury Transformer DEBUG] Transforming from com/beigu/yunbeiuc/block/custom/sign/SignGuideIntersectionAdvanceWarning7.class to com/beigu/yunbeiuc/block/custom/sign/SignGuideIntersectionAdvanceWarning7.class with 5 transformer(s) on dev.architectury.transformer.handler.TinyRemapperPreparedTransformerHandler
[Architectury Transformer DEBUG] Found class transformer
[Architectury Transformer DEBUG] Writing com/beigu/yunbeiuc/block/custom/sign/SignGuideIntersectionAdvanceWarning7 with maxs=true frames=true
[Architectury Transformer DEBUG] Transformed com/beigu/yunbeiuc/block/custom/sign/SignGuideIntersectionAdvanceWarning7 in 3.421 ms
[Architectury Transformer DEBUG] Transforming from com/beigu/yunbeiuc/block/custom/sign/SignGuideConfirmation1.class to com/beigu/yunbeiuc/block/custom/sign/SignGuideConfirmation1.class with 5 transformer(s) on dev.architectury.transformer.handler.TinyRemapperPreparedTransformerHandler
[Architectury Transformer DEBUG] Found class transformer
[Architectury Transformer DEBUG] Writing com/beigu/yunbeiuc/block/custom/sign/SignGuideConfirmation1 with maxs=true frames=true
[Architectury Transformer DEBUG] Transformed com/beigu/yunbeiuc/block/custom/sign/SignGuideConfirmation1 in 3.060 ms
[Architectury Transformer DEBUG] Transforming from com/beigu/yunbeiuc/block/custom/sign/SignGuideIntersectionWarning4.class to com/beigu/yunbeiuc/block/custom/sign/SignGuideIntersectionWarning4.class with 5 transformer(s) on dev.architectury.transformer.handler.TinyRemapperPreparedTransformerHandler
[Architectury Transformer DEBUG] Found class transformer
[Architectury Transformer DEBUG] Writing com/beigu/yunbeiuc/block/custom/sign/SignGuideIntersectionWarning4 with maxs=true frames=true
[Architectury Transformer DEBUG] Transformed com/beigu/yunbeiuc/block/custom/sign/SignGuideIntersectionWarning4 in 3.260 ms
[Architectury Transformer DEBUG] Transforming from com/beigu/yunbeiuc/block/custom/sign/ZonesBoardTimeRange1.class to com/beigu/yunbeiuc/block/custom/sign/ZonesBoardTimeRange1.class with 5 transformer(s) on dev.architectury.transformer.handler.TinyRemapperPreparedTransformerHandler
[Architectury Transformer DEBUG] Found class transformer
[Architectury Transformer DEBUG] Writing com/beigu/yunbeiuc/block/custom/sign/ZonesBoardTimeRange1 with maxs=true frames=true
[Architectury Transformer DEBUG] Transformed com/beigu/yunbeiuc/block/custom/sign/ZonesBoardTimeRange1 in 3.069 ms
[Architectury Transformer DEBUG] Transforming from com/beigu/yunbeiuc/block/custom/sign/SignGuideIntersectionAdvanceWarning3.class to com/beigu/yunbeiuc/block/custom/sign/SignGuideIntersectionAdvanceWarning3.class with 5 transformer(s) on dev.architectury.transformer.handler.TinyRemapperPreparedTransformerHandler
[Architectury Transformer DEBUG] Found class transformer
[Architectury Transformer DEBUG] Writing com/beigu/yunbeiuc/block/custom/sign/SignGuideIntersectionAdvanceWarning3 with maxs=true frames=true
[Architectury Transformer DEBUG] Transformed com/beigu/yunbeiuc/block/custom/sign/SignGuideIntersectionAdvanceWarning3 in 3.446 ms
[Architectury Transformer DEBUG] Transforming from com/beigu/yunbeiuc/block/custom/sign/ZonesBoardOverWeight.class to com/beigu/yunbeiuc/block/custom/sign/ZonesBoardOverWeight.class with 5 transformer(s) on dev.architectury.transformer.handler.TinyRemapperPreparedTransformerHandler
[Architectury Transformer DEBUG] Found class transformer
[Architectury Transformer DEBUG] Writing com/beigu/yunbeiuc/block/custom/sign/ZonesBoardOverWeight with maxs=true frames=true
[Architectury Transformer DEBUG] Transformed com/beigu/yunbeiuc/block/custom/sign/ZonesBoardOverWeight in 6.179 ms
[Architectury Transformer DEBUG] Transforming from com/beigu/yunbeiuc/block/custom/sign/SignGuideIntersectionAdvanceWarning1Wuhan.class to com/beigu/yunbeiuc/block/custom/sign/SignGuideIntersectionAdvanceWarning1Wuhan.class with 5 transformer(s) on dev.architectury.transformer.handler.TinyRemapperPreparedTransformerHandler
[Architectury Transformer DEBUG] Found class transformer
[Architectury Transformer DEBUG] Writing com/beigu/yunbeiuc/block/custom/sign/SignGuideIntersectionAdvanceWarning1Wuhan with maxs=true frames=true
[Architectury Transformer DEBUG] Transformed com/beigu/yunbeiuc/block/custom/sign/SignGuideIntersectionAdvanceWarning1Wuhan in 4.131 ms
[Architectury Transformer DEBUG] Transforming from com/beigu/yunbeiuc/block/custom/sign/SignGuideIntersectionAdvanceWarning1.class to com/beigu/yunbeiuc/block/custom/sign/SignGuideIntersectionAdvanceWarning1.class with 5 transformer(s) on dev.architectury.transformer.handler.TinyRemapperPreparedTransformerHandler
[Architectury Transformer DEBUG] Found class transformer
[Architectury Transformer DEBUG] Writing com/beigu/yunbeiuc/block/custom/sign/SignGuideIntersectionAdvanceWarning1 with maxs=true frames=true
[Architectury Transformer DEBUG] Transformed com/beigu/yunbeiuc/block/custom/sign/SignGuideIntersectionAdvanceWarning1 in 3.654 ms
[Architectury Transformer DEBUG] Transforming from com/beigu/yunbeiuc/block/custom/sign/SignGuideIntersectionWarning1.class to com/beigu/yunbeiuc/block/custom/sign/SignGuideIntersectionWarning1.class with 5 transformer(s) on dev.architectury.transformer.handler.TinyRemapperPreparedTransformerHandler
[Architectury Transformer DEBUG] Found class transformer
[Architectury Transformer DEBUG] Writing com/beigu/yunbeiuc/block/custom/sign/SignGuideIntersectionWarning1 with maxs=true frames=true
[Architectury Transformer DEBUG] Transformed com/beigu/yunbeiuc/block/custom/sign/SignGuideIntersectionWarning1 in 3.764 ms
[Architectury Transformer DEBUG] Transforming from com/beigu/yunbeiuc/block/custom/sign/ZonesBoard1.class to com/beigu/yunbeiuc/block/custom/sign/ZonesBoard1.class with 5 transformer(s) on dev.architectury.transformer.handler.TinyRemapperPreparedTransformerHandler
[Architectury Transformer DEBUG] Found class transformer
[Architectury Transformer DEBUG] Writing com/beigu/yunbeiuc/block/custom/sign/ZonesBoard1 with maxs=true frames=true
[Architectury Transformer DEBUG] Transformed com/beigu/yunbeiuc/block/custom/sign/ZonesBoard1 in 2.964 ms
[Architectury Transformer DEBUG] Transforming from com/beigu/yunbeiuc/block/custom/sign/ZonesBoardImage.class to com/beigu/yunbeiuc/block/custom/sign/ZonesBoardImage.class with 5 transformer(s) on dev.architectury.transformer.handler.TinyRemapperPreparedTransformerHandler
[Architectury Transformer DEBUG] Found class transformer
[Architectury Transformer DEBUG] Writing com/beigu/yunbeiuc/block/custom/sign/ZonesBoardImage with maxs=true frames=true
[Architectury Transformer DEBUG] Transformed com/beigu/yunbeiuc/block/custom/sign/ZonesBoardImage in 3.383 ms
[Architectury Transformer DEBUG] Transforming from com/beigu/yunbeiuc/block/custom/sign/SignGuideIntersectionAdvanceWarning6.class to com/beigu/yunbeiuc/block/custom/sign/SignGuideIntersectionAdvanceWarning6.class with 5 transformer(s) on dev.architectury.transformer.handler.TinyRemapperPreparedTransformerHandler
[Architectury Transformer DEBUG] Found class transformer
[Architectury Transformer DEBUG] Writing com/beigu/yunbeiuc/block/custom/sign/SignGuideIntersectionAdvanceWarning6 with maxs=true frames=true
[Architectury Transformer DEBUG] Transformed com/beigu/yunbeiuc/block/custom/sign/SignGuideIntersectionAdvanceWarning6 in 2.930 ms
[Architectury Transformer DEBUG] Transforming from com/beigu/yunbeiuc/block/custom/sign/ZonesBoardTimeRange2.class to com/beigu/yunbeiuc/block/custom/sign/ZonesBoardTimeRange2.class with 5 transformer(s) on dev.architectury.transformer.handler.TinyRemapperPreparedTransformerHandler
[Architectury Transformer DEBUG] Found class transformer
[Architectury Transformer DEBUG] Writing com/beigu/yunbeiuc/block/custom/sign/ZonesBoardTimeRange2 with maxs=true frames=true
[Architectury Transformer DEBUG] Transformed com/beigu/yunbeiuc/block/custom/sign/ZonesBoardTimeRange2 in 4.336 ms
[Architectury Transformer DEBUG] Transforming from com/beigu/yunbeiuc/block/custom/sign/SignGuideIntersectionAdvanceWarning5.class to com/beigu/yunbeiuc/block/custom/sign/SignGuideIntersectionAdvanceWarning5.class with 5 transformer(s) on dev.architectury.transformer.handler.TinyRemapperPreparedTransformerHandler
[Architectury Transformer DEBUG] Found class transformer
[Architectury Transformer DEBUG] Writing com/beigu/yunbeiuc/block/custom/sign/SignGuideIntersectionAdvanceWarning5 with maxs=true frames=true
[Architectury Transformer DEBUG] Transformed com/beigu/yunbeiuc/block/custom/sign/SignGuideIntersectionAdvanceWarning5 in 3.420 ms
[Architectury Transformer DEBUG] Transforming from com/beigu/yunbeiuc/block/custom/sign/SignExpresswayEntranceAdvance10.class to com/beigu/yunbeiuc/block/custom/sign/SignExpresswayEntranceAdvance10.class with 5 transformer(s) on dev.architectury.transformer.handler.TinyRemapperPreparedTransformerHandler
[Architectury Transformer DEBUG] Found class transformer
[Architectury Transformer DEBUG] Writing com/beigu/yunbeiuc/block/custom/sign/SignExpresswayEntranceAdvance10 with maxs=true frames=true
[Architectury Transformer DEBUG] Transformed com/beigu/yunbeiuc/block/custom/sign/SignExpresswayEntranceAdvance10 in 4.498 ms
[Architectury Transformer DEBUG] Transforming from com/beigu/yunbeiuc/block/custom/sign/SignGuideLaneIndicator1.class to com/beigu/yunbeiuc/block/custom/sign/SignGuideLaneIndicator1.class with 5 transformer(s) on dev.architectury.transformer.handler.TinyRemapperPreparedTransformerHandler
[Architectury Transformer DEBUG] Found class transformer
[Architectury Transformer DEBUG] Writing com/beigu/yunbeiuc/block/custom/sign/SignGuideLaneIndicator1 with maxs=true frames=true
[Architectury Transformer DEBUG] Transformed com/beigu/yunbeiuc/block/custom/sign/SignGuideLaneIndicator1 in 4.527 ms
[Architectury Transformer DEBUG] Transforming from com/beigu/yunbeiuc/block/custom/sign/SignExpresswayEntranceAdvance7.class to com/beigu/yunbeiuc/block/custom/sign/SignExpresswayEntranceAdvance7.class with 5 transformer(s) on dev.architectury.transformer.handler.TinyRemapperPreparedTransformerHandler
[Architectury Transformer DEBUG] Found class transformer
[Architectury Transformer DEBUG] Writing com/beigu/yunbeiuc/block/custom/sign/SignExpresswayEntranceAdvance7 with maxs=true frames=true
[Architectury Transformer DEBUG] Transformed com/beigu/yunbeiuc/block/custom/sign/SignExpresswayEntranceAdvance7 in 4.922 ms
[Architectury Transformer DEBUG] Transforming from com/beigu/yunbeiuc/block/custom/sign/SignExpresswayEntranceAdvance1.class to com/beigu/yunbeiuc/block/custom/sign/SignExpresswayEntranceAdvance1.class with 5 transformer(s) on dev.architectury.transformer.handler.TinyRemapperPreparedTransformerHandler
[Architectury Transformer DEBUG] Found class transformer
[Architectury Transformer DEBUG] Writing com/beigu/yunbeiuc/block/custom/sign/SignExpresswayEntranceAdvance1 with maxs=true frames=true
[Architectury Transformer DEBUG] Transformed com/beigu/yunbeiuc/block/custom/sign/SignExpresswayEntranceAdvance1 in 3.692 ms
[Architectury Transformer DEBUG] Transforming from com/beigu/yunbeiuc/block/custom/sign/SignExpresswayEntranceAdvance4.class to com/beigu/yunbeiuc/block/custom/sign/SignExpresswayEntranceAdvance4.class with 5 transformer(s) on dev.architectury.transformer.handler.TinyRemapperPreparedTransformerHandler
[Architectury Transformer DEBUG] Found class transformer
[Architectury Transformer DEBUG] Writing com/beigu/yunbeiuc/block/custom/sign/SignExpresswayEntranceAdvance4 with maxs=true frames=true
[Architectury Transformer DEBUG] Transformed com/beigu/yunbeiuc/block/custom/sign/SignExpresswayEntranceAdvance4 in 3.771 ms
[Architectury Transformer DEBUG] Transforming from com/beigu/yunbeiuc/block/custom/sign/SignGuideRoadsideFacilityOverloadCheckpoint1.class to com/beigu/yunbeiuc/block/custom/sign/SignGuideRoadsideFacilityOverloadCheckpoint1.class with 5 transformer(s) on dev.architectury.transformer.handler.TinyRemapperPreparedTransformerHandler
[Architectury Transformer DEBUG] Found class transformer
[Architectury Transformer DEBUG] Writing com/beigu/yunbeiuc/block/custom/sign/SignGuideRoadsideFacilityOverloadCheckpoint1 with maxs=true frames=true
[Architectury Transformer DEBUG] Transformed com/beigu/yunbeiuc/block/custom/sign/SignGuideRoadsideFacilityOverloadCheckpoint1 in 3.287 ms
[Architectury Transformer DEBUG] Transforming from com/beigu/yunbeiuc/block/custom/sign/SignExpresswayEntranceAdvance13.class to com/beigu/yunbeiuc/block/custom/sign/SignExpresswayEntranceAdvance13.class with 5 transformer(s) on dev.architectury.transformer.handler.TinyRemapperPreparedTransformerHandler
[Architectury Transformer DEBUG] Found class transformer
[Architectury Transformer DEBUG] Writing com/beigu/yunbeiuc/block/custom/sign/SignExpresswayEntranceAdvance13 with maxs=true frames=true
[Architectury Transformer DEBUG] Transformed com/beigu/yunbeiuc/block/custom/sign/SignExpresswayEntranceAdvance13 in 2.986 ms
[Architectury Transformer DEBUG] Transforming from com/beigu/yunbeiuc/block/custom/sign/SignExpresswayExit8.class to com/beigu/yunbeiuc/block/custom/sign/SignExpresswayExit8.class with 5 transformer(s) on dev.architectury.transformer.handler.TinyRemapperPreparedTransformerHandler
[Architectury Transformer DEBUG] Found class transformer
[Architectury Transformer DEBUG] Writing com/beigu/yunbeiuc/block/custom/sign/SignExpresswayExit8 with maxs=true frames=true
[Architectury Transformer DEBUG] Transformed com/beigu/yunbeiuc/block/custom/sign/SignExpresswayExit8 in 3.545 ms
[Architectury Transformer DEBUG] Transforming from com/beigu/yunbeiuc/block/custom/sign/SignSimpleBlock$Type.class to com/beigu/yunbeiuc/block/custom/sign/SignSimpleBlock$Type.class with 5 transformer(s) on dev.architectury.transformer.handler.TinyRemapperPreparedTransformerHandler
[Architectury Transformer DEBUG] Found class transformer
[Architectury Transformer DEBUG] Writing com/beigu/yunbeiuc/block/custom/sign/SignSimpleBlock$Type with maxs=true frames=true
[Architectury Transformer DEBUG] Transformed com/beigu/yunbeiuc/block/custom/sign/SignSimpleBlock$Type in 2.496 ms
[Architectury Transformer DEBUG] Transforming from com/beigu/yunbeiuc/entity/ZonesBoard1Entity.class to com/beigu/yunbeiuc/entity/ZonesBoard1Entity.class with 5 transformer(s) on dev.architectury.transformer.handler.TinyRemapperPreparedTransformerHandler
[Architectury Transformer DEBUG] Found class transformer
[Architectury Transformer DEBUG] Writing com/beigu/yunbeiuc/entity/ZonesBoard1Entity with maxs=true frames=true
[Architectury Transformer DEBUG] Transformed com/beigu/yunbeiuc/entity/ZonesBoard1Entity in 2.136 ms
[Architectury Transformer DEBUG] Transforming from com/beigu/yunbeiuc/screen/ZonesBoard1Screen.class to com/beigu/yunbeiuc/screen/ZonesBoard1Screen.class with 5 transformer(s) on dev.architectury.transformer.handler.TinyRemapperPreparedTransformerHandler
[Architectury Transformer DEBUG] Found class transformer
[Architectury Transformer DEBUG] Writing com/beigu/yunbeiuc/screen/ZonesBoard1Screen with maxs=true frames=true
[Architectury Transformer DEBUG] Transformed com/beigu/yunbeiuc/screen/ZonesBoard1Screen in 3.401 ms
[Architectury Transformer DEBUG] Transforming from com/beigu/yunbeiuc/block/custom/sign/ZonesBoard1$Type.class to com/beigu/yunbeiuc/block/custom/sign/ZonesBoard1$Type.class with 5 transformer(s) on dev.architectury.transformer.handler.TinyRemapperPreparedTransformerHandler
[Architectury Transformer DEBUG] Found class transformer
[Architectury Transformer DEBUG] Writing com/beigu/yunbeiuc/block/custom/sign/ZonesBoard1$Type with maxs=true frames=true
[Architectury Transformer DEBUG] Transformed com/beigu/yunbeiuc/block/custom/sign/ZonesBoard1$Type in 1.675 ms
[Architectury Transformer DEBUG] Transforming from com/beigu/yunbeiuc/entity/ZonesBoardTimeRange1Entity.class to com/beigu/yunbeiuc/entity/ZonesBoardTimeRange1Entity.class with 5 transformer(s) on dev.architectury.transformer.handler.TinyRemapperPreparedTransformerHandler
[Architectury Transformer DEBUG] Found class transformer
[Architectury Transformer DEBUG] Writing com/beigu/yunbeiuc/entity/ZonesBoardTimeRange1Entity with maxs=true frames=true
[Architectury Transformer DEBUG] Transformed com/beigu/yunbeiuc/entity/ZonesBoardTimeRange1Entity in 2.623 ms
[Architectury Transformer DEBUG] Transforming from com/beigu/yunbeiuc/screen/ZonesBoardTimeRange1Screen.class to com/beigu/yunbeiuc/screen/ZonesBoardTimeRange1Screen.class with 5 transformer(s) on dev.architectury.transformer.handler.TinyRemapperPreparedTransformerHandler
[Architectury Transformer DEBUG] Found class transformer
[Architectury Transformer DEBUG] Writing com/beigu/yunbeiuc/screen/ZonesBoardTimeRange1Screen with maxs=true frames=true
[Architectury Transformer DEBUG] Transformed com/beigu/yunbeiuc/screen/ZonesBoardTimeRange1Screen in 2.500 ms
[Architectury Transformer DEBUG] Transforming from com/beigu/yunbeiuc/block/custom/sign/ZonesBoardTimeRange1$Type.class to com/beigu/yunbeiuc/block/custom/sign/ZonesBoardTimeRange1$Type.class with 5 transformer(s) on dev.architectury.transformer.handler.TinyRemapperPreparedTransformerHandler
[Architectury Transformer DEBUG] Found class transformer
[Architectury Transformer DEBUG] Writing com/beigu/yunbeiuc/block/custom/sign/ZonesBoardTimeRange1$Type with maxs=true frames=true
[Architectury Transformer DEBUG] Transformed com/beigu/yunbeiuc/block/custom/sign/ZonesBoardTimeRange1$Type in 1.606 ms
[Architectury Transformer DEBUG] Transforming from com/beigu/yunbeiuc/entity/ZonesBoardTimeRange2Entity.class to com/beigu/yunbeiuc/entity/ZonesBoardTimeRange2Entity.class with 5 transformer(s) on dev.architectury.transformer.handler.TinyRemapperPreparedTransformerHandler
[Architectury Transformer DEBUG] Found class transformer
[Architectury Transformer DEBUG] Writing com/beigu/yunbeiuc/entity/ZonesBoardTimeRange2Entity with maxs=true frames=true
[Architectury Transformer DEBUG] Transformed com/beigu/yunbeiuc/entity/ZonesBoardTimeRange2Entity in 2.051 ms
[Architectury Transformer DEBUG] Transforming from com/beigu/yunbeiuc/screen/ZonesBoardTimeRange2Screen.class to com/beigu/yunbeiuc/screen/ZonesBoardTimeRange2Screen.class with 5 transformer(s) on dev.architectury.transformer.handler.TinyRemapperPreparedTransformerHandler
[Architectury Transformer DEBUG] Found class transformer
[Architectury Transformer DEBUG] Writing com/beigu/yunbeiuc/screen/ZonesBoardTimeRange2Screen with maxs=true frames=true
[Architectury Transformer DEBUG] Transformed com/beigu/yunbeiuc/screen/ZonesBoardTimeRange2Screen in 2.829 ms
[Architectury Transformer DEBUG] Transforming from com/beigu/yunbeiuc/block/custom/sign/ZonesBoardTimeRange2$Type.class to com/beigu/yunbeiuc/block/custom/sign/ZonesBoardTimeRange2$Type.class with 5 transformer(s) on dev.architectury.transformer.handler.TinyRemapperPreparedTransformerHandler
[Architectury Transformer DEBUG] Found class transformer
[Architectury Transformer DEBUG] Writing com/beigu/yunbeiuc/block/custom/sign/ZonesBoardTimeRange2$Type with maxs=true frames=true
[Architectury Transformer DEBUG] Transformed com/beigu/yunbeiuc/block/custom/sign/ZonesBoardTimeRange2$Type in 1.896 ms
[Architectury Transformer DEBUG] Transforming from com/beigu/yunbeiuc/entity/ZonesBoardOverWeightEntity.class to com/beigu/yunbeiuc/entity/ZonesBoardOverWeightEntity.class with 5 transformer(s) on dev.architectury.transformer.handler.TinyRemapperPreparedTransformerHandler
[Architectury Transformer DEBUG] Found class transformer
[Architectury Transformer DEBUG] Writing com/beigu/yunbeiuc/entity/ZonesBoardOverWeightEntity with maxs=true frames=true
[Architectury Transformer DEBUG] Transformed com/beigu/yunbeiuc/entity/ZonesBoardOverWeightEntity in 1.309 ms
[Architectury Transformer DEBUG] Transforming from com/beigu/yunbeiuc/screen/ZonesBoardOverWeightScreen.class to com/beigu/yunbeiuc/screen/ZonesBoardOverWeightScreen.class with 5 transformer(s) on dev.architectury.transformer.handler.TinyRemapperPreparedTransformerHandler
[Architectury Transformer DEBUG] Found class transformer
[Architectury Transformer DEBUG] Writing com/beigu/yunbeiuc/screen/ZonesBoardOverWeightScreen with maxs=true frames=true
[Architectury Transformer DEBUG] Transformed com/beigu/yunbeiuc/screen/ZonesBoardOverWeightScreen in 2.425 ms
[Architectury Transformer DEBUG] Transforming from com/beigu/yunbeiuc/block/custom/sign/ZonesBoardOverWeight$Type.class to com/beigu/yunbeiuc/block/custom/sign/ZonesBoardOverWeight$Type.class with 5 transformer(s) on dev.architectury.transformer.handler.TinyRemapperPreparedTransformerHandler
[Architectury Transformer DEBUG] Found class transformer
[Architectury Transformer DEBUG] Writing com/beigu/yunbeiuc/block/custom/sign/ZonesBoardOverWeight$Type with maxs=true frames=true
[Architectury Transformer DEBUG] Transformed com/beigu/yunbeiuc/block/custom/sign/ZonesBoardOverWeight$Type in 1.059 ms
[Architectury Transformer DEBUG] Transforming from com/beigu/yunbeiuc/entity/ZonesBoardImageEntity.class to com/beigu/yunbeiuc/entity/ZonesBoardImageEntity.class with 5 transformer(s) on dev.architectury.transformer.handler.TinyRemapperPreparedTransformerHandler
[Architectury Transformer DEBUG] Found class transformer
[Architectury Transformer DEBUG] Writing com/beigu/yunbeiuc/entity/ZonesBoardImageEntity with maxs=true frames=true
[Architectury Transformer DEBUG] Transformed com/beigu/yunbeiuc/entity/ZonesBoardImageEntity in 1.967 ms
[Architectury Transformer DEBUG] Transforming from com/beigu/yunbeiuc/screen/ZonesBoardImageScreen.class to com/beigu/yunbeiuc/screen/ZonesBoardImageScreen.class with 5 transformer(s) on dev.architectury.transformer.handler.TinyRemapperPreparedTransformerHandler
[Architectury Transformer DEBUG] Found class transformer
[Architectury Transformer DEBUG] Writing com/beigu/yunbeiuc/screen/ZonesBoardImageScreen with maxs=true frames=true
[Architectury Transformer DEBUG] Transformed com/beigu/yunbeiuc/screen/ZonesBoardImageScreen in 3.954 ms
[Architectury Transformer DEBUG] Transforming from com/beigu/yunbeiuc/block/custom/sign/ZonesBoardImage$Type.class to com/beigu/yunbeiuc/block/custom/sign/ZonesBoardImage$Type.class with 5 transformer(s) on dev.architectury.transformer.handler.TinyRemapperPreparedTransformerHandler
[Architectury Transformer DEBUG] Found class transformer
[Architectury Transformer DEBUG] Writing com/beigu/yunbeiuc/block/custom/sign/ZonesBoardImage$Type with maxs=true frames=true
[Architectury Transformer DEBUG] Transformed com/beigu/yunbeiuc/block/custom/sign/ZonesBoardImage$Type in 1.357 ms
[Architectury Transformer DEBUG] Transforming from com/beigu/yunbeiuc/entity/SignGuideIntersectionAdvanceWarning1WuhanEntity.class to com/beigu/yunbeiuc/entity/SignGuideIntersectionAdvanceWarning1WuhanEntity.class with 5 transformer(s) on dev.architectury.transformer.handler.TinyRemapperPreparedTransformerHandler
[Architectury Transformer DEBUG] Found class transformer
[Architectury Transformer DEBUG] Writing com/beigu/yunbeiuc/entity/SignGuideIntersectionAdvanceWarning1WuhanEntity with maxs=true frames=true
[Architectury Transformer DEBUG] Transformed com/beigu/yunbeiuc/entity/SignGuideIntersectionAdvanceWarning1WuhanEntity in 1.793 ms
[Architectury Transformer DEBUG] Transforming from com/beigu/yunbeiuc/screen/SignGuideIntersectionAdvanceWarning1WuhanScreen.class to com/beigu/yunbeiuc/screen/SignGuideIntersectionAdvanceWarning1WuhanScreen.class with 5 transformer(s) on dev.architectury.transformer.handler.TinyRemapperPreparedTransformerHandler
[Architectury Transformer DEBUG] Found class transformer
[Architectury Transformer DEBUG] Writing com/beigu/yunbeiuc/screen/SignGuideIntersectionAdvanceWarning1WuhanScreen with maxs=true frames=true
[Architectury Transformer DEBUG] Transformed com/beigu/yunbeiuc/screen/SignGuideIntersectionAdvanceWarning1WuhanScreen in 2.431 ms
[Architectury Transformer DEBUG] Transforming from com/beigu/yunbeiuc/block/custom/sign/SignGuideIntersectionAdvanceWarning1Wuhan$Type.class to com/beigu/yunbeiuc/block/custom/sign/SignGuideIntersectionAdvanceWarning1Wuhan$Type.class with 5 transformer(s) on dev.architectury.transformer.handler.TinyRemapperPreparedTransformerHandler
[Architectury Transformer DEBUG] Found class transformer
[Architectury Transformer DEBUG] Writing com/beigu/yunbeiuc/block/custom/sign/SignGuideIntersectionAdvanceWarning1Wuhan$Type with maxs=true frames=true
[Architectury Transformer DEBUG] Transformed com/beigu/yunbeiuc/block/custom/sign/SignGuideIntersectionAdvanceWarning1Wuhan$Type in 1.519 ms
[Architectury Transformer DEBUG] Transforming from com/beigu/yunbeiuc/entity/SignGuideIntersectionAdvanceWarning1Entity.class to com/beigu/yunbeiuc/entity/SignGuideIntersectionAdvanceWarning1Entity.class with 5 transformer(s) on dev.architectury.transformer.handler.TinyRemapperPreparedTransformerHandler
[Architectury Transformer DEBUG] Found class transformer
[Architectury Transformer DEBUG] Writing com/beigu/yunbeiuc/entity/SignGuideIntersectionAdvanceWarning1Entity with maxs=true frames=true
[Architectury Transformer DEBUG] Transformed com/beigu/yunbeiuc/entity/SignGuideIntersectionAdvanceWarning1Entity in 1.596 ms
[Architectury Transformer DEBUG] Transforming from com/beigu/yunbeiuc/screen/SignGuideIntersectionAdvanceWarning1Screen.class to com/beigu/yunbeiuc/screen/SignGuideIntersectionAdvanceWarning1Screen.class with 5 transformer(s) on dev.architectury.transformer.handler.TinyRemapperPreparedTransformerHandler
[Architectury Transformer DEBUG] Found class transformer
[Architectury Transformer DEBUG] Writing com/beigu/yunbeiuc/screen/SignGuideIntersectionAdvanceWarning1Screen with maxs=true frames=true
[Architectury Transformer DEBUG] Transformed com/beigu/yunbeiuc/screen/SignGuideIntersectionAdvanceWarning1Screen in 3.733 ms
[Architectury Transformer DEBUG] Transforming from com/beigu/yunbeiuc/block/custom/sign/SignGuideIntersectionAdvanceWarning1$Type.class to com/beigu/yunbeiuc/block/custom/sign/SignGuideIntersectionAdvanceWarning1$Type.class with 5 transformer(s) on dev.architectury.transformer.handler.TinyRemapperPreparedTransformerHandler
[Architectury Transformer DEBUG] Found class transformer
[Architectury Transformer DEBUG] Writing com/beigu/yunbeiuc/block/custom/sign/SignGuideIntersectionAdvanceWarning1$Type with maxs=true frames=true
[Architectury Transformer DEBUG] Transformed com/beigu/yunbeiuc/block/custom/sign/SignGuideIntersectionAdvanceWarning1$Type in 1.209 ms
[Architectury Transformer DEBUG] Transforming from com/beigu/yunbeiuc/entity/SignGuideIntersectionAdvanceWarning3Entity.class to com/beigu/yunbeiuc/entity/SignGuideIntersectionAdvanceWarning3Entity.class with 5 transformer(s) on dev.architectury.transformer.handler.TinyRemapperPreparedTransformerHandler
[Architectury Transformer DEBUG] Found class transformer
[Architectury Transformer DEBUG] Writing com/beigu/yunbeiuc/entity/SignGuideIntersectionAdvanceWarning3Entity with maxs=true frames=true
[Architectury Transformer DEBUG] Transformed com/beigu/yunbeiuc/entity/SignGuideIntersectionAdvanceWarning3Entity in 1.678 ms
[Architectury Transformer DEBUG] Transforming from com/beigu/yunbeiuc/screen/SignGuideIntersectionAdvanceWarning3Screen.class to com/beigu/yunbeiuc/screen/SignGuideIntersectionAdvanceWarning3Screen.class with 5 transformer(s) on dev.architectury.transformer.handler.TinyRemapperPreparedTransformerHandler
[Architectury Transformer DEBUG] Found class transformer
[Architectury Transformer DEBUG] Writing com/beigu/yunbeiuc/screen/SignGuideIntersectionAdvanceWarning3Screen with maxs=true frames=true
[Architectury Transformer DEBUG] Transformed com/beigu/yunbeiuc/screen/SignGuideIntersectionAdvanceWarning3Screen in 4.160 ms
[Architectury Transformer DEBUG] Transforming from com/beigu/yunbeiuc/block/custom/sign/SignGuideIntersectionAdvanceWarning3$Type.class to com/beigu/yunbeiuc/block/custom/sign/SignGuideIntersectionAdvanceWarning3$Type.class with 5 transformer(s) on dev.architectury.transformer.handler.TinyRemapperPreparedTransformerHandler
[Architectury Transformer DEBUG] Found class transformer
[Architectury Transformer DEBUG] Writing com/beigu/yunbeiuc/block/custom/sign/SignGuideIntersectionAdvanceWarning3$Type with maxs=true frames=true
[Architectury Transformer DEBUG] Transformed com/beigu/yunbeiuc/block/custom/sign/SignGuideIntersectionAdvanceWarning3$Type in 1.263 ms
[Architectury Transformer DEBUG] Transforming from com/beigu/yunbeiuc/entity/SignGuideIntersectionAdvanceWarning5Entity.class to com/beigu/yunbeiuc/entity/SignGuideIntersectionAdvanceWarning5Entity.class with 5 transformer(s) on dev.architectury.transformer.handler.TinyRemapperPreparedTransformerHandler
[Architectury Transformer DEBUG] Found class transformer
[Architectury Transformer DEBUG] Writing com/beigu/yunbeiuc/entity/SignGuideIntersectionAdvanceWarning5Entity with maxs=true frames=true
[Architectury Transformer DEBUG] Transformed com/beigu/yunbeiuc/entity/SignGuideIntersectionAdvanceWarning5Entity in 2.549 ms
[Architectury Transformer DEBUG] Transforming from com/beigu/yunbeiuc/screen/SignGuideIntersectionAdvanceWarning5Screen.class to com/beigu/yunbeiuc/screen/SignGuideIntersectionAdvanceWarning5Screen.class with 5 transformer(s) on dev.architectury.transformer.handler.TinyRemapperPreparedTransformerHandler
[Architectury Transformer DEBUG] Found class transformer
[Architectury Transformer DEBUG] Writing com/beigu/yunbeiuc/screen/SignGuideIntersectionAdvanceWarning5Screen with maxs=true frames=true
[Architectury Transformer DEBUG] Transformed com/beigu/yunbeiuc/screen/SignGuideIntersectionAdvanceWarning5Screen in 4.469 ms
[Architectury Transformer DEBUG] Transforming from com/beigu/yunbeiuc/block/custom/sign/SignGuideIntersectionAdvanceWarning5$Type.class to com/beigu/yunbeiuc/block/custom/sign/SignGuideIntersectionAdvanceWarning5$Type.class with 5 transformer(s) on dev.architectury.transformer.handler.TinyRemapperPreparedTransformerHandler
[Architectury Transformer DEBUG] Found class transformer
[Architectury Transformer DEBUG] Writing com/beigu/yunbeiuc/block/custom/sign/SignGuideIntersectionAdvanceWarning5$Type with maxs=true frames=true
[Architectury Transformer DEBUG] Transformed com/beigu/yunbeiuc/block/custom/sign/SignGuideIntersectionAdvanceWarning5$Type in 943.6 μs
[Architectury Transformer DEBUG] Transforming from com/beigu/yunbeiuc/entity/SignGuideIntersectionAdvanceWarning6Entity.class to com/beigu/yunbeiuc/entity/SignGuideIntersectionAdvanceWarning6Entity.class with 5 transformer(s) on dev.architectury.transformer.handler.TinyRemapperPreparedTransformerHandler
[Architectury Transformer DEBUG] Found class transformer
[Architectury Transformer DEBUG] Writing com/beigu/yunbeiuc/entity/SignGuideIntersectionAdvanceWarning6Entity with maxs=true frames=true
[Architectury Transformer DEBUG] Transformed com/beigu/yunbeiuc/entity/SignGuideIntersectionAdvanceWarning6Entity in 1.520 ms
[Architectury Transformer DEBUG] Transforming from com/beigu/yunbeiuc/screen/SignGuideIntersectionAdvanceWarning6Screen.class to com/beigu/yunbeiuc/screen/SignGuideIntersectionAdvanceWarning6Screen.class with 5 transformer(s) on dev.architectury.transformer.handler.TinyRemapperPreparedTransformerHandler
[Architectury Transformer DEBUG] Found class transformer
[Architectury Transformer DEBUG] Writing com/beigu/yunbeiuc/screen/SignGuideIntersectionAdvanceWarning6Screen with maxs=true frames=true
[Architectury Transformer DEBUG] Transformed com/beigu/yunbeiuc/screen/SignGuideIntersectionAdvanceWarning6Screen in 4.259 ms
[Architectury Transformer DEBUG] Transforming from com/beigu/yunbeiuc/block/custom/sign/SignGuideIntersectionAdvanceWarning6$Type.class to com/beigu/yunbeiuc/block/custom/sign/SignGuideIntersectionAdvanceWarning6$Type.class with 5 transformer(s) on dev.architectury.transformer.handler.TinyRemapperPreparedTransformerHandler
[Architectury Transformer DEBUG] Found class transformer
[Architectury Transformer DEBUG] Writing com/beigu/yunbeiuc/block/custom/sign/SignGuideIntersectionAdvanceWarning6$Type with maxs=true frames=true
[Architectury Transformer DEBUG] Transformed com/beigu/yunbeiuc/block/custom/sign/SignGuideIntersectionAdvanceWarning6$Type in 1.324 ms
[Architectury Transformer DEBUG] Transforming from com/beigu/yunbeiuc/entity/SignGuideIntersectionAdvanceWarning7Entity.class to com/beigu/yunbeiuc/entity/SignGuideIntersectionAdvanceWarning7Entity.class with 5 transformer(s) on dev.architectury.transformer.handler.TinyRemapperPreparedTransformerHandler
[Architectury Transformer DEBUG] Found class transformer
[Architectury Transformer DEBUG] Writing com/beigu/yunbeiuc/entity/SignGuideIntersectionAdvanceWarning7Entity with maxs=true frames=true
[Architectury Transformer DEBUG] Transformed com/beigu/yunbeiuc/entity/SignGuideIntersectionAdvanceWarning7Entity in 2.805 ms
[Architectury Transformer DEBUG] Transforming from com/beigu/yunbeiuc/screen/SignGuideIntersectionAdvanceWarning7Screen.class to com/beigu/yunbeiuc/screen/SignGuideIntersectionAdvanceWarning7Screen.class with 5 transformer(s) on dev.architectury.transformer.handler.TinyRemapperPreparedTransformerHandler
[Architectury Transformer DEBUG] Found class transformer
[Architectury Transformer DEBUG] Writing com/beigu/yunbeiuc/screen/SignGuideIntersectionAdvanceWarning7Screen with maxs=true frames=true
[Architectury Transformer DEBUG] Transformed com/beigu/yunbeiuc/screen/SignGuideIntersectionAdvanceWarning7Screen in 3.563 ms
[Architectury Transformer DEBUG] Transforming from com/beigu/yunbeiuc/block/custom/sign/SignGuideIntersectionAdvanceWarning7$Type.class to com/beigu/yunbeiuc/block/custom/sign/SignGuideIntersectionAdvanceWarning7$Type.class with 5 transformer(s) on dev.architectury.transformer.handler.TinyRemapperPreparedTransformerHandler
[Architectury Transformer DEBUG] Found class transformer
[Architectury Transformer DEBUG] Writing com/beigu/yunbeiuc/block/custom/sign/SignGuideIntersectionAdvanceWarning7$Type with maxs=true frames=true
[Architectury Transformer DEBUG] Transformed com/beigu/yunbeiuc/block/custom/sign/SignGuideIntersectionAdvanceWarning7$Type in 1.124 ms
[Architectury Transformer DEBUG] Transforming from com/beigu/yunbeiuc/entity/SignGuideIntersectionWarning1Entity.class to com/beigu/yunbeiuc/entity/SignGuideIntersectionWarning1Entity.class with 5 transformer(s) on dev.architectury.transformer.handler.TinyRemapperPreparedTransformerHandler
[Architectury Transformer DEBUG] Found class transformer
[Architectury Transformer DEBUG] Writing com/beigu/yunbeiuc/entity/SignGuideIntersectionWarning1Entity with maxs=true frames=true
[Architectury Transformer DEBUG] Transformed com/beigu/yunbeiuc/entity/SignGuideIntersectionWarning1Entity in 1.334 ms
[Architectury Transformer DEBUG] Transforming from com/beigu/yunbeiuc/screen/SignGuideIntersectionWarning1Screen.class to com/beigu/yunbeiuc/screen/SignGuideIntersectionWarning1Screen.class with 5 transformer(s) on dev.architectury.transformer.handler.TinyRemapperPreparedTransformerHandler
[Architectury Transformer DEBUG] Found class transformer
[Architectury Transformer DEBUG] Writing com/beigu/yunbeiuc/screen/SignGuideIntersectionWarning1Screen with maxs=true frames=true
[Architectury Transformer DEBUG] Transformed com/beigu/yunbeiuc/screen/SignGuideIntersectionWarning1Screen in 2.750 ms
[Architectury Transformer DEBUG] Transforming from com/beigu/yunbeiuc/block/custom/sign/SignGuideIntersectionWarning1$Type.class to com/beigu/yunbeiuc/block/custom/sign/SignGuideIntersectionWarning1$Type.class with 5 transformer(s) on dev.architectury.transformer.handler.TinyRemapperPreparedTransformerHandler
[Architectury Transformer DEBUG] Found class transformer
[Architectury Transformer DEBUG] Writing com/beigu/yunbeiuc/block/custom/sign/SignGuideIntersectionWarning1$Type with maxs=true frames=true
[Architectury Transformer DEBUG] Transformed com/beigu/yunbeiuc/block/custom/sign/SignGuideIntersectionWarning1$Type in 1.514 ms
[Architectury Transformer DEBUG] Transforming from com/beigu/yunbeiuc/entity/SignGuideIntersectionWarning4Entity.class to com/beigu/yunbeiuc/entity/SignGuideIntersectionWarning4Entity.class with 5 transformer(s) on dev.architectury.transformer.handler.TinyRemapperPreparedTransformerHandler
[Architectury Transformer DEBUG] Found class transformer
[Architectury Transformer DEBUG] Writing com/beigu/yunbeiuc/entity/SignGuideIntersectionWarning4Entity with maxs=true frames=true
[Architectury Transformer DEBUG] Transformed com/beigu/yunbeiuc/entity/SignGuideIntersectionWarning4Entity in 1.559 ms
[Architectury Transformer DEBUG] Transforming from com/beigu/yunbeiuc/screen/SignGuideIntersectionWarning4Screen.class to com/beigu/yunbeiuc/screen/SignGuideIntersectionWarning4Screen.class with 5 transformer(s) on dev.architectury.transformer.handler.TinyRemapperPreparedTransformerHandler
[Architectury Transformer DEBUG] Found class transformer
[Architectury Transformer DEBUG] Writing com/beigu/yunbeiuc/screen/SignGuideIntersectionWarning4Screen with maxs=true frames=true
[Architectury Transformer DEBUG] Transformed com/beigu/yunbeiuc/screen/SignGuideIntersectionWarning4Screen in 4.603 ms
[Architectury Transformer DEBUG] Transforming from com/beigu/yunbeiuc/block/custom/sign/SignGuideIntersectionWarning4$Type.class to com/beigu/yunbeiuc/block/custom/sign/SignGuideIntersectionWarning4$Type.class with 5 transformer(s) on dev.architectury.transformer.handler.TinyRemapperPreparedTransformerHandler
[Architectury Transformer DEBUG] Found class transformer
[Architectury Transformer DEBUG] Writing com/beigu/yunbeiuc/block/custom/sign/SignGuideIntersectionWarning4$Type with maxs=true frames=true
[Architectury Transformer DEBUG] Transformed com/beigu/yunbeiuc/block/custom/sign/SignGuideIntersectionWarning4$Type in 2.153 ms
[Architectury Transformer DEBUG] Transforming from com/beigu/yunbeiuc/entity/SignGuideConfirmation1Entity.class to com/beigu/yunbeiuc/entity/SignGuideConfirmation1Entity.class with 5 transformer(s) on dev.architectury.transformer.handler.TinyRemapperPreparedTransformerHandler
[Architectury Transformer DEBUG] Found class transformer
[Architectury Transformer DEBUG] Writing com/beigu/yunbeiuc/entity/SignGuideConfirmation1Entity with maxs=true frames=true
[Architectury Transformer DEBUG] Transformed com/beigu/yunbeiuc/entity/SignGuideConfirmation1Entity in 2.876 ms
[Architectury Transformer DEBUG] Transforming from com/beigu/yunbeiuc/screen/SignGuideConfirmation1Screen.class to com/beigu/yunbeiuc/screen/SignGuideConfirmation1Screen.class with 5 transformer(s) on dev.architectury.transformer.handler.TinyRemapperPreparedTransformerHandler
[Architectury Transformer DEBUG] Found class transformer
[Architectury Transformer DEBUG] Writing com/beigu/yunbeiuc/screen/SignGuideConfirmation1Screen with maxs=true frames=true
[Architectury Transformer DEBUG] Transformed com/beigu/yunbeiuc/screen/SignGuideConfirmation1Screen in 4.311 ms
[Architectury Transformer DEBUG] Transforming from com/beigu/yunbeiuc/block/custom/sign/SignGuideConfirmation1$Type.class to com/beigu/yunbeiuc/block/custom/sign/SignGuideConfirmation1$Type.class with 5 transformer(s) on dev.architectury.transformer.handler.TinyRemapperPreparedTransformerHandler
[Architectury Transformer DEBUG] Found class transformer
[Architectury Transformer DEBUG] Writing com/beigu/yunbeiuc/block/custom/sign/SignGuideConfirmation1$Type with maxs=true frames=true
[Architectury Transformer DEBUG] Transformed com/beigu/yunbeiuc/block/custom/sign/SignGuideConfirmation1$Type in 1.957 ms
[Architectury Transformer DEBUG] Transforming from com/beigu/yunbeiuc/entity/SignGuideLaneIndicator1Entity.class to com/beigu/yunbeiuc/entity/SignGuideLaneIndicator1Entity.class with 5 transformer(s) on dev.architectury.transformer.handler.TinyRemapperPreparedTransformerHandler
[Architectury Transformer DEBUG] Found class transformer
[Architectury Transformer DEBUG] Writing com/beigu/yunbeiuc/entity/SignGuideLaneIndicator1Entity with maxs=true frames=true
[Architectury Transformer DEBUG] Transformed com/beigu/yunbeiuc/entity/SignGuideLaneIndicator1Entity in 2.003 ms
[Architectury Transformer DEBUG] Transforming from com/beigu/yunbeiuc/screen/SignGuideLaneIndicator1Screen.class to com/beigu/yunbeiuc/screen/SignGuideLaneIndicator1Screen.class with 5 transformer(s) on dev.architectury.transformer.handler.TinyRemapperPreparedTransformerHandler
[Architectury Transformer DEBUG] Found class transformer
[Architectury Transformer DEBUG] Writing com/beigu/yunbeiuc/screen/SignGuideLaneIndicator1Screen with maxs=true frames=true
[Architectury Transformer DEBUG] Transformed com/beigu/yunbeiuc/screen/SignGuideLaneIndicator1Screen in 3.676 ms
[Architectury Transformer DEBUG] Transforming from com/beigu/yunbeiuc/block/custom/sign/SignGuideLaneIndicator1$Type.class to com/beigu/yunbeiuc/block/custom/sign/SignGuideLaneIndicator1$Type.class with 5 transformer(s) on dev.architectury.transformer.handler.TinyRemapperPreparedTransformerHandler
[Architectury Transformer DEBUG] Found class transformer
[Architectury Transformer DEBUG] Writing com/beigu/yunbeiuc/block/custom/sign/SignGuideLaneIndicator1$Type with maxs=true frames=true
[Architectury Transformer DEBUG] Transformed com/beigu/yunbeiuc/block/custom/sign/SignGuideLaneIndicator1$Type in 1.035 ms
[Architectury Transformer DEBUG] Transforming from com/beigu/yunbeiuc/entity/SignGuideRoadsideFacilityOverloadCheckpoint1Entity.class to com/beigu/yunbeiuc/entity/SignGuideRoadsideFacilityOverloadCheckpoint1Entity.class with 5 transformer(s) on dev.architectury.transformer.handler.TinyRemapperPreparedTransformerHandler
[Architectury Transformer DEBUG] Found class transformer
[Architectury Transformer DEBUG] Writing com/beigu/yunbeiuc/entity/SignGuideRoadsideFacilityOverloadCheckpoint1Entity with maxs=true frames=true
[Architectury Transformer DEBUG] Transformed com/beigu/yunbeiuc/entity/SignGuideRoadsideFacilityOverloadCheckpoint1Entity in 1.465 ms
[Architectury Transformer DEBUG] Transforming from com/beigu/yunbeiuc/screen/SignGuideRoadsideFacilityOverloadCheckpoint1Screen.class to com/beigu/yunbeiuc/screen/SignGuideRoadsideFacilityOverloadCheckpoint1Screen.class with 5 transformer(s) on dev.architectury.transformer.handler.TinyRemapperPreparedTransformerHandler
[Architectury Transformer DEBUG] Found class transformer
[Architectury Transformer DEBUG] Writing com/beigu/yunbeiuc/screen/SignGuideRoadsideFacilityOverloadCheckpoint1Screen with maxs=true frames=true
[Architectury Transformer DEBUG] Transformed com/beigu/yunbeiuc/screen/SignGuideRoadsideFacilityOverloadCheckpoint1Screen in 3.544 ms
[Architectury Transformer DEBUG] Transforming from com/beigu/yunbeiuc/block/custom/sign/SignGuideRoadsideFacilityOverloadCheckpoint1$Type.class to com/beigu/yunbeiuc/block/custom/sign/SignGuideRoadsideFacilityOverloadCheckpoint1$Type.class with 5 transformer(s) on dev.architectury.transformer.handler.TinyRemapperPreparedTransformerHandler
[Architectury Transformer DEBUG] Found class transformer
[Architectury Transformer DEBUG] Writing com/beigu/yunbeiuc/block/custom/sign/SignGuideRoadsideFacilityOverloadCheckpoint1$Type with maxs=true frames=true
[Architectury Transformer DEBUG] Transformed com/beigu/yunbeiuc/block/custom/sign/SignGuideRoadsideFacilityOverloadCheckpoint1$Type in 1.578 ms
[Architectury Transformer DEBUG] Transforming from com/beigu/yunbeiuc/entity/SignExpresswayEntranceAdvance1Entity.class to com/beigu/yunbeiuc/entity/SignExpresswayEntranceAdvance1Entity.class with 5 transformer(s) on dev.architectury.transformer.handler.TinyRemapperPreparedTransformerHandler
[Architectury Transformer DEBUG] Found class transformer
[Architectury Transformer DEBUG] Writing com/beigu/yunbeiuc/entity/SignExpresswayEntranceAdvance1Entity with maxs=true frames=true
[Architectury Transformer DEBUG] Transformed com/beigu/yunbeiuc/entity/SignExpresswayEntranceAdvance1Entity in 2.089 ms
[Architectury Transformer DEBUG] Transforming from com/beigu/yunbeiuc/screen/SignExpresswayEntranceAdvance1Screen.class to com/beigu/yunbeiuc/screen/SignExpresswayEntranceAdvance1Screen.class with 5 transformer(s) on dev.architectury.transformer.handler.TinyRemapperPreparedTransformerHandler
[Architectury Transformer DEBUG] Found class transformer
[Architectury Transformer DEBUG] Writing com/beigu/yunbeiuc/screen/SignExpresswayEntranceAdvance1Screen with maxs=true frames=true
[Architectury Transformer DEBUG] Transformed com/beigu/yunbeiuc/screen/SignExpresswayEntranceAdvance1Screen in 3.559 ms
[Architectury Transformer DEBUG] Transforming from com/beigu/yunbeiuc/block/custom/sign/SignExpresswayEntranceAdvance1$Type.class to com/beigu/yunbeiuc/block/custom/sign/SignExpresswayEntranceAdvance1$Type.class with 5 transformer(s) on dev.architectury.transformer.handler.TinyRemapperPreparedTransformerHandler
[Architectury Transformer DEBUG] Found class transformer
[Architectury Transformer DEBUG] Writing com/beigu/yunbeiuc/block/custom/sign/SignExpresswayEntranceAdvance1$Type with maxs=true frames=true
[Architectury Transformer DEBUG] Transformed com/beigu/yunbeiuc/block/custom/sign/SignExpresswayEntranceAdvance1$Type in 1.186 ms
[Architectury Transformer DEBUG] Transforming from com/beigu/yunbeiuc/entity/SignExpresswayEntranceAdvance4Entity.class to com/beigu/yunbeiuc/entity/SignExpresswayEntranceAdvance4Entity.class with 5 transformer(s) on dev.architectury.transformer.handler.TinyRemapperPreparedTransformerHandler
[Architectury Transformer DEBUG] Found class transformer
[Architectury Transformer DEBUG] Writing com/beigu/yunbeiuc/entity/SignExpresswayEntranceAdvance4Entity with maxs=true frames=true
[Architectury Transformer DEBUG] Transformed com/beigu/yunbeiuc/entity/SignExpresswayEntranceAdvance4Entity in 1.604 ms
[Architectury Transformer DEBUG] Transforming from com/beigu/yunbeiuc/screen/SignExpresswayEntranceAdvance4Screen.class to com/beigu/yunbeiuc/screen/SignExpresswayEntranceAdvance4Screen.class with 5 transformer(s) on dev.architectury.transformer.handler.TinyRemapperPreparedTransformerHandler
[Architectury Transformer DEBUG] Found class transformer
[Architectury Transformer DEBUG] Writing com/beigu/yunbeiuc/screen/SignExpresswayEntranceAdvance4Screen with maxs=true frames=true
[Architectury Transformer DEBUG] Transformed com/beigu/yunbeiuc/screen/SignExpresswayEntranceAdvance4Screen in 3.980 ms
[Architectury Transformer DEBUG] Transforming from com/beigu/yunbeiuc/block/custom/sign/SignExpresswayEntranceAdvance4$Type.class to com/beigu/yunbeiuc/block/custom/sign/SignExpresswayEntranceAdvance4$Type.class with 5 transformer(s) on dev.architectury.transformer.handler.TinyRemapperPreparedTransformerHandler
[Architectury Transformer DEBUG] Found class transformer
[Architectury Transformer DEBUG] Writing com/beigu/yunbeiuc/block/custom/sign/SignExpresswayEntranceAdvance4$Type with maxs=true frames=true
[Architectury Transformer DEBUG] Transformed com/beigu/yunbeiuc/block/custom/sign/SignExpresswayEntranceAdvance4$Type in 2.785 ms
[Architectury Transformer DEBUG] Transforming from com/beigu/yunbeiuc/entity/SignExpresswayEntranceAdvance7Entity.class to com/beigu/yunbeiuc/entity/SignExpresswayEntranceAdvance7Entity.class with 5 transformer(s) on dev.architectury.transformer.handler.TinyRemapperPreparedTransformerHandler
[Architectury Transformer DEBUG] Found class transformer
[Architectury Transformer DEBUG] Writing com/beigu/yunbeiuc/entity/SignExpresswayEntranceAdvance7Entity with maxs=true frames=true
[Architectury Transformer DEBUG] Transformed com/beigu/yunbeiuc/entity/SignExpresswayEntranceAdvance7Entity in 2.130 ms
[Architectury Transformer DEBUG] Transforming from com/beigu/yunbeiuc/screen/SignExpresswayEntranceAdvance7Screen.class to com/beigu/yunbeiuc/screen/SignExpresswayEntranceAdvance7Screen.class with 5 transformer(s) on dev.architectury.transformer.handler.TinyRemapperPreparedTransformerHandler
[Architectury Transformer DEBUG] Found class transformer
[Architectury Transformer DEBUG] Writing com/beigu/yunbeiuc/screen/SignExpresswayEntranceAdvance7Screen with maxs=true frames=true
[Architectury Transformer DEBUG] Transformed com/beigu/yunbeiuc/screen/SignExpresswayEntranceAdvance7Screen in 3.423 ms
[Architectury Transformer DEBUG] Transforming from com/beigu/yunbeiuc/block/custom/sign/SignExpresswayEntranceAdvance7$Type.class to com/beigu/yunbeiuc/block/custom/sign/SignExpresswayEntranceAdvance7$Type.class with 5 transformer(s) on dev.architectury.transformer.handler.TinyRemapperPreparedTransformerHandler
[Architectury Transformer DEBUG] Found class transformer
[Architectury Transformer DEBUG] Writing com/beigu/yunbeiuc/block/custom/sign/SignExpresswayEntranceAdvance7$Type with maxs=true frames=true
[Architectury Transformer DEBUG] Transformed com/beigu/yunbeiuc/block/custom/sign/SignExpresswayEntranceAdvance7$Type in 2.473 ms
[Architectury Transformer DEBUG] Transforming from com/beigu/yunbeiuc/entity/SignExpresswayEntranceAdvance10Entity.class to com/beigu/yunbeiuc/entity/SignExpresswayEntranceAdvance10Entity.class with 5 transformer(s) on dev.architectury.transformer.handler.TinyRemapperPreparedTransformerHandler
[Architectury Transformer DEBUG] Found class transformer
[Architectury Transformer DEBUG] Writing com/beigu/yunbeiuc/entity/SignExpresswayEntranceAdvance10Entity with maxs=true frames=true
[Architectury Transformer DEBUG] Transformed com/beigu/yunbeiuc/entity/SignExpresswayEntranceAdvance10Entity in 3.981 ms
[Architectury Transformer DEBUG] Transforming from com/beigu/yunbeiuc/screen/SignExpresswayEntranceAdvance10Screen.class to com/beigu/yunbeiuc/screen/SignExpresswayEntranceAdvance10Screen.class with 5 transformer(s) on dev.architectury.transformer.handler.TinyRemapperPreparedTransformerHandler
[Architectury Transformer DEBUG] Found class transformer
[Architectury Transformer DEBUG] Writing com/beigu/yunbeiuc/screen/SignExpresswayEntranceAdvance10Screen with maxs=true frames=true
[Architectury Transformer DEBUG] Transformed com/beigu/yunbeiuc/screen/SignExpresswayEntranceAdvance10Screen in 5.310 ms
[Architectury Transformer DEBUG] Transforming from com/beigu/yunbeiuc/block/custom/sign/SignExpresswayEntranceAdvance10$Type.class to com/beigu/yunbeiuc/block/custom/sign/SignExpresswayEntranceAdvance10$Type.class with 5 transformer(s) on dev.architectury.transformer.handler.TinyRemapperPreparedTransformerHandler
[Architectury Transformer DEBUG] Found class transformer
[Architectury Transformer DEBUG] Writing com/beigu/yunbeiuc/block/custom/sign/SignExpresswayEntranceAdvance10$Type with maxs=true frames=true
[Architectury Transformer DEBUG] Transformed com/beigu/yunbeiuc/block/custom/sign/SignExpresswayEntranceAdvance10$Type in 1.606 ms
[Architectury Transformer DEBUG] Transforming from com/beigu/yunbeiuc/entity/SignExpresswayEntranceAdvance13Entity.class to com/beigu/yunbeiuc/entity/SignExpresswayEntranceAdvance13Entity.class with 5 transformer(s) on dev.architectury.transformer.handler.TinyRemapperPreparedTransformerHandler
[Architectury Transformer DEBUG] Found class transformer
[Architectury Transformer DEBUG] Writing com/beigu/yunbeiuc/entity/SignExpresswayEntranceAdvance13Entity with maxs=true frames=true
[Architectury Transformer DEBUG] Transformed com/beigu/yunbeiuc/entity/SignExpresswayEntranceAdvance13Entity in 2.433 ms
[Architectury Transformer DEBUG] Transforming from com/beigu/yunbeiuc/screen/SignExpresswayEntranceAdvance13Screen.class to com/beigu/yunbeiuc/screen/SignExpresswayEntranceAdvance13Screen.class with 5 transformer(s) on dev.architectury.transformer.handler.TinyRemapperPreparedTransformerHandler
[Architectury Transformer DEBUG] Found class transformer
[Architectury Transformer DEBUG] Writing com/beigu/yunbeiuc/screen/SignExpresswayEntranceAdvance13Screen with maxs=true frames=true
[Architectury Transformer DEBUG] Transformed com/beigu/yunbeiuc/screen/SignExpresswayEntranceAdvance13Screen in 5.292 ms
[Architectury Transformer DEBUG] Transforming from com/beigu/yunbeiuc/block/custom/sign/SignExpresswayEntranceAdvance13$Type.class to com/beigu/yunbeiuc/block/custom/sign/SignExpresswayEntranceAdvance13$Type.class with 5 transformer(s) on dev.architectury.transformer.handler.TinyRemapperPreparedTransformerHandler
[Architectury Transformer DEBUG] Found class transformer
[Architectury Transformer DEBUG] Writing com/beigu/yunbeiuc/block/custom/sign/SignExpresswayEntranceAdvance13$Type with maxs=true frames=true
[Architectury Transformer DEBUG] Transformed com/beigu/yunbeiuc/block/custom/sign/SignExpresswayEntranceAdvance13$Type in 1.399 ms
[Architectury Transformer DEBUG] Transforming from com/beigu/yunbeiuc/entity/SignExpresswayExit8Entity.class to com/beigu/yunbeiuc/entity/SignExpresswayExit8Entity.class with 5 transformer(s) on dev.architectury.transformer.handler.TinyRemapperPreparedTransformerHandler
[Architectury Transformer DEBUG] Found class transformer
[Architectury Transformer DEBUG] Writing com/beigu/yunbeiuc/entity/SignExpresswayExit8Entity with maxs=true frames=true
[Architectury Transformer DEBUG] Transformed com/beigu/yunbeiuc/entity/SignExpresswayExit8Entity in 3.168 ms
[Architectury Transformer DEBUG] Transforming from com/beigu/yunbeiuc/screen/SignExpresswayExit8Screen.class to com/beigu/yunbeiuc/screen/SignExpresswayExit8Screen.class with 5 transformer(s) on dev.architectury.transformer.handler.TinyRemapperPreparedTransformerHandler
[Architectury Transformer DEBUG] Found class transformer
[Architectury Transformer DEBUG] Writing com/beigu/yunbeiuc/screen/SignExpresswayExit8Screen with maxs=true frames=true
[Architectury Transformer DEBUG] Transformed com/beigu/yunbeiuc/screen/SignExpresswayExit8Screen in 5.366 ms
[Architectury Transformer DEBUG] Transforming from com/beigu/yunbeiuc/block/custom/sign/SignExpresswayExit8$Type.class to com/beigu/yunbeiuc/block/custom/sign/SignExpresswayExit8$Type.class with 5 transformer(s) on dev.architectury.transformer.handler.TinyRemapperPreparedTransformerHandler
[Architectury Transformer DEBUG] Found class transformer
[Architectury Transformer DEBUG] Writing com/beigu/yunbeiuc/block/custom/sign/SignExpresswayExit8$Type with maxs=true frames=true
[Architectury Transformer DEBUG] Transformed com/beigu/yunbeiuc/block/custom/sign/SignExpresswayExit8$Type in 1.587 ms
[Architectury Transformer DEBUG] Transforming from com/beigu/yunbeiuc/item/ModItems.class to com/beigu/yunbeiuc/item/ModItems.class with 5 transformer(s) on dev.architectury.transformer.handler.TinyRemapperPreparedTransformerHandler
[Architectury Transformer DEBUG] Found class transformer
[Architectury Transformer DEBUG] Writing com/beigu/yunbeiuc/item/ModItems with maxs=true frames=true
[Architectury Transformer DEBUG] Transformed com/beigu/yunbeiuc/item/ModItems in 19.11 ms
[Architectury Transformer DEBUG] Transforming from com/beigu/yunbeiuc/item/custom/RotatedWand.class to com/beigu/yunbeiuc/item/custom/RotatedWand.class with 5 transformer(s) on dev.architectury.transformer.handler.TinyRemapperPreparedTransformerHandler
[Architectury Transformer DEBUG] Found class transformer
[Architectury Transformer DEBUG] Writing com/beigu/yunbeiuc/item/custom/RotatedWand with maxs=true frames=true
[Architectury Transformer DEBUG] Transformed com/beigu/yunbeiuc/item/custom/RotatedWand in 1.492 ms
[Architectury Transformer DEBUG] Transforming from com/beigu/yunbeiuc/item/custom/WaterWand.class to com/beigu/yunbeiuc/item/custom/WaterWand.class with 5 transformer(s) on dev.architectury.transformer.handler.TinyRemapperPreparedTransformerHandler
[Architectury Transformer DEBUG] Found class transformer
[Architectury Transformer DEBUG] Writing com/beigu/yunbeiuc/item/custom/WaterWand with maxs=true frames=true
[Architectury Transformer DEBUG] Transformed com/beigu/yunbeiuc/item/custom/WaterWand in 1.845 ms
[Architectury Transformer DEBUG] Transforming from com/beigu/yunbeiuc/item/custom/TreeWand.class to com/beigu/yunbeiuc/item/custom/TreeWand.class with 5 transformer(s) on dev.architectury.transformer.handler.TinyRemapperPreparedTransformerHandler
[Architectury Transformer DEBUG] Found class transformer
[Architectury Transformer DEBUG] Writing com/beigu/yunbeiuc/item/custom/TreeWand with maxs=true frames=true
[Architectury Transformer DEBUG] Transformed com/beigu/yunbeiuc/item/custom/TreeWand in 2.663 ms
[Architectury Transformer DEBUG] Transforming from com/beigu/yunbeiuc/item/custom/LinkWand.class to com/beigu/yunbeiuc/item/custom/LinkWand.class with 5 transformer(s) on dev.architectury.transformer.handler.TinyRemapperPreparedTransformerHandler
[Architectury Transformer DEBUG] Found class transformer
[Architectury Transformer DEBUG] Writing com/beigu/yunbeiuc/item/custom/LinkWand with maxs=true frames=true
[Architectury Transformer DEBUG] Transformed com/beigu/yunbeiuc/item/custom/LinkWand in 17.26 ms
[Architectury Transformer DEBUG] Transforming from com/beigu/yunbeiuc/entity/ModBlockEntities.class to com/beigu/yunbeiuc/entity/ModBlockEntities.class with 5 transformer(s) on dev.architectury.transformer.handler.TinyRemapperPreparedTransformerHandler
[Architectury Transformer DEBUG] Found class transformer
[Architectury Transformer DEBUG] Writing com/beigu/yunbeiuc/entity/ModBlockEntities with maxs=true frames=true
[Architectury Transformer DEBUG] Transformed com/beigu/yunbeiuc/entity/ModBlockEntities in 6.300 ms
[Architectury Transformer DEBUG] Transforming from com/beigu/yunbeiuc/item/ModItemGroups.class to com/beigu/yunbeiuc/item/ModItemGroups.class with 5 transformer(s) on dev.architectury.transformer.handler.TinyRemapperPreparedTransformerHandler
[Architectury Transformer DEBUG] Found class transformer
[Architectury Transformer DEBUG] Writing com/beigu/yunbeiuc/item/ModItemGroups with maxs=true frames=true
[Architectury Transformer DEBUG] Transformed com/beigu/yunbeiuc/item/ModItemGroups in 5.465 ms
[Architectury Transformer DEBUG] Transforming from com/beigu/yunbeiuc/network/ModMessages.class to com/beigu/yunbeiuc/network/ModMessages.class with 5 transformer(s) on dev.architectury.transformer.handler.TinyRemapperPreparedTransformerHandler
[Architectury Transformer DEBUG] Found class transformer
[Architectury Transformer DEBUG] Writing com/beigu/yunbeiuc/network/ModMessages with maxs=true frames=true
[Architectury Transformer DEBUG] Transformed com/beigu/yunbeiuc/network/ModMessages in 7.298 ms
[Architectury Transformer DEBUG] Transforming from com/beigu/yunbeiuc/network/ModEvents.class to com/beigu/yunbeiuc/network/ModEvents.class with 5 transformer(s) on dev.architectury.transformer.handler.TinyRemapperPreparedTransformerHandler
[Architectury Transformer DEBUG] Found class transformer
[Architectury Transformer DEBUG] Writing com/beigu/yunbeiuc/network/ModEvents with maxs=true frames=true
[Architectury Transformer DEBUG] Transformed com/beigu/yunbeiuc/network/ModEvents in 1.523 ms
[Architectury Transformer DEBUG] Transforming from com/beigu/yunbeiuc/render/RoadPoleTextDisplayBlockEntityRenderer.class to com/beigu/yunbeiuc/render/RoadPoleTextDisplayBlockEntityRenderer.class with 5 transformer(s) on dev.architectury.transformer.handler.TinyRemapperPreparedTransformerHandler
[Architectury Transformer DEBUG] Found class transformer
[Architectury Transformer DEBUG] Writing com/beigu/yunbeiuc/render/RoadPoleTextDisplayBlockEntityRenderer with maxs=true frames=true
[Architectury Transformer DEBUG] Transformed com/beigu/yunbeiuc/render/RoadPoleTextDisplayBlockEntityRenderer in 1.836 ms
[Architectury Transformer DEBUG] Transforming from com/beigu/yunbeiuc/render/FlagBlockEntityRenderer.class to com/beigu/yunbeiuc/render/FlagBlockEntityRenderer.class with 5 transformer(s) on dev.architectury.transformer.handler.TinyRemapperPreparedTransformerHandler
[Architectury Transformer DEBUG] Found class transformer
[Architectury Transformer DEBUG] Writing com/beigu/yunbeiuc/render/FlagBlockEntityRenderer with maxs=true frames=true
[Architectury Transformer DEBUG] Transformed com/beigu/yunbeiuc/render/FlagBlockEntityRenderer in 3.093 ms
[Architectury Transformer DEBUG] Transforming from com/beigu/yunbeiuc/render/RoadNameSignBlockEntityRenderer.class to com/beigu/yunbeiuc/render/RoadNameSignBlockEntityRenderer.class with 5 transformer(s) on dev.architectury.transformer.handler.TinyRemapperPreparedTransformerHandler
[Architectury Transformer DEBUG] Found class transformer
[Architectury Transformer DEBUG] Writing com/beigu/yunbeiuc/render/RoadNameSignBlockEntityRenderer with maxs=true frames=true
[Architectury Transformer DEBUG] Transformed com/beigu/yunbeiuc/render/RoadNameSignBlockEntityRenderer in 2.320 ms
[Architectury Transformer DEBUG] Transforming from com/beigu/yunbeiuc/render/SignGuideIntersectionAdvanceWarning1WuhanEntityRenderer.class to com/beigu/yunbeiuc/render/SignGuideIntersectionAdvanceWarning1WuhanEntityRenderer.class with 5 transformer(s) on dev.architectury.transformer.handler.TinyRemapperPreparedTransformerHandler
[Architectury Transformer DEBUG] Found class transformer
[Architectury Transformer DEBUG] Writing com/beigu/yunbeiuc/render/SignGuideIntersectionAdvanceWarning1WuhanEntityRenderer with maxs=true frames=true
[Architectury Transformer DEBUG] Transformed com/beigu/yunbeiuc/render/SignGuideIntersectionAdvanceWarning1WuhanEntityRenderer in 2.204 ms
[Architectury Transformer DEBUG] Transforming from com/beigu/yunbeiuc/render/SignGuideIntersectionAdvanceWarning1EntityRenderer.class to com/beigu/yunbeiuc/render/SignGuideIntersectionAdvanceWarning1EntityRenderer.class with 5 transformer(s) on dev.architectury.transformer.handler.TinyRemapperPreparedTransformerHandler
[Architectury Transformer DEBUG] Found class transformer
[Architectury Transformer DEBUG] Writing com/beigu/yunbeiuc/render/SignGuideIntersectionAdvanceWarning1EntityRenderer with maxs=true frames=true
[Architectury Transformer DEBUG] Transformed com/beigu/yunbeiuc/render/SignGuideIntersectionAdvanceWarning1EntityRenderer in 1.494 ms
[Architectury Transformer DEBUG] Transforming from com/beigu/yunbeiuc/render/SignGuideIntersectionAdvanceWarning3EntityRenderer.class to com/beigu/yunbeiuc/render/SignGuideIntersectionAdvanceWarning3EntityRenderer.class with 5 transformer(s) on dev.architectury.transformer.handler.TinyRemapperPreparedTransformerHandler
[Architectury Transformer DEBUG] Found class transformer
[Architectury Transformer DEBUG] Writing com/beigu/yunbeiuc/render/SignGuideIntersectionAdvanceWarning3EntityRenderer with maxs=true frames=true
[Architectury Transformer DEBUG] Transformed com/beigu/yunbeiuc/render/SignGuideIntersectionAdvanceWarning3EntityRenderer in 1.796 ms
[Architectury Transformer DEBUG] Transforming from com/beigu/yunbeiuc/render/SignGuideIntersectionAdvanceWarning5EntityRenderer.class to com/beigu/yunbeiuc/render/SignGuideIntersectionAdvanceWarning5EntityRenderer.class with 5 transformer(s) on dev.architectury.transformer.handler.TinyRemapperPreparedTransformerHandler
[Architectury Transformer DEBUG] Found class transformer
[Architectury Transformer DEBUG] Writing com/beigu/yunbeiuc/render/SignGuideIntersectionAdvanceWarning5EntityRenderer with maxs=true frames=true
[Architectury Transformer DEBUG] Transformed com/beigu/yunbeiuc/render/SignGuideIntersectionAdvanceWarning5EntityRenderer in 2.051 ms
[Architectury Transformer DEBUG] Transforming from com/beigu/yunbeiuc/render/SignGuideIntersectionAdvanceWarning6EntityRenderer.class to com/beigu/yunbeiuc/render/SignGuideIntersectionAdvanceWarning6EntityRenderer.class with 5 transformer(s) on dev.architectury.transformer.handler.TinyRemapperPreparedTransformerHandler
[Architectury Transformer DEBUG] Found class transformer
[Architectury Transformer DEBUG] Writing com/beigu/yunbeiuc/render/SignGuideIntersectionAdvanceWarning6EntityRenderer with maxs=true frames=true
[Architectury Transformer DEBUG] Transformed com/beigu/yunbeiuc/render/SignGuideIntersectionAdvanceWarning6EntityRenderer in 6.181 ms
[Architectury Transformer DEBUG] Transforming from com/beigu/yunbeiuc/render/SignGuideIntersectionAdvanceWarning7EntityRenderer.class to com/beigu/yunbeiuc/render/SignGuideIntersectionAdvanceWarning7EntityRenderer.class with 5 transformer(s) on dev.architectury.transformer.handler.TinyRemapperPreparedTransformerHandler
[Architectury Transformer DEBUG] Found class transformer
[Architectury Transformer DEBUG] Writing com/beigu/yunbeiuc/render/SignGuideIntersectionAdvanceWarning7EntityRenderer with maxs=true frames=true
[Architectury Transformer DEBUG] Transformed com/beigu/yunbeiuc/render/SignGuideIntersectionAdvanceWarning7EntityRenderer in 2.153 ms
[Architectury Transformer DEBUG] Transforming from com/beigu/yunbeiuc/render/SignGuideIntersectionWarning1EntityRenderer.class to com/beigu/yunbeiuc/render/SignGuideIntersectionWarning1EntityRenderer.class with 5 transformer(s) on dev.architectury.transformer.handler.TinyRemapperPreparedTransformerHandler
[Architectury Transformer DEBUG] Found class transformer
[Architectury Transformer DEBUG] Writing com/beigu/yunbeiuc/render/SignGuideIntersectionWarning1EntityRenderer with maxs=true frames=true
[Architectury Transformer DEBUG] Transformed com/beigu/yunbeiuc/render/SignGuideIntersectionWarning1EntityRenderer in 2.136 ms
[Architectury Transformer DEBUG] Transforming from com/beigu/yunbeiuc/render/SignGuideIntersectionWarning4EntityRenderer.class to com/beigu/yunbeiuc/render/SignGuideIntersectionWarning4EntityRenderer.class with 5 transformer(s) on dev.architectury.transformer.handler.TinyRemapperPreparedTransformerHandler
[Architectury Transformer DEBUG] Found class transformer
[Architectury Transformer DEBUG] Writing com/beigu/yunbeiuc/render/SignGuideIntersectionWarning4EntityRenderer with maxs=true frames=true
[Architectury Transformer DEBUG] Transformed com/beigu/yunbeiuc/render/SignGuideIntersectionWarning4EntityRenderer in 2.572 ms
[Architectury Transformer DEBUG] Transforming from com/beigu/yunbeiuc/render/SignGuideConfirmation1EntityRenderer.class to com/beigu/yunbeiuc/render/SignGuideConfirmation1EntityRenderer.class with 5 transformer(s) on dev.architectury.transformer.handler.TinyRemapperPreparedTransformerHandler
[Architectury Transformer DEBUG] Found class transformer
[Architectury Transformer DEBUG] Writing com/beigu/yunbeiuc/render/SignGuideConfirmation1EntityRenderer with maxs=true frames=true
[Architectury Transformer DEBUG] Transformed com/beigu/yunbeiuc/render/SignGuideConfirmation1EntityRenderer in 2.680 ms
[Architectury Transformer DEBUG] Transforming from com/beigu/yunbeiuc/render/SignGuideLaneIndicator1EntityRenderer.class to com/beigu/yunbeiuc/render/SignGuideLaneIndicator1EntityRenderer.class with 5 transformer(s) on dev.architectury.transformer.handler.TinyRemapperPreparedTransformerHandler
[Architectury Transformer DEBUG] Found class transformer
[Architectury Transformer DEBUG] Writing com/beigu/yunbeiuc/render/SignGuideLaneIndicator1EntityRenderer with maxs=true frames=true
[Architectury Transformer DEBUG] Transformed com/beigu/yunbeiuc/render/SignGuideLaneIndicator1EntityRenderer in 1.534 ms
[Architectury Transformer DEBUG] Transforming from com/beigu/yunbeiuc/render/SignGuideRoadsideFacilityOverloadCheckpoint1EntityRenderer.class to com/beigu/yunbeiuc/render/SignGuideRoadsideFacilityOverloadCheckpoint1EntityRenderer.class with 5 transformer(s) on dev.architectury.transformer.handler.TinyRemapperPreparedTransformerHandler
[Architectury Transformer DEBUG] Found class transformer
[Architectury Transformer DEBUG] Writing com/beigu/yunbeiuc/render/SignGuideRoadsideFacilityOverloadCheckpoint1EntityRenderer with maxs=true frames=true
[Architectury Transformer DEBUG] Transformed com/beigu/yunbeiuc/render/SignGuideRoadsideFacilityOverloadCheckpoint1EntityRenderer in 1.269 ms
[Architectury Transformer DEBUG] Transforming from com/beigu/yunbeiuc/render/SignExpresswayEntranceAdvance1EntityRenderer.class to com/beigu/yunbeiuc/render/SignExpresswayEntranceAdvance1EntityRenderer.class with 5 transformer(s) on dev.architectury.transformer.handler.TinyRemapperPreparedTransformerHandler
[Architectury Transformer DEBUG] Found class transformer
[Architectury Transformer DEBUG] Writing com/beigu/yunbeiuc/render/SignExpresswayEntranceAdvance1EntityRenderer with maxs=true frames=true
[Architectury Transformer DEBUG] Transformed com/beigu/yunbeiuc/render/SignExpresswayEntranceAdvance1EntityRenderer in 2.692 ms
[Architectury Transformer DEBUG] Transforming from com/beigu/yunbeiuc/render/SignExpresswayEntranceAdvance4EntityRenderer.class to com/beigu/yunbeiuc/render/SignExpresswayEntranceAdvance4EntityRenderer.class with 5 transformer(s) on dev.architectury.transformer.handler.TinyRemapperPreparedTransformerHandler
[Architectury Transformer DEBUG] Found class transformer
[Architectury Transformer DEBUG] Writing com/beigu/yunbeiuc/render/SignExpresswayEntranceAdvance4EntityRenderer with maxs=true frames=true
[Architectury Transformer DEBUG] Transformed com/beigu/yunbeiuc/render/SignExpresswayEntranceAdvance4EntityRenderer in 2.559 ms
[Architectury Transformer DEBUG] Transforming from com/beigu/yunbeiuc/render/SignExpresswayEntranceAdvance7EntityRenderer.class to com/beigu/yunbeiuc/render/SignExpresswayEntranceAdvance7EntityRenderer.class with 5 transformer(s) on dev.architectury.transformer.handler.TinyRemapperPreparedTransformerHandler
[Architectury Transformer DEBUG] Found class transformer
[Architectury Transformer DEBUG] Writing com/beigu/yunbeiuc/render/SignExpresswayEntranceAdvance7EntityRenderer with maxs=true frames=true
[Architectury Transformer DEBUG] Transformed com/beigu/yunbeiuc/render/SignExpresswayEntranceAdvance7EntityRenderer in 2.062 ms
[Architectury Transformer DEBUG] Transforming from com/beigu/yunbeiuc/render/SignExpresswayEntranceAdvance10EntityRenderer.class to com/beigu/yunbeiuc/render/SignExpresswayEntranceAdvance10EntityRenderer.class with 5 transformer(s) on dev.architectury.transformer.handler.TinyRemapperPreparedTransformerHandler
[Architectury Transformer DEBUG] Found class transformer
[Architectury Transformer DEBUG] Writing com/beigu/yunbeiuc/render/SignExpresswayEntranceAdvance10EntityRenderer with maxs=true frames=true
[Architectury Transformer DEBUG] Transformed com/beigu/yunbeiuc/render/SignExpresswayEntranceAdvance10EntityRenderer in 2.540 ms
[Architectury Transformer DEBUG] Transforming from com/beigu/yunbeiuc/render/SignExpresswayEntranceAdvance13EntityRenderer.class to com/beigu/yunbeiuc/render/SignExpresswayEntranceAdvance13EntityRenderer.class with 5 transformer(s) on dev.architectury.transformer.handler.TinyRemapperPreparedTransformerHandler
[Architectury Transformer DEBUG] Found class transformer
[Architectury Transformer DEBUG] Writing com/beigu/yunbeiuc/render/SignExpresswayEntranceAdvance13EntityRenderer with maxs=true frames=true
[Architectury Transformer DEBUG] Transformed com/beigu/yunbeiuc/render/SignExpresswayEntranceAdvance13EntityRenderer in 3.450 ms
[Architectury Transformer DEBUG] Transforming from com/beigu/yunbeiuc/render/SignExpresswayExit8EntityRenderer.class to com/beigu/yunbeiuc/render/SignExpresswayExit8EntityRenderer.class with 5 transformer(s) on dev.architectury.transformer.handler.TinyRemapperPreparedTransformerHandler
[Architectury Transformer DEBUG] Found class transformer
[Architectury Transformer DEBUG] Writing com/beigu/yunbeiuc/render/SignExpresswayExit8EntityRenderer with maxs=true frames=true
[Architectury Transformer DEBUG] Transformed com/beigu/yunbeiuc/render/SignExpresswayExit8EntityRenderer in 3.950 ms
[Architectury Transformer DEBUG] Transforming from com/beigu/yunbeiuc/render/ZonesBoard1EntityRenderer.class to com/beigu/yunbeiuc/render/ZonesBoard1EntityRenderer.class with 5 transformer(s) on dev.architectury.transformer.handler.TinyRemapperPreparedTransformerHandler
[Architectury Transformer DEBUG] Found class transformer
[Architectury Transformer DEBUG] Writing com/beigu/yunbeiuc/render/ZonesBoard1EntityRenderer with maxs=true frames=true
[Architectury Transformer DEBUG] Transformed com/beigu/yunbeiuc/render/ZonesBoard1EntityRenderer in 1.588 ms
[Architectury Transformer DEBUG] Transforming from com/beigu/yunbeiuc/render/ZonesBoardImageEntityRenderer.class to com/beigu/yunbeiuc/render/ZonesBoardImageEntityRenderer.class with 5 transformer(s) on dev.architectury.transformer.handler.TinyRemapperPreparedTransformerHandler
[Architectury Transformer DEBUG] Found class transformer
[Architectury Transformer DEBUG] Writing com/beigu/yunbeiuc/render/ZonesBoardImageEntityRenderer with maxs=true frames=true
[Architectury Transformer DEBUG] Transformed com/beigu/yunbeiuc/render/ZonesBoardImageEntityRenderer in 2.669 ms
[Architectury Transformer DEBUG] Transforming from com/beigu/yunbeiuc/render/ZonesBoardTimeRange1EntityRenderer.class to com/beigu/yunbeiuc/render/ZonesBoardTimeRange1EntityRenderer.class with 5 transformer(s) on dev.architectury.transformer.handler.TinyRemapperPreparedTransformerHandler
[Architectury Transformer DEBUG] Found class transformer
[Architectury Transformer DEBUG] Writing com/beigu/yunbeiuc/render/ZonesBoardTimeRange1EntityRenderer with maxs=true frames=true
[Architectury Transformer DEBUG] Transformed com/beigu/yunbeiuc/render/ZonesBoardTimeRange1EntityRenderer in 1.466 ms
[Architectury Transformer DEBUG] Transforming from com/beigu/yunbeiuc/render/ZonesBoardTimeRange2EntityRenderer.class to com/beigu/yunbeiuc/render/ZonesBoardTimeRange2EntityRenderer.class with 5 transformer(s) on dev.architectury.transformer.handler.TinyRemapperPreparedTransformerHandler
[Architectury Transformer DEBUG] Found class transformer
[Architectury Transformer DEBUG] Writing com/beigu/yunbeiuc/render/ZonesBoardTimeRange2EntityRenderer with maxs=true frames=true
[Architectury Transformer DEBUG] Transformed com/beigu/yunbeiuc/render/ZonesBoardTimeRange2EntityRenderer in 2.036 ms
[Architectury Transformer DEBUG] Transforming from com/beigu/yunbeiuc/render/ZonesBoardOverWeightEntityRenderer.class to com/beigu/yunbeiuc/render/ZonesBoardOverWeightEntityRenderer.class with 5 transformer(s) on dev.architectury.transformer.handler.TinyRemapperPreparedTransformerHandler
[Architectury Transformer DEBUG] Found class transformer
[Architectury Transformer DEBUG] Writing com/beigu/yunbeiuc/render/ZonesBoardOverWeightEntityRenderer with maxs=true frames=true
[Architectury Transformer DEBUG] Transformed com/beigu/yunbeiuc/render/ZonesBoardOverWeightEntityRenderer in 1.664 ms
[Architectury Transformer DEBUG] Transforming from com/beigu/yunbeiuc/render/json/FlagLoader.class to com/beigu/yunbeiuc/render/json/FlagLoader.class with 5 transformer(s) on dev.architectury.transformer.handler.TinyRemapperPreparedTransformerHandler
[Architectury Transformer DEBUG] Found class transformer
[Architectury Transformer DEBUG] Writing com/beigu/yunbeiuc/render/json/FlagLoader with maxs=true frames=true
[Architectury Transformer DEBUG] Transformed com/beigu/yunbeiuc/render/json/FlagLoader in 31.46 ms
[Architectury Transformer DEBUG] Transforming from com/beigu/yunbeiuc/render/json/CustomFlag.class to com/beigu/yunbeiuc/render/json/CustomFlag.class with 5 transformer(s) on dev.architectury.transformer.handler.TinyRemapperPreparedTransformerHandler
[Architectury Transformer DEBUG] Found class transformer
[Architectury Transformer DEBUG] Writing com/beigu/yunbeiuc/render/json/CustomFlag with maxs=true frames=true
[Architectury Transformer DEBUG] Transformed com/beigu/yunbeiuc/render/json/CustomFlag in 1.508 ms
[Architectury Transformer DEBUG] Transforming from com/beigu/yunbeiuc/render/fonts/CustomFontManager.class to com/beigu/yunbeiuc/render/fonts/CustomFontManager.class with 5 transformer(s) on dev.architectury.transformer.handler.TinyRemapperPreparedTransformerHandler
[Architectury Transformer DEBUG] Found class transformer
[Architectury Transformer DEBUG] Writing com/beigu/yunbeiuc/render/fonts/CustomFontManager with maxs=true frames=true
[Architectury Transformer DEBUG] Transformed com/beigu/yunbeiuc/render/fonts/CustomFontManager in 5.388 ms
[Architectury Transformer DEBUG] Transforming from com/beigu/yunbeiuc/render/fonts/CustomFontRenderer.class to com/beigu/yunbeiuc/render/fonts/CustomFontRenderer.class with 5 transformer(s) on dev.architectury.transformer.handler.TinyRemapperPreparedTransformerHandler
[Architectury Transformer DEBUG] Found class transformer
[Architectury Transformer DEBUG] Writing com/beigu/yunbeiuc/render/fonts/CustomFontRenderer with maxs=true frames=true
[Architectury Transformer DEBUG] Transformed com/beigu/yunbeiuc/render/fonts/CustomFontRenderer in 4.159 ms
[Architectury Transformer DEBUG] Transforming from com/beigu/yunbeiuc/network/ChatCommandHandler.class to com/beigu/yunbeiuc/network/ChatCommandHandler.class with 5 transformer(s) on dev.architectury.transformer.handler.TinyRemapperPreparedTransformerHandler
[Architectury Transformer DEBUG] Found class transformer
[Architectury Transformer DEBUG] Writing com/beigu/yunbeiuc/network/ChatCommandHandler with maxs=true frames=true
[Architectury Transformer DEBUG] Transformed com/beigu/yunbeiuc/network/ChatCommandHandler in 2.539 ms
[Architectury Transformer DEBUG] Transforming from com/beigu/yunbeiuc/block/custom/pole/RoadPoleHorizontal$1.class to com/beigu/yunbeiuc/block/custom/pole/RoadPoleHorizontal$1.class with 5 transformer(s) on dev.architectury.transformer.handler.TinyRemapperPreparedTransformerHandler
[Architectury Transformer DEBUG] Found class transformer
[Architectury Transformer DEBUG] Writing com/beigu/yunbeiuc/block/custom/pole/RoadPoleHorizontal$1 with maxs=true frames=true
[Architectury Transformer DEBUG] Transformed com/beigu/yunbeiuc/block/custom/pole/RoadPoleHorizontal$1 in 2.312 ms
[Architectury Transformer DEBUG] Transforming from com/beigu/yunbeiuc/block/custom/pole/RoadPoleTextDisplay$1.class to com/beigu/yunbeiuc/block/custom/pole/RoadPoleTextDisplay$1.class with 5 transformer(s) on dev.architectury.transformer.handler.TinyRemapperPreparedTransformerHandler
[Architectury Transformer DEBUG] Found class transformer
[Architectury Transformer DEBUG] Writing com/beigu/yunbeiuc/block/custom/pole/RoadPoleTextDisplay$1 with maxs=true frames=true
[Architectury Transformer DEBUG] Transformed com/beigu/yunbeiuc/block/custom/pole/RoadPoleTextDisplay$1 in 2.862 ms
[Architectury Transformer DEBUG] Transforming from com/beigu/yunbeiuc/block/custom/pole/RoadPoleFlag$1.class to com/beigu/yunbeiuc/block/custom/pole/RoadPoleFlag$1.class with 5 transformer(s) on dev.architectury.transformer.handler.TinyRemapperPreparedTransformerHandler
[Architectury Transformer DEBUG] Found class transformer
[Architectury Transformer DEBUG] Writing com/beigu/yunbeiuc/block/custom/pole/RoadPoleFlag$1 with maxs=true frames=true
[Architectury Transformer DEBUG] Transformed com/beigu/yunbeiuc/block/custom/pole/RoadPoleFlag$1 in 1.341 ms
[Architectury Transformer DEBUG] Transforming from com/beigu/yunbeiuc/block/custom/pole/RoadPoleLightBranch$1.class to com/beigu/yunbeiuc/block/custom/pole/RoadPoleLightBranch$1.class with 5 transformer(s) on dev.architectury.transformer.handler.TinyRemapperPreparedTransformerHandler
[Architectury Transformer DEBUG] Found class transformer
[Architectury Transformer DEBUG] Writing com/beigu/yunbeiuc/block/custom/pole/RoadPoleLightBranch$1 with maxs=true frames=true
[Architectury Transformer DEBUG] Transformed com/beigu/yunbeiuc/block/custom/pole/RoadPoleLightBranch$1 in 2.625 ms
[Architectury Transformer DEBUG] Transforming from com/beigu/yunbeiuc/block/custom/pole/RoadLight$1.class to com/beigu/yunbeiuc/block/custom/pole/RoadLight$1.class with 5 transformer(s) on dev.architectury.transformer.handler.TinyRemapperPreparedTransformerHandler
[Architectury Transformer DEBUG] Found class transformer
[Architectury Transformer DEBUG] Writing com/beigu/yunbeiuc/block/custom/pole/RoadLight$1 with maxs=true frames=true
[Architectury Transformer DEBUG] Transformed com/beigu/yunbeiuc/block/custom/pole/RoadLight$1 in 1.352 ms
[Architectury Transformer DEBUG] Transforming from com/beigu/yunbeiuc/block/custom/pole/RoadSolarPanel$1.class to com/beigu/yunbeiuc/block/custom/pole/RoadSolarPanel$1.class with 5 transformer(s) on dev.architectury.transformer.handler.TinyRemapperPreparedTransformerHandler
[Architectury Transformer DEBUG] Found class transformer
[Architectury Transformer DEBUG] Writing com/beigu/yunbeiuc/block/custom/pole/RoadSolarPanel$1 with maxs=true frames=true
[Architectury Transformer DEBUG] Transformed com/beigu/yunbeiuc/block/custom/pole/RoadSolarPanel$1 in 1.058 ms
[Architectury Transformer DEBUG] Transforming from com/beigu/yunbeiuc/block/custom/pole/RoadDetectionCamera$1.class to com/beigu/yunbeiuc/block/custom/pole/RoadDetectionCamera$1.class with 5 transformer(s) on dev.architectury.transformer.handler.TinyRemapperPreparedTransformerHandler
[Architectury Transformer DEBUG] Found class transformer
[Architectury Transformer DEBUG] Writing com/beigu/yunbeiuc/block/custom/pole/RoadDetectionCamera$1 with maxs=true frames=true
[Architectury Transformer DEBUG] Transformed com/beigu/yunbeiuc/block/custom/pole/RoadDetectionCamera$1 in 702.9 μs
[Architectury Transformer DEBUG] Transforming from com/beigu/yunbeiuc/block/custom/pole/RoadLightingLamp$1.class to com/beigu/yunbeiuc/block/custom/pole/RoadLightingLamp$1.class with 5 transformer(s) on dev.architectury.transformer.handler.TinyRemapperPreparedTransformerHandler
[Architectury Transformer DEBUG] Found class transformer
[Architectury Transformer DEBUG] Writing com/beigu/yunbeiuc/block/custom/pole/RoadLightingLamp$1 with maxs=true frames=true
[Architectury Transformer DEBUG] Transformed com/beigu/yunbeiuc/block/custom/pole/RoadLightingLamp$1 in 828.4 μs
[Architectury Transformer DEBUG] Transforming from com/beigu/yunbeiuc/block/custom/pole/RoadRadarSpeedDetector$1.class to com/beigu/yunbeiuc/block/custom/pole/RoadRadarSpeedDetector$1.class with 5 transformer(s) on dev.architectury.transformer.handler.TinyRemapperPreparedTransformerHandler
[Architectury Transformer DEBUG] Found class transformer
[Architectury Transformer DEBUG] Writing com/beigu/yunbeiuc/block/custom/pole/RoadRadarSpeedDetector$1 with maxs=true frames=true
[Architectury Transformer DEBUG] Transformed com/beigu/yunbeiuc/block/custom/pole/RoadRadarSpeedDetector$1 in 940.9 μs
[Architectury Transformer DEBUG] Transforming from com/beigu/yunbeiuc/block/custom/lights/TrafficLightsBlock$1.class to com/beigu/yunbeiuc/block/custom/lights/TrafficLightsBlock$1.class with 5 transformer(s) on dev.architectury.transformer.handler.TinyRemapperPreparedTransformerHandler
[Architectury Transformer DEBUG] Found class transformer
[Architectury Transformer DEBUG] Writing com/beigu/yunbeiuc/block/custom/lights/TrafficLightsBlock$1 with maxs=true frames=true
[Architectury Transformer DEBUG] Transformed com/beigu/yunbeiuc/block/custom/lights/TrafficLightsBlock$1 in 1.243 ms
[Architectury Transformer DEBUG] Transforming from com/beigu/yunbeiuc/block/custom/lights/TrafficLightsPavement$1.class to com/beigu/yunbeiuc/block/custom/lights/TrafficLightsPavement$1.class with 5 transformer(s) on dev.architectury.transformer.handler.TinyRemapperPreparedTransformerHandler
[Architectury Transformer DEBUG] Found class transformer
[Architectury Transformer DEBUG] Writing com/beigu/yunbeiuc/block/custom/lights/TrafficLightsPavement$1 with maxs=true frames=true
[Architectury Transformer DEBUG] Transformed com/beigu/yunbeiuc/block/custom/lights/TrafficLightsPavement$1 in 1.121 ms
[Architectury Transformer DEBUG] Transforming from com/beigu/yunbeiuc/block/custom/WaterSafetyBarrier$1.class to com/beigu/yunbeiuc/block/custom/WaterSafetyBarrier$1.class with 5 transformer(s) on dev.architectury.transformer.handler.TinyRemapperPreparedTransformerHandler
[Architectury Transformer DEBUG] Found class transformer
[Architectury Transformer DEBUG] Writing com/beigu/yunbeiuc/block/custom/WaterSafetyBarrier$1 with maxs=true frames=true
[Architectury Transformer DEBUG] Transformed com/beigu/yunbeiuc/block/custom/WaterSafetyBarrier$1 in 1.167 ms
[Architectury Transformer DEBUG] Transforming from com/beigu/yunbeiuc/block/custom/SpeedBump$1.class to com/beigu/yunbeiuc/block/custom/SpeedBump$1.class with 5 transformer(s) on dev.architectury.transformer.handler.TinyRemapperPreparedTransformerHandler
[Architectury Transformer DEBUG] Found class transformer
[Architectury Transformer DEBUG] Writing com/beigu/yunbeiuc/block/custom/SpeedBump$1 with maxs=true frames=true
[Architectury Transformer DEBUG] Transformed com/beigu/yunbeiuc/block/custom/SpeedBump$1 in 534.6 μs
[Architectury Transformer DEBUG] Transforming from com/beigu/yunbeiuc/block/custom/VibrationMarkingLine$1.class to com/beigu/yunbeiuc/block/custom/VibrationMarkingLine$1.class with 5 transformer(s) on dev.architectury.transformer.handler.TinyRemapperPreparedTransformerHandler
[Architectury Transformer DEBUG] Found class transformer
[Architectury Transformer DEBUG] Writing com/beigu/yunbeiuc/block/custom/VibrationMarkingLine$1 with maxs=true frames=true
[Architectury Transformer DEBUG] Transformed com/beigu/yunbeiuc/block/custom/VibrationMarkingLine$1 in 567.8 μs
[Architectury Transformer DEBUG] Transforming from com/beigu/yunbeiuc/block/custom/ParkingSpaceBarrier$1.class to com/beigu/yunbeiuc/block/custom/ParkingSpaceBarrier$1.class with 5 transformer(s) on dev.architectury.transformer.handler.TinyRemapperPreparedTransformerHandler
[Architectury Transformer DEBUG] Found class transformer
[Architectury Transformer DEBUG] Writing com/beigu/yunbeiuc/block/custom/ParkingSpaceBarrier$1 with maxs=true frames=true
[Architectury Transformer DEBUG] Transformed com/beigu/yunbeiuc/block/custom/ParkingSpaceBarrier$1 in 873.4 μs
[Architectury Transformer DEBUG] Transforming from com/beigu/yunbeiuc/block/custom/gantry/GantryFrameSide$1.class to com/beigu/yunbeiuc/block/custom/gantry/GantryFrameSide$1.class with 5 transformer(s) on dev.architectury.transformer.handler.TinyRemapperPreparedTransformerHandler
[Architectury Transformer DEBUG] Found class transformer
[Architectury Transformer DEBUG] Writing com/beigu/yunbeiuc/block/custom/gantry/GantryFrameSide$1 with maxs=true frames=true
[Architectury Transformer DEBUG] Transformed com/beigu/yunbeiuc/block/custom/gantry/GantryFrameSide$1 in 1.328 ms
[Architectury Transformer DEBUG] Transforming from com/beigu/yunbeiuc/block/custom/gantry/GantryFrameRailing$1.class to com/beigu/yunbeiuc/block/custom/gantry/GantryFrameRailing$1.class with 5 transformer(s) on dev.architectury.transformer.handler.TinyRemapperPreparedTransformerHandler
[Architectury Transformer DEBUG] Found class transformer
[Architectury Transformer DEBUG] Writing com/beigu/yunbeiuc/block/custom/gantry/GantryFrameRailing$1 with maxs=true frames=true
[Architectury Transformer DEBUG] Transformed com/beigu/yunbeiuc/block/custom/gantry/GantryFrameRailing$1 in 1.171 ms
[Architectury Transformer DEBUG] Transforming from com/beigu/yunbeiuc/block/custom/gantry/GantryFrameLadder$1.class to com/beigu/yunbeiuc/block/custom/gantry/GantryFrameLadder$1.class with 5 transformer(s) on dev.architectury.transformer.handler.TinyRemapperPreparedTransformerHandler
[Architectury Transformer DEBUG] Found class transformer
[Architectury Transformer DEBUG] Writing com/beigu/yunbeiuc/block/custom/gantry/GantryFrameLadder$1 with maxs=true frames=true
[Architectury Transformer DEBUG] Transformed com/beigu/yunbeiuc/block/custom/gantry/GantryFrameLadder$1 in 874.9 μs
[Architectury Transformer DEBUG] Transforming from com/beigu/yunbeiuc/block/custom/gantry/GantryFrameLedSide$1.class to com/beigu/yunbeiuc/block/custom/gantry/GantryFrameLedSide$1.class with 5 transformer(s) on dev.architectury.transformer.handler.TinyRemapperPreparedTransformerHandler
[Architectury Transformer DEBUG] Found class transformer
[Architectury Transformer DEBUG] Writing com/beigu/yunbeiuc/block/custom/gantry/GantryFrameLedSide$1 with maxs=true frames=true
[Architectury Transformer DEBUG] Transformed com/beigu/yunbeiuc/block/custom/gantry/GantryFrameLedSide$1 in 1.010 ms
[Architectury Transformer DEBUG] Transforming from com/beigu/yunbeiuc/block/custom/gantry/GantryFrameLedMain$1.class to com/beigu/yunbeiuc/block/custom/gantry/GantryFrameLedMain$1.class with 5 transformer(s) on dev.architectury.transformer.handler.TinyRemapperPreparedTransformerHandler
[Architectury Transformer DEBUG] Found class transformer
[Architectury Transformer DEBUG] Writing com/beigu/yunbeiuc/block/custom/gantry/GantryFrameLedMain$1 with maxs=true frames=true
[Architectury Transformer DEBUG] Transformed com/beigu/yunbeiuc/block/custom/gantry/GantryFrameLedMain$1 in 1.502 ms
[Architectury Transformer DEBUG] Transforming from com/beigu/yunbeiuc/block/custom/gantry/GantryFrameLed$1.class to com/beigu/yunbeiuc/block/custom/gantry/GantryFrameLed$1.class with 5 transformer(s) on dev.architectury.transformer.handler.TinyRemapperPreparedTransformerHandler
[Architectury Transformer DEBUG] Found class transformer
[Architectury Transformer DEBUG] Writing com/beigu/yunbeiuc/block/custom/gantry/GantryFrameLed$1 with maxs=true frames=true
[Architectury Transformer DEBUG] Transformed com/beigu/yunbeiuc/block/custom/gantry/GantryFrameLed$1 in 1.251 ms
[Architectury Transformer DEBUG] Transforming from com/beigu/yunbeiuc/block/custom/gantry/GantryFrameDetectionCamera$1.class to com/beigu/yunbeiuc/block/custom/gantry/GantryFrameDetectionCamera$1.class with 5 transformer(s) on dev.architectury.transformer.handler.TinyRemapperPreparedTransformerHandler
[Architectury Transformer DEBUG] Found class transformer
[Architectury Transformer DEBUG] Writing com/beigu/yunbeiuc/block/custom/gantry/GantryFrameDetectionCamera$1 with maxs=true frames=true
[Architectury Transformer DEBUG] Transformed com/beigu/yunbeiuc/block/custom/gantry/GantryFrameDetectionCamera$1 in 1.800 ms
[Architectury Transformer DEBUG] Transforming from com/beigu/yunbeiuc/block/custom/gantry/GantryFrameLightingLamp$1.class to com/beigu/yunbeiuc/block/custom/gantry/GantryFrameLightingLamp$1.class with 5 transformer(s) on dev.architectury.transformer.handler.TinyRemapperPreparedTransformerHandler
[Architectury Transformer DEBUG] Found class transformer
[Architectury Transformer DEBUG] Writing com/beigu/yunbeiuc/block/custom/gantry/GantryFrameLightingLamp$1 with maxs=true frames=true
[Architectury Transformer DEBUG] Transformed com/beigu/yunbeiuc/block/custom/gantry/GantryFrameLightingLamp$1 in 1.317 ms
[Architectury Transformer DEBUG] Transforming from com/beigu/yunbeiuc/block/custom/gantry/GantryFrameRadarSpeedDetector$1.class to com/beigu/yunbeiuc/block/custom/gantry/GantryFrameRadarSpeedDetector$1.class with 5 transformer(s) on dev.architectury.transformer.handler.TinyRemapperPreparedTransformerHandler
[Architectury Transformer DEBUG] Found class transformer
[Architectury Transformer DEBUG] Writing com/beigu/yunbeiuc/block/custom/gantry/GantryFrameRadarSpeedDetector$1 with maxs=true frames=true
[Architectury Transformer DEBUG] Transformed com/beigu/yunbeiuc/block/custom/gantry/GantryFrameRadarSpeedDetector$1 in 824.5 μs
[Architectury Transformer DEBUG] Transforming from com/beigu/yunbeiuc/block/custom/waring/WarningNetwork$1.class to com/beigu/yunbeiuc/block/custom/waring/WarningNetwork$1.class with 5 transformer(s) on dev.architectury.transformer.handler.TinyRemapperPreparedTransformerHandler
[Architectury Transformer DEBUG] Found class transformer
[Architectury Transformer DEBUG] Writing com/beigu/yunbeiuc/block/custom/waring/WarningNetwork$1 with maxs=true frames=true
[Architectury Transformer DEBUG] Transformed com/beigu/yunbeiuc/block/custom/waring/WarningNetwork$1 in 1.923 ms
[Architectury Transformer DEBUG] Transforming from com/beigu/yunbeiuc/block/custom/waring/WarningNetworkPole$1.class to com/beigu/yunbeiuc/block/custom/waring/WarningNetworkPole$1.class with 5 transformer(s) on dev.architectury.transformer.handler.TinyRemapperPreparedTransformerHandler
[Architectury Transformer DEBUG] Found class transformer
[Architectury Transformer DEBUG] Writing com/beigu/yunbeiuc/block/custom/waring/WarningNetworkPole$1 with maxs=true frames=true
[Architectury Transformer DEBUG] Transformed com/beigu/yunbeiuc/block/custom/waring/WarningNetworkPole$1 in 2.108 ms
[Architectury Transformer DEBUG] Transforming from com/beigu/yunbeiuc/block/custom/anti/AntiGlareNet$1.class to com/beigu/yunbeiuc/block/custom/anti/AntiGlareNet$1.class with 5 transformer(s) on dev.architectury.transformer.handler.TinyRemapperPreparedTransformerHandler
[Architectury Transformer DEBUG] Found class transformer
[Architectury Transformer DEBUG] Writing com/beigu/yunbeiuc/block/custom/anti/AntiGlareNet$1 with maxs=true frames=true
[Architectury Transformer DEBUG] Transformed com/beigu/yunbeiuc/block/custom/anti/AntiGlareNet$1 in 792.6 μs
[Architectury Transformer DEBUG] Transforming from com/beigu/yunbeiuc/block/custom/anti/AntiGlareNetPole$1.class to com/beigu/yunbeiuc/block/custom/anti/AntiGlareNetPole$1.class with 5 transformer(s) on dev.architectury.transformer.handler.TinyRemapperPreparedTransformerHandler
[Architectury Transformer DEBUG] Found class transformer
[Architectury Transformer DEBUG] Writing com/beigu/yunbeiuc/block/custom/anti/AntiGlareNetPole$1 with maxs=true frames=true
[Architectury Transformer DEBUG] Transformed com/beigu/yunbeiuc/block/custom/anti/AntiGlareNetPole$1 in 873.2 μs
[Architectury Transformer DEBUG] Transforming from com/beigu/yunbeiuc/block/custom/anti/AntiGlareVersion$1.class to com/beigu/yunbeiuc/block/custom/anti/AntiGlareVersion$1.class with 5 transformer(s) on dev.architectury.transformer.handler.TinyRemapperPreparedTransformerHandler
[Architectury Transformer DEBUG] Found class transformer
[Architectury Transformer DEBUG] Writing com/beigu/yunbeiuc/block/custom/anti/AntiGlareVersion$1 with maxs=true frames=true
[Architectury Transformer DEBUG] Transformed com/beigu/yunbeiuc/block/custom/anti/AntiGlareVersion$1 in 1.990 ms
[Architectury Transformer DEBUG] Transforming from com/beigu/yunbeiuc/block/custom/barrier/TrafficBarrierBlock$1.class to com/beigu/yunbeiuc/block/custom/barrier/TrafficBarrierBlock$1.class with 5 transformer(s) on dev.architectury.transformer.handler.TinyRemapperPreparedTransformerHandler
[Architectury Transformer DEBUG] Found class transformer
[Architectury Transformer DEBUG] Writing com/beigu/yunbeiuc/block/custom/barrier/TrafficBarrierBlock$1 with maxs=true frames=true
[Architectury Transformer DEBUG] Transformed com/beigu/yunbeiuc/block/custom/barrier/TrafficBarrierBlock$1 in 743.8 μs
[Architectury Transformer DEBUG] Transforming from com/beigu/yunbeiuc/block/custom/barrier/TrafficBarrierDoubleBlock$1.class to com/beigu/yunbeiuc/block/custom/barrier/TrafficBarrierDoubleBlock$1.class with 5 transformer(s) on dev.architectury.transformer.handler.TinyRemapperPreparedTransformerHandler
[Architectury Transformer DEBUG] Found class transformer
[Architectury Transformer DEBUG] Writing com/beigu/yunbeiuc/block/custom/barrier/TrafficBarrierDoubleBlock$1 with maxs=true frames=true
[Architectury Transformer DEBUG] Transformed com/beigu/yunbeiuc/block/custom/barrier/TrafficBarrierDoubleBlock$1 in 1.131 ms
[Architectury Transformer DEBUG] Transforming from com/beigu/yunbeiuc/block/custom/barrier/TrafficBarrierObliqueBlock$1.class to com/beigu/yunbeiuc/block/custom/barrier/TrafficBarrierObliqueBlock$1.class with 5 transformer(s) on dev.architectury.transformer.handler.TinyRemapperPreparedTransformerHandler
[Architectury Transformer DEBUG] Found class transformer
[Architectury Transformer DEBUG] Writing com/beigu/yunbeiuc/block/custom/barrier/TrafficBarrierObliqueBlock$1 with maxs=true frames=true
[Architectury Transformer DEBUG] Transformed com/beigu/yunbeiuc/block/custom/barrier/TrafficBarrierObliqueBlock$1 in 1.042 ms
[Architectury Transformer DEBUG] Transforming from com/beigu/yunbeiuc/block/custom/barrier/TrafficBarrierGrayBlock$1.class to com/beigu/yunbeiuc/block/custom/barrier/TrafficBarrierGrayBlock$1.class with 5 transformer(s) on dev.architectury.transformer.handler.TinyRemapperPreparedTransformerHandler
[Architectury Transformer DEBUG] Found class transformer
[Architectury Transformer DEBUG] Writing com/beigu/yunbeiuc/block/custom/barrier/TrafficBarrierGrayBlock$1 with maxs=true frames=true
[Architectury Transformer DEBUG] Transformed com/beigu/yunbeiuc/block/custom/barrier/TrafficBarrierGrayBlock$1 in 1.330 ms
[Architectury Transformer DEBUG] Transforming from com/beigu/yunbeiuc/block/custom/ReflectiveSign$1.class to com/beigu/yunbeiuc/block/custom/ReflectiveSign$1.class with 5 transformer(s) on dev.architectury.transformer.handler.TinyRemapperPreparedTransformerHandler
[Architectury Transformer DEBUG] Found class transformer
[Architectury Transformer DEBUG] Writing com/beigu/yunbeiuc/block/custom/ReflectiveSign$1 with maxs=true frames=true
[Architectury Transformer DEBUG] Transformed com/beigu/yunbeiuc/block/custom/ReflectiveSign$1 in 704.3 μs
[Architectury Transformer DEBUG] Transforming from com/beigu/yunbeiuc/block/custom/island/SafetyIslandBlock$1.class to com/beigu/yunbeiuc/block/custom/island/SafetyIslandBlock$1.class with 5 transformer(s) on dev.architectury.transformer.handler.TinyRemapperPreparedTransformerHandler
[Architectury Transformer DEBUG] Found class transformer
[Architectury Transformer DEBUG] Writing com/beigu/yunbeiuc/block/custom/island/SafetyIslandBlock$1 with maxs=true frames=true
[Architectury Transformer DEBUG] Transformed com/beigu/yunbeiuc/block/custom/island/SafetyIslandBlock$1 in 854.9 μs
[Architectury Transformer DEBUG] Transforming from com/beigu/yunbeiuc/block/custom/island/SafetyIslandObliqueBlock$1.class to com/beigu/yunbeiuc/block/custom/island/SafetyIslandObliqueBlock$1.class with 5 transformer(s) on dev.architectury.transformer.handler.TinyRemapperPreparedTransformerHandler
[Architectury Transformer DEBUG] Found class transformer
[Architectury Transformer DEBUG] Writing com/beigu/yunbeiuc/block/custom/island/SafetyIslandObliqueBlock$1 with maxs=true frames=true
[Architectury Transformer DEBUG] Transformed com/beigu/yunbeiuc/block/custom/island/SafetyIslandObliqueBlock$1 in 1.127 ms
[Architectury Transformer DEBUG] Transforming from com/beigu/yunbeiuc/block/custom/sound/SoundBarrier1$1.class to com/beigu/yunbeiuc/block/custom/sound/SoundBarrier1$1.class with 5 transformer(s) on dev.architectury.transformer.handler.TinyRemapperPreparedTransformerHandler
[Architectury Transformer DEBUG] Found class transformer
[Architectury Transformer DEBUG] Writing com/beigu/yunbeiuc/block/custom/sound/SoundBarrier1$1 with maxs=true frames=true
[Architectury Transformer DEBUG] Transformed com/beigu/yunbeiuc/block/custom/sound/SoundBarrier1$1 in 1.865 ms
[Architectury Transformer DEBUG] Transforming from com/beigu/yunbeiuc/block/custom/sound/SoundBarrier2$1.class to com/beigu/yunbeiuc/block/custom/sound/SoundBarrier2$1.class with 5 transformer(s) on dev.architectury.transformer.handler.TinyRemapperPreparedTransformerHandler
[Architectury Transformer DEBUG] Found class transformer
[Architectury Transformer DEBUG] Writing com/beigu/yunbeiuc/block/custom/sound/SoundBarrier2$1 with maxs=true frames=true
[Architectury Transformer DEBUG] Transformed com/beigu/yunbeiuc/block/custom/sound/SoundBarrier2$1 in 1.042 ms
[Architectury Transformer DEBUG] Transforming from com/beigu/yunbeiuc/block/custom/RoadNameSignBlock$1.class to com/beigu/yunbeiuc/block/custom/RoadNameSignBlock$1.class with 5 transformer(s) on dev.architectury.transformer.handler.TinyRemapperPreparedTransformerHandler
[Architectury Transformer DEBUG] Found class transformer
[Architectury Transformer DEBUG] Writing com/beigu/yunbeiuc/block/custom/RoadNameSignBlock$1 with maxs=true frames=true
[Architectury Transformer DEBUG] Transformed com/beigu/yunbeiuc/block/custom/RoadNameSignBlock$1 in 945.8 μs
[Architectury Transformer DEBUG] Transforming from com/beigu/yunbeiuc/block/custom/instrument/InstrumentCamera$1.class to com/beigu/yunbeiuc/block/custom/instrument/InstrumentCamera$1.class with 5 transformer(s) on dev.architectury.transformer.handler.TinyRemapperPreparedTransformerHandler
[Architectury Transformer DEBUG] Found class transformer
[Architectury Transformer DEBUG] Writing com/beigu/yunbeiuc/block/custom/instrument/InstrumentCamera$1 with maxs=true frames=true
[Architectury Transformer DEBUG] Transformed com/beigu/yunbeiuc/block/custom/instrument/InstrumentCamera$1 in 1.983 ms
[Architectury Transformer DEBUG] Transforming from com/beigu/yunbeiuc/block/custom/instrument/InstrumentFeeDisplay$1.class to com/beigu/yunbeiuc/block/custom/instrument/InstrumentFeeDisplay$1.class with 5 transformer(s) on dev.architectury.transformer.handler.TinyRemapperPreparedTransformerHandler
[Architectury Transformer DEBUG] Found class transformer
[Architectury Transformer DEBUG] Writing com/beigu/yunbeiuc/block/custom/instrument/InstrumentFeeDisplay$1 with maxs=true frames=true
[Architectury Transformer DEBUG] Transformed com/beigu/yunbeiuc/block/custom/instrument/InstrumentFeeDisplay$1 in 2.346 ms
[Architectury Transformer DEBUG] Transforming from com/beigu/yunbeiuc/block/custom/instrument/InstrumentLaneIndicator$1.class to com/beigu/yunbeiuc/block/custom/instrument/InstrumentLaneIndicator$1.class with 5 transformer(s) on dev.architectury.transformer.handler.TinyRemapperPreparedTransformerHandler
[Architectury Transformer DEBUG] Found class transformer
[Architectury Transformer DEBUG] Writing com/beigu/yunbeiuc/block/custom/instrument/InstrumentLaneIndicator$1 with maxs=true frames=true
[Architectury Transformer DEBUG] Transformed com/beigu/yunbeiuc/block/custom/instrument/InstrumentLaneIndicator$1 in 2.112 ms
[Architectury Transformer DEBUG] Transforming from com/beigu/yunbeiuc/block/custom/railings/RoadRailings$1.class to com/beigu/yunbeiuc/block/custom/railings/RoadRailings$1.class with 5 transformer(s) on dev.architectury.transformer.handler.TinyRemapperPreparedTransformerHandler
[Architectury Transformer DEBUG] Found class transformer
[Architectury Transformer DEBUG] Writing com/beigu/yunbeiuc/block/custom/railings/RoadRailings$1 with maxs=true frames=true
[Architectury Transformer DEBUG] Transformed com/beigu/yunbeiuc/block/custom/railings/RoadRailings$1 in 992.7 μs
[Architectury Transformer DEBUG] Transforming from com/beigu/yunbeiuc/block/custom/railings/RoadRailingsPole$1.class to com/beigu/yunbeiuc/block/custom/railings/RoadRailingsPole$1.class with 5 transformer(s) on dev.architectury.transformer.handler.TinyRemapperPreparedTransformerHandler
[Architectury Transformer DEBUG] Found class transformer
[Architectury Transformer DEBUG] Writing com/beigu/yunbeiuc/block/custom/railings/RoadRailingsPole$1 with maxs=true frames=true
[Architectury Transformer DEBUG] Transformed com/beigu/yunbeiuc/block/custom/railings/RoadRailingsPole$1 in 1.653 ms
[Architectury Transformer DEBUG] Transforming from com/beigu/yunbeiuc/block/custom/box/RoadFlowerBox1$1.class to com/beigu/yunbeiuc/block/custom/box/RoadFlowerBox1$1.class with 5 transformer(s) on dev.architectury.transformer.handler.TinyRemapperPreparedTransformerHandler
[Architectury Transformer DEBUG] Found class transformer
[Architectury Transformer DEBUG] Writing com/beigu/yunbeiuc/block/custom/box/RoadFlowerBox1$1 with maxs=true frames=true
[Architectury Transformer DEBUG] Transformed com/beigu/yunbeiuc/block/custom/box/RoadFlowerBox1$1 in 1.906 ms
[Architectury Transformer DEBUG] Transforming from com/beigu/yunbeiuc/block/custom/box/RoadFlowerBox2Fence$1.class to com/beigu/yunbeiuc/block/custom/box/RoadFlowerBox2Fence$1.class with 5 transformer(s) on dev.architectury.transformer.handler.TinyRemapperPreparedTransformerHandler
[Architectury Transformer DEBUG] Found class transformer
[Architectury Transformer DEBUG] Writing com/beigu/yunbeiuc/block/custom/box/RoadFlowerBox2Fence$1 with maxs=true frames=true
[Architectury Transformer DEBUG] Transformed com/beigu/yunbeiuc/block/custom/box/RoadFlowerBox2Fence$1 in 1.682 ms
[Architectury Transformer DEBUG] Transforming from com/beigu/yunbeiuc/block/custom/rubbish/RubbishBinWhite$1.class to com/beigu/yunbeiuc/block/custom/rubbish/RubbishBinWhite$1.class with 5 transformer(s) on dev.architectury.transformer.handler.TinyRemapperPreparedTransformerHandler
[Architectury Transformer DEBUG] Found class transformer
[Architectury Transformer DEBUG] Writing com/beigu/yunbeiuc/block/custom/rubbish/RubbishBinWhite$1 with maxs=true frames=true
[Architectury Transformer DEBUG] Transformed com/beigu/yunbeiuc/block/custom/rubbish/RubbishBinWhite$1 in 1.711 ms
[Architectury Transformer DEBUG] Transforming from com/beigu/yunbeiuc/block/custom/rubbish/RubbishBinGrayGreen$1.class to com/beigu/yunbeiuc/block/custom/rubbish/RubbishBinGrayGreen$1.class with 5 transformer(s) on dev.architectury.transformer.handler.TinyRemapperPreparedTransformerHandler
[Architectury Transformer DEBUG] Found class transformer
[Architectury Transformer DEBUG] Writing com/beigu/yunbeiuc/block/custom/rubbish/RubbishBinGrayGreen$1 with maxs=true frames=true
[Architectury Transformer DEBUG] Transformed com/beigu/yunbeiuc/block/custom/rubbish/RubbishBinGrayGreen$1 in 1.525 ms
[Architectury Transformer DEBUG] Transforming from com/beigu/yunbeiuc/block/custom/guardrail/RoadClosedBarricadeGuardrail1$1.class to com/beigu/yunbeiuc/block/custom/guardrail/RoadClosedBarricadeGuardrail1$1.class with 5 transformer(s) on dev.architectury.transformer.handler.TinyRemapperPreparedTransformerHandler
[Architectury Transformer DEBUG] Found class transformer
[Architectury Transformer DEBUG] Writing com/beigu/yunbeiuc/block/custom/guardrail/RoadClosedBarricadeGuardrail1$1 with maxs=true frames=true
[Architectury Transformer DEBUG] Transformed com/beigu/yunbeiuc/block/custom/guardrail/RoadClosedBarricadeGuardrail1$1 in 1.636 ms
[Architectury Transformer DEBUG] Transforming from com/beigu/yunbeiuc/block/custom/guardrail/RoadClosedBarricadeGuardrail2$1.class to com/beigu/yunbeiuc/block/custom/guardrail/RoadClosedBarricadeGuardrail2$1.class with 5 transformer(s) on dev.architectury.transformer.handler.TinyRemapperPreparedTransformerHandler
[Architectury Transformer DEBUG] Found class transformer
[Architectury Transformer DEBUG] Writing com/beigu/yunbeiuc/block/custom/guardrail/RoadClosedBarricadeGuardrail2$1 with maxs=true frames=true
[Architectury Transformer DEBUG] Transformed com/beigu/yunbeiuc/block/custom/guardrail/RoadClosedBarricadeGuardrail2$1 in 1.238 ms
[Architectury Transformer DEBUG] Transforming from com/beigu/yunbeiuc/block/custom/guardrail/RoadClosedBarricadeGuardrail3$1.class to com/beigu/yunbeiuc/block/custom/guardrail/RoadClosedBarricadeGuardrail3$1.class with 5 transformer(s) on dev.architectury.transformer.handler.TinyRemapperPreparedTransformerHandler
[Architectury Transformer DEBUG] Found class transformer
[Architectury Transformer DEBUG] Writing com/beigu/yunbeiuc/block/custom/guardrail/RoadClosedBarricadeGuardrail3$1 with maxs=true frames=true
[Architectury Transformer DEBUG] Transformed com/beigu/yunbeiuc/block/custom/guardrail/RoadClosedBarricadeGuardrail3$1 in 1.858 ms
[Architectury Transformer DEBUG] Transforming from com/beigu/yunbeiuc/block/custom/guardrail/RoadClosedBarricadeGuardrail4$1.class to com/beigu/yunbeiuc/block/custom/guardrail/RoadClosedBarricadeGuardrail4$1.class with 5 transformer(s) on dev.architectury.transformer.handler.TinyRemapperPreparedTransformerHandler
[Architectury Transformer DEBUG] Found class transformer
[Architectury Transformer DEBUG] Writing com/beigu/yunbeiuc/block/custom/guardrail/RoadClosedBarricadeGuardrail4$1 with maxs=true frames=true
[Architectury Transformer DEBUG] Transformed com/beigu/yunbeiuc/block/custom/guardrail/RoadClosedBarricadeGuardrail4$1 in 1.020 ms
[Architectury Transformer DEBUG] Transforming from com/beigu/yunbeiuc/block/custom/IronHorse$1.class to com/beigu/yunbeiuc/block/custom/IronHorse$1.class with 5 transformer(s) on dev.architectury.transformer.handler.TinyRemapperPreparedTransformerHandler
[Architectury Transformer DEBUG] Found class transformer
[Architectury Transformer DEBUG] Writing com/beigu/yunbeiuc/block/custom/IronHorse$1 with maxs=true frames=true
[Architectury Transformer DEBUG] Transformed com/beigu/yunbeiuc/block/custom/IronHorse$1 in 2.128 ms
[Architectury Transformer DEBUG] Transforming from com/beigu/yunbeiuc/block/custom/gate/BarrierGate1PoleHorizontal$1.class to com/beigu/yunbeiuc/block/custom/gate/BarrierGate1PoleHorizontal$1.class with 5 transformer(s) on dev.architectury.transformer.handler.TinyRemapperPreparedTransformerHandler
[Architectury Transformer DEBUG] Found class transformer
[Architectury Transformer DEBUG] Writing com/beigu/yunbeiuc/block/custom/gate/BarrierGate1PoleHorizontal$1 with maxs=true frames=true
[Architectury Transformer DEBUG] Transformed com/beigu/yunbeiuc/block/custom/gate/BarrierGate1PoleHorizontal$1 in 1.115 ms
[Architectury Transformer DEBUG] Transforming from com/beigu/yunbeiuc/block/custom/gate/BarrierGate1PoleLongitudinal$1.class to com/beigu/yunbeiuc/block/custom/gate/BarrierGate1PoleLongitudinal$1.class with 5 transformer(s) on dev.architectury.transformer.handler.TinyRemapperPreparedTransformerHandler
[Architectury Transformer DEBUG] Found class transformer
[Architectury Transformer DEBUG] Writing com/beigu/yunbeiuc/block/custom/gate/BarrierGate1PoleLongitudinal$1 with maxs=true frames=true
[Architectury Transformer DEBUG] Transformed com/beigu/yunbeiuc/block/custom/gate/BarrierGate1PoleLongitudinal$1 in 1.290 ms
[Architectury Transformer DEBUG] Transforming from com/beigu/yunbeiuc/block/custom/road/GroundMark1Block$1.class to com/beigu/yunbeiuc/block/custom/road/GroundMark1Block$1.class with 5 transformer(s) on dev.architectury.transformer.handler.TinyRemapperPreparedTransformerHandler
[Architectury Transformer DEBUG] Found class transformer
[Architectury Transformer DEBUG] Writing com/beigu/yunbeiuc/block/custom/road/GroundMark1Block$1 with maxs=true frames=true
[Architectury Transformer DEBUG] Transformed com/beigu/yunbeiuc/block/custom/road/GroundMark1Block$1 in 576.9 μs
[Architectury Transformer DEBUG] Transforming from com/beigu/yunbeiuc/block/custom/sign/SignSimpleBlock$1.class to com/beigu/yunbeiuc/block/custom/sign/SignSimpleBlock$1.class with 5 transformer(s) on dev.architectury.transformer.handler.TinyRemapperPreparedTransformerHandler
[Architectury Transformer DEBUG] Found class transformer
[Architectury Transformer DEBUG] Writing com/beigu/yunbeiuc/block/custom/sign/SignSimpleBlock$1 with maxs=true frames=true
[Architectury Transformer DEBUG] Transformed com/beigu/yunbeiuc/block/custom/sign/SignSimpleBlock$1 in 1.534 ms
[Architectury Transformer DEBUG] Transforming from com/beigu/yunbeiuc/block/custom/sign/ZonesBoard1$1.class to com/beigu/yunbeiuc/block/custom/sign/ZonesBoard1$1.class with 5 transformer(s) on dev.architectury.transformer.handler.TinyRemapperPreparedTransformerHandler
[Architectury Transformer DEBUG] Found class transformer
[Architectury Transformer DEBUG] Writing com/beigu/yunbeiuc/block/custom/sign/ZonesBoard1$1 with maxs=true frames=true
[Architectury Transformer DEBUG] Transformed com/beigu/yunbeiuc/block/custom/sign/ZonesBoard1$1 in 650.9 μs
[Architectury Transformer DEBUG] Transforming from com/beigu/yunbeiuc/block/custom/sign/ZonesBoardTimeRange1$1.class to com/beigu/yunbeiuc/block/custom/sign/ZonesBoardTimeRange1$1.class with 5 transformer(s) on dev.architectury.transformer.handler.TinyRemapperPreparedTransformerHandler
[Architectury Transformer DEBUG] Found class transformer
[Architectury Transformer DEBUG] Writing com/beigu/yunbeiuc/block/custom/sign/ZonesBoardTimeRange1$1 with maxs=true frames=true
[Architectury Transformer DEBUG] Transformed com/beigu/yunbeiuc/block/custom/sign/ZonesBoardTimeRange1$1 in 976.4 μs
[Architectury Transformer DEBUG] Transforming from com/beigu/yunbeiuc/block/custom/sign/ZonesBoardTimeRange2$1.class to com/beigu/yunbeiuc/block/custom/sign/ZonesBoardTimeRange2$1.class with 5 transformer(s) on dev.architectury.transformer.handler.TinyRemapperPreparedTransformerHandler
[Architectury Transformer DEBUG] Found class transformer
[Architectury Transformer DEBUG] Writing com/beigu/yunbeiuc/block/custom/sign/ZonesBoardTimeRange2$1 with maxs=true frames=true
[Architectury Transformer DEBUG] Transformed com/beigu/yunbeiuc/block/custom/sign/ZonesBoardTimeRange2$1 in 438.6 μs
[Architectury Transformer DEBUG] Transforming from com/beigu/yunbeiuc/block/custom/sign/ZonesBoardOverWeight$1.class to com/beigu/yunbeiuc/block/custom/sign/ZonesBoardOverWeight$1.class with 5 transformer(s) on dev.architectury.transformer.handler.TinyRemapperPreparedTransformerHandler
[Architectury Transformer DEBUG] Found class transformer
[Architectury Transformer DEBUG] Writing com/beigu/yunbeiuc/block/custom/sign/ZonesBoardOverWeight$1 with maxs=true frames=true
[Architectury Transformer DEBUG] Transformed com/beigu/yunbeiuc/block/custom/sign/ZonesBoardOverWeight$1 in 965.1 μs
[Architectury Transformer DEBUG] Transforming from com/beigu/yunbeiuc/block/custom/sign/ZonesBoardImage$1.class to com/beigu/yunbeiuc/block/custom/sign/ZonesBoardImage$1.class with 5 transformer(s) on dev.architectury.transformer.handler.TinyRemapperPreparedTransformerHandler
[Architectury Transformer DEBUG] Found class transformer
[Architectury Transformer DEBUG] Writing com/beigu/yunbeiuc/block/custom/sign/ZonesBoardImage$1 with maxs=true frames=true
[Architectury Transformer DEBUG] Transformed com/beigu/yunbeiuc/block/custom/sign/ZonesBoardImage$1 in 911.2 μs
[Architectury Transformer DEBUG] Transforming from com/beigu/yunbeiuc/block/custom/sign/SignGuideIntersectionAdvanceWarning1Wuhan$1.class to com/beigu/yunbeiuc/block/custom/sign/SignGuideIntersectionAdvanceWarning1Wuhan$1.class with 5 transformer(s) on dev.architectury.transformer.handler.TinyRemapperPreparedTransformerHandler
[Architectury Transformer DEBUG] Found class transformer
[Architectury Transformer DEBUG] Writing com/beigu/yunbeiuc/block/custom/sign/SignGuideIntersectionAdvanceWarning1Wuhan$1 with maxs=true frames=true
[Architectury Transformer DEBUG] Transformed com/beigu/yunbeiuc/block/custom/sign/SignGuideIntersectionAdvanceWarning1Wuhan$1 in 433.4 μs
[Architectury Transformer DEBUG] Transforming from com/beigu/yunbeiuc/block/custom/sign/SignGuideIntersectionAdvanceWarning1$1.class to com/beigu/yunbeiuc/block/custom/sign/SignGuideIntersectionAdvanceWarning1$1.class with 5 transformer(s) on dev.architectury.transformer.handler.TinyRemapperPreparedTransformerHandler
[Architectury Transformer DEBUG] Found class transformer
[Architectury Transformer DEBUG] Writing com/beigu/yunbeiuc/block/custom/sign/SignGuideIntersectionAdvanceWarning1$1 with maxs=true frames=true
[Architectury Transformer DEBUG] Transformed com/beigu/yunbeiuc/block/custom/sign/SignGuideIntersectionAdvanceWarning1$1 in 671.6 μs
[Architectury Transformer DEBUG] Transforming from com/beigu/yunbeiuc/block/custom/sign/SignGuideIntersectionAdvanceWarning3$1.class to com/beigu/yunbeiuc/block/custom/sign/SignGuideIntersectionAdvanceWarning3$1.class with 5 transformer(s) on dev.architectury.transformer.handler.TinyRemapperPreparedTransformerHandler
[Architectury Transformer DEBUG] Found class transformer
[Architectury Transformer DEBUG] Writing com/beigu/yunbeiuc/block/custom/sign/SignGuideIntersectionAdvanceWarning3$1 with maxs=true frames=true
[Architectury Transformer DEBUG] Transformed com/beigu/yunbeiuc/block/custom/sign/SignGuideIntersectionAdvanceWarning3$1 in 910.1 μs
[Architectury Transformer DEBUG] Transforming from com/beigu/yunbeiuc/block/custom/sign/SignGuideIntersectionAdvanceWarning5$1.class to com/beigu/yunbeiuc/block/custom/sign/SignGuideIntersectionAdvanceWarning5$1.class with 5 transformer(s) on dev.architectury.transformer.handler.TinyRemapperPreparedTransformerHandler
[Architectury Transformer DEBUG] Found class transformer
[Architectury Transformer DEBUG] Writing com/beigu/yunbeiuc/block/custom/sign/SignGuideIntersectionAdvanceWarning5$1 with maxs=true frames=true
[Architectury Transformer DEBUG] Transformed com/beigu/yunbeiuc/block/custom/sign/SignGuideIntersectionAdvanceWarning5$1 in 615.6 μs
[Architectury Transformer DEBUG] Transforming from com/beigu/yunbeiuc/block/custom/sign/SignGuideIntersectionAdvanceWarning6$1.class to com/beigu/yunbeiuc/block/custom/sign/SignGuideIntersectionAdvanceWarning6$1.class with 5 transformer(s) on dev.architectury.transformer.handler.TinyRemapperPreparedTransformerHandler
[Architectury Transformer DEBUG] Found class transformer
[Architectury Transformer DEBUG] Writing com/beigu/yunbeiuc/block/custom/sign/SignGuideIntersectionAdvanceWarning6$1 with maxs=true frames=true
[Architectury Transformer DEBUG] Transformed com/beigu/yunbeiuc/block/custom/sign/SignGuideIntersectionAdvanceWarning6$1 in 515.3 μs
[Architectury Transformer DEBUG] Transforming from com/beigu/yunbeiuc/block/custom/sign/SignGuideIntersectionAdvanceWarning7$1.class to com/beigu/yunbeiuc/block/custom/sign/SignGuideIntersectionAdvanceWarning7$1.class with 5 transformer(s) on dev.architectury.transformer.handler.TinyRemapperPreparedTransformerHandler
[Architectury Transformer DEBUG] Found class transformer
[Architectury Transformer DEBUG] Writing com/beigu/yunbeiuc/block/custom/sign/SignGuideIntersectionAdvanceWarning7$1 with maxs=true frames=true
[Architectury Transformer DEBUG] Transformed com/beigu/yunbeiuc/block/custom/sign/SignGuideIntersectionAdvanceWarning7$1 in 939.9 μs
[Architectury Transformer DEBUG] Transforming from com/beigu/yunbeiuc/block/custom/sign/SignGuideIntersectionWarning1$1.class to com/beigu/yunbeiuc/block/custom/sign/SignGuideIntersectionWarning1$1.class with 5 transformer(s) on dev.architectury.transformer.handler.TinyRemapperPreparedTransformerHandler
[Architectury Transformer DEBUG] Found class transformer
[Architectury Transformer DEBUG] Writing com/beigu/yunbeiuc/block/custom/sign/SignGuideIntersectionWarning1$1 with maxs=true frames=true
[Architectury Transformer DEBUG] Transformed com/beigu/yunbeiuc/block/custom/sign/SignGuideIntersectionWarning1$1 in 853.0 μs
[Architectury Transformer DEBUG] Transforming from com/beigu/yunbeiuc/block/custom/sign/SignGuideIntersectionWarning4$1.class to com/beigu/yunbeiuc/block/custom/sign/SignGuideIntersectionWarning4$1.class with 5 transformer(s) on dev.architectury.transformer.handler.TinyRemapperPreparedTransformerHandler
[Architectury Transformer DEBUG] Found class transformer
[Architectury Transformer DEBUG] Writing com/beigu/yunbeiuc/block/custom/sign/SignGuideIntersectionWarning4$1 with maxs=true frames=true
[Architectury Transformer DEBUG] Transformed com/beigu/yunbeiuc/block/custom/sign/SignGuideIntersectionWarning4$1 in 1.033 ms
[Architectury Transformer DEBUG] Transforming from com/beigu/yunbeiuc/block/custom/sign/SignGuideConfirmation1$1.class to com/beigu/yunbeiuc/block/custom/sign/SignGuideConfirmation1$1.class with 5 transformer(s) on dev.architectury.transformer.handler.TinyRemapperPreparedTransformerHandler
[Architectury Transformer DEBUG] Found class transformer
[Architectury Transformer DEBUG] Writing com/beigu/yunbeiuc/block/custom/sign/SignGuideConfirmation1$1 with maxs=true frames=true
[Architectury Transformer DEBUG] Transformed com/beigu/yunbeiuc/block/custom/sign/SignGuideConfirmation1$1 in 925.7 μs
[Architectury Transformer DEBUG] Transforming from com/beigu/yunbeiuc/block/custom/sign/SignGuideLaneIndicator1$1.class to com/beigu/yunbeiuc/block/custom/sign/SignGuideLaneIndicator1$1.class with 5 transformer(s) on dev.architectury.transformer.handler.TinyRemapperPreparedTransformerHandler
[Architectury Transformer DEBUG] Found class transformer
[Architectury Transformer DEBUG] Writing com/beigu/yunbeiuc/block/custom/sign/SignGuideLaneIndicator1$1 with maxs=true frames=true
[Architectury Transformer DEBUG] Transformed com/beigu/yunbeiuc/block/custom/sign/SignGuideLaneIndicator1$1 in 1.410 ms
[Architectury Transformer DEBUG] Transforming from com/beigu/yunbeiuc/block/custom/sign/SignGuideRoadsideFacilityOverloadCheckpoint1$1.class to com/beigu/yunbeiuc/block/custom/sign/SignGuideRoadsideFacilityOverloadCheckpoint1$1.class with 5 transformer(s) on dev.architectury.transformer.handler.TinyRemapperPreparedTransformerHandler
[Architectury Transformer DEBUG] Found class transformer
[Architectury Transformer DEBUG] Writing com/beigu/yunbeiuc/block/custom/sign/SignGuideRoadsideFacilityOverloadCheckpoint1$1 with maxs=true frames=true
[Architectury Transformer DEBUG] Transformed com/beigu/yunbeiuc/block/custom/sign/SignGuideRoadsideFacilityOverloadCheckpoint1$1 in 979.9 μs
[Architectury Transformer DEBUG] Transforming from com/beigu/yunbeiuc/block/custom/sign/SignExpresswayEntranceAdvance1$1.class to com/beigu/yunbeiuc/block/custom/sign/SignExpresswayEntranceAdvance1$1.class with 5 transformer(s) on dev.architectury.transformer.handler.TinyRemapperPreparedTransformerHandler
[Architectury Transformer DEBUG] Found class transformer
[Architectury Transformer DEBUG] Writing com/beigu/yunbeiuc/block/custom/sign/SignExpresswayEntranceAdvance1$1 with maxs=true frames=true
[Architectury Transformer DEBUG] Transformed com/beigu/yunbeiuc/block/custom/sign/SignExpresswayEntranceAdvance1$1 in 1.137 ms
[Architectury Transformer DEBUG] Transforming from com/beigu/yunbeiuc/block/custom/sign/SignExpresswayEntranceAdvance4$1.class to com/beigu/yunbeiuc/block/custom/sign/SignExpresswayEntranceAdvance4$1.class with 5 transformer(s) on dev.architectury.transformer.handler.TinyRemapperPreparedTransformerHandler
[Architectury Transformer DEBUG] Found class transformer
[Architectury Transformer DEBUG] Writing com/beigu/yunbeiuc/block/custom/sign/SignExpresswayEntranceAdvance4$1 with maxs=true frames=true
[Architectury Transformer DEBUG] Transformed com/beigu/yunbeiuc/block/custom/sign/SignExpresswayEntranceAdvance4$1 in 530.9 μs
[Architectury Transformer DEBUG] Transforming from com/beigu/yunbeiuc/block/custom/sign/SignExpresswayEntranceAdvance7$1.class to com/beigu/yunbeiuc/block/custom/sign/SignExpresswayEntranceAdvance7$1.class with 5 transformer(s) on dev.architectury.transformer.handler.TinyRemapperPreparedTransformerHandler
[Architectury Transformer DEBUG] Found class transformer
[Architectury Transformer DEBUG] Writing com/beigu/yunbeiuc/block/custom/sign/SignExpresswayEntranceAdvance7$1 with maxs=true frames=true
[Architectury Transformer DEBUG] Transformed com/beigu/yunbeiuc/block/custom/sign/SignExpresswayEntranceAdvance7$1 in 797.5 μs
[Architectury Transformer DEBUG] Transforming from com/beigu/yunbeiuc/block/custom/sign/SignExpresswayEntranceAdvance10$1.class to com/beigu/yunbeiuc/block/custom/sign/SignExpresswayEntranceAdvance10$1.class with 5 transformer(s) on dev.architectury.transformer.handler.TinyRemapperPreparedTransformerHandler
[Architectury Transformer DEBUG] Found class transformer
[Architectury Transformer DEBUG] Writing com/beigu/yunbeiuc/block/custom/sign/SignExpresswayEntranceAdvance10$1 with maxs=true frames=true
[Architectury Transformer DEBUG] Transformed com/beigu/yunbeiuc/block/custom/sign/SignExpresswayEntranceAdvance10$1 in 808.3 μs
[Architectury Transformer DEBUG] Transforming from com/beigu/yunbeiuc/block/custom/sign/SignExpresswayEntranceAdvance13$1.class to com/beigu/yunbeiuc/block/custom/sign/SignExpresswayEntranceAdvance13$1.class with 5 transformer(s) on dev.architectury.transformer.handler.TinyRemapperPreparedTransformerHandler
[Architectury Transformer DEBUG] Found class transformer
[Architectury Transformer DEBUG] Writing com/beigu/yunbeiuc/block/custom/sign/SignExpresswayEntranceAdvance13$1 with maxs=true frames=true
[Architectury Transformer DEBUG] Transformed com/beigu/yunbeiuc/block/custom/sign/SignExpresswayEntranceAdvance13$1 in 1.143 ms
[Architectury Transformer DEBUG] Transforming from com/beigu/yunbeiuc/block/custom/sign/SignExpresswayExit8$1.class to com/beigu/yunbeiuc/block/custom/sign/SignExpresswayExit8$1.class with 5 transformer(s) on dev.architectury.transformer.handler.TinyRemapperPreparedTransformerHandler
[Architectury Transformer DEBUG] Found class transformer
[Architectury Transformer DEBUG] Writing com/beigu/yunbeiuc/block/custom/sign/SignExpresswayExit8$1 with maxs=true frames=true
[Architectury Transformer DEBUG] Transformed com/beigu/yunbeiuc/block/custom/sign/SignExpresswayExit8$1 in 484.3 μs
[Architectury Transformer DEBUG] Transforming from com/beigu/yunbeiuc/block/custom/lights/TrafficLightsManager.class to com/beigu/yunbeiuc/block/custom/lights/TrafficLightsManager.class with 5 transformer(s) on dev.architectury.transformer.handler.TinyRemapperPreparedTransformerHandler
[Architectury Transformer DEBUG] Found class transformer
[Architectury Transformer DEBUG] Writing com/beigu/yunbeiuc/block/custom/lights/TrafficLightsManager with maxs=true frames=true
[Architectury Transformer DEBUG] Transformed com/beigu/yunbeiuc/block/custom/lights/TrafficLightsManager in 2.734 ms
[Architectury Transformer DEBUG] Transforming from com/beigu/yunbeiuc/block/custom/lights/TrafficLightsGroup.class to com/beigu/yunbeiuc/block/custom/lights/TrafficLightsGroup.class with 5 transformer(s) on dev.architectury.transformer.handler.TinyRemapperPreparedTransformerHandler
[Architectury Transformer DEBUG] Found class transformer
[Architectury Transformer DEBUG] Writing com/beigu/yunbeiuc/block/custom/lights/TrafficLightsGroup with maxs=true frames=true
[Architectury Transformer DEBUG] Transformed com/beigu/yunbeiuc/block/custom/lights/TrafficLightsGroup in 6.801 ms
[Architectury Transformer DEBUG] Transforming from com/beigu/yunbeiuc/block/custom/lights/TrafficLightsGroup$LightPhase.class to com/beigu/yunbeiuc/block/custom/lights/TrafficLightsGroup$LightPhase.class with 5 transformer(s) on dev.architectury.transformer.handler.TinyRemapperPreparedTransformerHandler
[Architectury Transformer DEBUG] Found class transformer
[Architectury Transformer DEBUG] Writing com/beigu/yunbeiuc/block/custom/lights/TrafficLightsGroup$LightPhase with maxs=true frames=true
[Architectury Transformer DEBUG] Transformed com/beigu/yunbeiuc/block/custom/lights/TrafficLightsGroup$LightPhase in 2.606 ms
[Architectury Transformer DEBUG] Transforming from com/beigu/yunbeiuc/entity/SignGuideRoadsideFacilityOverloadCheckpoint1Entity$Unit.class to com/beigu/yunbeiuc/entity/SignGuideRoadsideFacilityOverloadCheckpoint1Entity$Unit.class with 5 transformer(s) on dev.architectury.transformer.handler.TinyRemapperPreparedTransformerHandler
[Architectury Transformer DEBUG] Found class transformer
[Architectury Transformer DEBUG] Writing com/beigu/yunbeiuc/entity/SignGuideRoadsideFacilityOverloadCheckpoint1Entity$Unit with maxs=true frames=true
[Architectury Transformer DEBUG] Transformed com/beigu/yunbeiuc/entity/SignGuideRoadsideFacilityOverloadCheckpoint1Entity$Unit in 62.70 ms
[Architectury Transformer DEBUG] Transforming from com/beigu/yunbeiuc/entity/SignGuideIntersectionAdvanceWarning6Entity$Direction.class to com/beigu/yunbeiuc/entity/SignGuideIntersectionAdvanceWarning6Entity$Direction.class with 5 transformer(s) on dev.architectury.transformer.handler.TinyRemapperPreparedTransformerHandler
[Architectury Transformer DEBUG] Found class transformer
[Architectury Transformer DEBUG] Writing com/beigu/yunbeiuc/entity/SignGuideIntersectionAdvanceWarning6Entity$Direction with maxs=true frames=true
[Architectury Transformer DEBUG] Transformed com/beigu/yunbeiuc/entity/SignGuideIntersectionAdvanceWarning6Entity$Direction in 1.831 ms
[Architectury Transformer DEBUG] Transforming from com/beigu/yunbeiuc/entity/SignExpresswayEntranceAdvance10Entity$Expressway.class to com/beigu/yunbeiuc/entity/SignExpresswayEntranceAdvance10Entity$Expressway.class with 5 transformer(s) on dev.architectury.transformer.handler.TinyRemapperPreparedTransformerHandler
[Architectury Transformer DEBUG] Found class transformer
[Architectury Transformer DEBUG] Writing com/beigu/yunbeiuc/entity/SignExpresswayEntranceAdvance10Entity$Expressway with maxs=true frames=true
[Architectury Transformer DEBUG] Transformed com/beigu/yunbeiuc/entity/SignExpresswayEntranceAdvance10Entity$Expressway in 2.992 ms
[Architectury Transformer DEBUG] Transforming from com/beigu/yunbeiuc/entity/SignExpresswayEntranceAdvance13Entity$Expressway.class to com/beigu/yunbeiuc/entity/SignExpresswayEntranceAdvance13Entity$Expressway.class with 5 transformer(s) on dev.architectury.transformer.handler.TinyRemapperPreparedTransformerHandler
[Architectury Transformer DEBUG] Found class transformer
[Architectury Transformer DEBUG] Writing com/beigu/yunbeiuc/entity/SignExpresswayEntranceAdvance13Entity$Expressway with maxs=true frames=true
[Architectury Transformer DEBUG] Transformed com/beigu/yunbeiuc/entity/SignExpresswayEntranceAdvance13Entity$Expressway in 1.562 ms
[Architectury Transformer DEBUG] Transforming from com/beigu/yunbeiuc/entity/SignExpresswayExit8Entity$Direction.class to com/beigu/yunbeiuc/entity/SignExpresswayExit8Entity$Direction.class with 5 transformer(s) on dev.architectury.transformer.handler.TinyRemapperPreparedTransformerHandler
[Architectury Transformer DEBUG] Found class transformer
[Architectury Transformer DEBUG] Writing com/beigu/yunbeiuc/entity/SignExpresswayExit8Entity$Direction with maxs=true frames=true
[Architectury Transformer DEBUG] Transformed com/beigu/yunbeiuc/entity/SignExpresswayExit8Entity$Direction in 4.117 ms
[Architectury Transformer DEBUG] Transforming from com/beigu/yunbeiuc/entity/SignExpresswayExit8Entity$Expressway.class to com/beigu/yunbeiuc/entity/SignExpresswayExit8Entity$Expressway.class with 5 transformer(s) on dev.architectury.transformer.handler.TinyRemapperPreparedTransformerHandler
[Architectury Transformer DEBUG] Found class transformer
[Architectury Transformer DEBUG] Writing com/beigu/yunbeiuc/entity/SignExpresswayExit8Entity$Expressway with maxs=true frames=true
[Architectury Transformer DEBUG] Transformed com/beigu/yunbeiuc/entity/SignExpresswayExit8Entity$Expressway in 1.620 ms
[Architectury Transformer DEBUG] Transforming from com/beigu/yunbeiuc/entity/SignExpresswayEntranceAdvance1Entity$Expressway.class to com/beigu/yunbeiuc/entity/SignExpresswayEntranceAdvance1Entity$Expressway.class with 5 transformer(s) on dev.architectury.transformer.handler.TinyRemapperPreparedTransformerHandler
[Architectury Transformer DEBUG] Found class transformer
[Architectury Transformer DEBUG] Writing com/beigu/yunbeiuc/entity/SignExpresswayEntranceAdvance1Entity$Expressway with maxs=true frames=true
[Architectury Transformer DEBUG] Transformed com/beigu/yunbeiuc/entity/SignExpresswayEntranceAdvance1Entity$Expressway in 2.334 ms
[Architectury Transformer DEBUG] Transforming from com/beigu/yunbeiuc/entity/SignExpresswayEntranceAdvance4Entity$Direction.class to com/beigu/yunbeiuc/entity/SignExpresswayEntranceAdvance4Entity$Direction.class with 5 transformer(s) on dev.architectury.transformer.handler.TinyRemapperPreparedTransformerHandler
[Architectury Transformer DEBUG] Found class transformer
[Architectury Transformer DEBUG] Writing com/beigu/yunbeiuc/entity/SignExpresswayEntranceAdvance4Entity$Direction with maxs=true frames=true
[Architectury Transformer DEBUG] Transformed com/beigu/yunbeiuc/entity/SignExpresswayEntranceAdvance4Entity$Direction in 1.444 ms
[Architectury Transformer DEBUG] Transforming from com/beigu/yunbeiuc/entity/SignExpresswayEntranceAdvance4Entity$Expressway.class to com/beigu/yunbeiuc/entity/SignExpresswayEntranceAdvance4Entity$Expressway.class with 5 transformer(s) on dev.architectury.transformer.handler.TinyRemapperPreparedTransformerHandler
[Architectury Transformer DEBUG] Found class transformer
[Architectury Transformer DEBUG] Writing com/beigu/yunbeiuc/entity/SignExpresswayEntranceAdvance4Entity$Expressway with maxs=true frames=true
[Architectury Transformer DEBUG] Transformed com/beigu/yunbeiuc/entity/SignExpresswayEntranceAdvance4Entity$Expressway in 2.208 ms
[Architectury Transformer DEBUG] Transforming from com/beigu/yunbeiuc/entity/SignGuideIntersectionAdvanceWarning7Entity$Direction.class to com/beigu/yunbeiuc/entity/SignGuideIntersectionAdvanceWarning7Entity$Direction.class with 5 transformer(s) on dev.architectury.transformer.handler.TinyRemapperPreparedTransformerHandler
[Architectury Transformer DEBUG] Found class transformer
[Architectury Transformer DEBUG] Writing com/beigu/yunbeiuc/entity/SignGuideIntersectionAdvanceWarning7Entity$Direction with maxs=true frames=true
[Architectury Transformer DEBUG] Transformed com/beigu/yunbeiuc/entity/SignGuideIntersectionAdvanceWarning7Entity$Direction in 1.889 ms
[Architectury Transformer DEBUG] Transforming from com/beigu/yunbeiuc/entity/SignGuideLaneIndicator1Entity$Direction.class to com/beigu/yunbeiuc/entity/SignGuideLaneIndicator1Entity$Direction.class with 5 transformer(s) on dev.architectury.transformer.handler.TinyRemapperPreparedTransformerHandler
[Architectury Transformer DEBUG] Found class transformer
[Architectury Transformer DEBUG] Writing com/beigu/yunbeiuc/entity/SignGuideLaneIndicator1Entity$Direction with maxs=true frames=true
[Architectury Transformer DEBUG] Transformed com/beigu/yunbeiuc/entity/SignGuideLaneIndicator1Entity$Direction in 1.971 ms
[Architectury Transformer DEBUG] Transforming from com/beigu/yunbeiuc/entity/ZonesBoardImageEntity$BoardImage.class to com/beigu/yunbeiuc/entity/ZonesBoardImageEntity$BoardImage.class with 5 transformer(s) on dev.architectury.transformer.handler.TinyRemapperPreparedTransformerHandler
[Architectury Transformer DEBUG] Found class transformer
[Architectury Transformer DEBUG] Writing com/beigu/yunbeiuc/entity/ZonesBoardImageEntity$BoardImage with maxs=true frames=true
[Architectury Transformer DEBUG] Transformed com/beigu/yunbeiuc/entity/ZonesBoardImageEntity$BoardImage in 2.091 ms
[Architectury Transformer DEBUG] Transforming from com/beigu/yunbeiuc/entity/SignGuideIntersectionWarning4Entity$Direction.class to com/beigu/yunbeiuc/entity/SignGuideIntersectionWarning4Entity$Direction.class with 5 transformer(s) on dev.architectury.transformer.handler.TinyRemapperPreparedTransformerHandler
[Architectury Transformer DEBUG] Found class transformer
[Architectury Transformer DEBUG] Writing com/beigu/yunbeiuc/entity/SignGuideIntersectionWarning4Entity$Direction with maxs=true frames=true
[Architectury Transformer DEBUG] Transformed com/beigu/yunbeiuc/entity/SignGuideIntersectionWarning4Entity$Direction in 1.782 ms
[Architectury Transformer DEBUG] Transforming from com/beigu/yunbeiuc/entity/SignGuideConfirmation1Entity$Unit.class to com/beigu/yunbeiuc/entity/SignGuideConfirmation1Entity$Unit.class with 5 transformer(s) on dev.architectury.transformer.handler.TinyRemapperPreparedTransformerHandler
[Architectury Transformer DEBUG] Found class transformer
[Architectury Transformer DEBUG] Writing com/beigu/yunbeiuc/entity/SignGuideConfirmation1Entity$Unit with maxs=true frames=true
[Architectury Transformer DEBUG] Transformed com/beigu/yunbeiuc/entity/SignGuideConfirmation1Entity$Unit in 3.113 ms
[Architectury Transformer DEBUG] Transforming from com/beigu/yunbeiuc/block/custom/lights/TrafficLightsGroup$CrossPhase.class to com/beigu/yunbeiuc/block/custom/lights/TrafficLightsGroup$CrossPhase.class with 5 transformer(s) on dev.architectury.transformer.handler.TinyRemapperPreparedTransformerHandler
[Architectury Transformer DEBUG] Found class transformer
[Architectury Transformer DEBUG] Writing com/beigu/yunbeiuc/block/custom/lights/TrafficLightsGroup$CrossPhase with maxs=true frames=true
[Architectury Transformer DEBUG] Transformed com/beigu/yunbeiuc/block/custom/lights/TrafficLightsGroup$CrossPhase in 31.95 ms
