[Architectury Transformer] Architectury Runtime 5.2.91
[Architectury Transformer DEBUG] Closed File Systems for D:\yunbeiurbanconstruction-template\common\build\devlibs\yunbeiuc-common-1.0.0-26w28a-dev.jar
[Architectury Transformer DEBUG] Preparing tiny remapper prepared transformer: dev.architectury.transformer.handler.TinyRemapperPreparedTransformerHandler
[Architectury Transformer DEBUG] Provided 104 classpath jar(s):
[Architectury Transformer DEBUG]  - C:\Users\Beigu\.gradle\caches\fabric-loom\1.20.1\forge\1.20.1-47.4.10\client-extra.jar
[Architectury Transformer DEBUG]  - C:\Users\Beigu\.gradle\caches\modules-2\files-2.1\dev.architectury\architectury-injectables\1.0.10\62db2a366d662606d1b23ad02ccc3212ed37ec3\architectury-injectables-1.0.10.jar
[Architectury Transformer DEBUG]  - C:\Users\Beigu\.gradle\caches\modules-2\files-2.1\net.fabricmc\fabric-loader\0.19.3\354dfaa02d0552e11867f85dff7cdbfaf813ba3e\fabric-loader-0.19.3.jar
[Architectury Transformer DEBUG]  - C:\Users\Beigu\.gradle\caches\modules-2\files-2.1\org.jetbrains\annotations\26.0.2\c7ce3cdeda3d18909368dfe5977332dfad326c6d\annotations-26.0.2.jar
[Architectury Transformer DEBUG]  - C:\Users\Beigu\.gradle\caches\modules-2\files-2.1\com.google.code.findbugs\jsr305\3.0.2\25ea2e8b0c338a877313bd4672d3fe056ea78f0d\jsr305-3.0.2.jar
[Architectury Transformer DEBUG]  - C:\Users\Beigu\.gradle\caches\modules-2\files-2.1\net.minecraftforge\fmlearlydisplay\1.20.1-47.4.10\a262fa19e65f643aae210b4275b53bee053aa765\fmlearlydisplay-1.20.1-47.4.10.jar
[Architectury Transformer DEBUG]  - C:\Users\Beigu\.gradle\caches\modules-2\files-2.1\net.minecraftforge\javafmllanguage\1.20.1-47.4.10\ccc533c7dd67e0983217197d7549c8b49e7ab453\javafmllanguage-1.20.1-47.4.10.jar
[Architectury Transformer DEBUG]  - C:\Users\Beigu\.gradle\caches\modules-2\files-2.1\net.minecraftforge\lowcodelanguage\1.20.1-47.4.10\e9a2879fe3612ea34b9728ec2633304a1e67d480\lowcodelanguage-1.20.1-47.4.10.jar
[Architectury Transformer DEBUG]  - C:\Users\Beigu\.gradle\caches\modules-2\files-2.1\net.minecraftforge\mclanguage\1.20.1-47.4.10\ec5cefbbc65c67302b8fac317010faab85fa14b9\mclanguage-1.20.1-47.4.10.jar
[Architectury Transformer DEBUG]  - C:\Users\Beigu\.gradle\caches\modules-2\files-2.1\net.minecraftforge\fmlcore\1.20.1-47.4.10\94dae566be650566ea9115a1414ab76bfcf5a804\fmlcore-1.20.1-47.4.10.jar
[Architectury Transformer DEBUG]  - C:\Users\Beigu\.gradle\caches\fabric-loom\forge\transformed-dependencies-v1\net\minecraftforge\1153dacdea6eac5edd8ceb2ff373ee4611d11f914318bb6b05ddd53ffb7b80c8\fmlloader\1.20.1-47.4.10\fmlloader-1.20.1-47.4.10.jar
[Architectury Transformer DEBUG]  - C:\Users\Beigu\.gradle\caches\modules-2\files-2.1\net.minecraftforge\forgespi\7.0.1\3b4972a0cdb135853dba219be61a79b22cff1309\forgespi-7.0.1.jar
[Architectury Transformer DEBUG]  - C:\Users\Beigu\.gradle\caches\modules-2\files-2.1\net.minecraftforge\accesstransformers\8.0.4\272d240aa73f42195b2a68e2ebd8b701ecf41f63\accesstransformers-8.0.4.jar
[Architectury Transformer DEBUG]  - C:\Users\Beigu\.gradle\caches\modules-2\files-2.1\net.minecraftforge\eventbus\6.0.5\699143dd438431d06b57416944f7cedbe52e1475\eventbus-6.0.5.jar
[Architectury Transformer DEBUG]  - C:\Users\Beigu\.gradle\caches\modules-2\files-2.1\cpw.mods\modlauncher\10.0.9\6d9443f56f50bb85cea383686ff9c867391458b\modlauncher-10.0.9.jar
[Architectury Transformer DEBUG]  - C:\Users\Beigu\.gradle\caches\modules-2\files-2.1\cpw.mods\bootstraplauncher\1.1.2\c546e00443d8432cda6baa1c860346980742628\bootstraplauncher-1.1.2.jar
[Architectury Transformer DEBUG]  - C:\Users\Beigu\.gradle\caches\modules-2\files-2.1\cpw.mods\securejarhandler\2.1.10\51e6a22c6c716beb11e244bf5b8be480f51dd6b5\securejarhandler-2.1.10.jar
[Architectury Transformer DEBUG]  - C:\Users\Beigu\.gradle\caches\modules-2\files-2.1\net.minecraftforge\coremods\5.2.4\e30bab269d896613e38396274711410b3a0e4b87\coremods-5.2.4.jar
[Architectury Transformer DEBUG]  - C:\Users\Beigu\.gradle\caches\modules-2\files-2.1\org.openjdk.nashorn\nashorn-core\15.4\f67f5ffaa5f5130cf6fb9b133da00c7df3b532a5\nashorn-core-15.4.jar
[Architectury Transformer DEBUG]  - C:\Users\Beigu\.gradle\caches\modules-2\files-2.1\org.ow2.asm\asm-commons\9.8\36e4d212970388e5bd2c5180292012502df461bb\asm-commons-9.8.jar
[Architectury Transformer DEBUG]  - C:\Users\Beigu\.gradle\caches\modules-2\files-2.1\net.minecraftforge\mergetool\1.1.5\f3da18e12c696d35a47c82cbb2cc8b5aa15e1154\mergetool-1.1.5-api.jar
[Architectury Transformer DEBUG]  - C:\Users\Beigu\.gradle\caches\modules-2\files-2.1\org.ow2.asm\asm-util\9.8\395f1c1f035258511f27bc9b2583d76e4b143f59\asm-util-9.8.jar
[Architectury Transformer DEBUG]  - C:\Users\Beigu\.gradle\caches\modules-2\files-2.1\org.ow2.asm\asm-analysis\9.8\b9747a320844b6cb1eacd90d8ecfd260a16c01d3\asm-analysis-9.8.jar
[Architectury Transformer DEBUG]  - C:\Users\Beigu\.gradle\caches\modules-2\files-2.1\io.github.juuxel\unprotect-modlauncher\2.0.2\20d36922d7bb84c3185c213e935150584d6c7166\unprotect-modlauncher-2.0.2.jar
[Architectury Transformer DEBUG]  - C:\Users\Beigu\.gradle\caches\modules-2\files-2.1\io.github.juuxel\unprotect\2.0.2\d79e894ec170237a02281b45e3203df6306675d6\unprotect-2.0.2.jar
[Architectury Transformer DEBUG]  - C:\Users\Beigu\.gradle\caches\modules-2\files-2.1\org.ow2.asm\asm-tree\9.8\18419ca5b77a2f81097c741e7872e6ab8d2f40d\asm-tree-9.8.jar
[Architectury Transformer DEBUG]  - C:\Users\Beigu\.gradle\caches\modules-2\files-2.1\org.ow2.asm\asm\9.8\dc19ecb3f7889b7860697215cae99c0f9b6f6b4b\asm-9.8.jar
[Architectury Transformer DEBUG]  - C:\Users\Beigu\.gradle\caches\modules-2\files-2.1\org.antlr\antlr4\4.9.1\e92af8ab33e428461927b484e90bb155a4f3a052\antlr4-4.9.1.jar
[Architectury Transformer DEBUG]  - C:\Users\Beigu\.gradle\caches\modules-2\files-2.1\org.antlr\antlr4-runtime\4.9.1\428664f05d2b7f7b7610204b5aa7c1763f62011a\antlr4-runtime-4.9.1.jar
[Architectury Transformer DEBUG]  - C:\Users\Beigu\.gradle\caches\modules-2\files-2.1\net.minecraftforge\unsafe\0.2.0\54d7a0a5e8fdb71b973025caa46f341ae5904f39\unsafe-0.2.0.jar
[Architectury Transformer DEBUG]  - C:\Users\Beigu\.gradle\caches\modules-2\files-2.1\com.electronwill.night-config\toml\3.6.4\51d6cefb2b55ee55ee26b16391212fb2c7dfb4f4\toml-3.6.4.jar
[Architectury Transformer DEBUG]  - C:\Users\Beigu\.gradle\caches\modules-2\files-2.1\com.electronwill.night-config\core\3.6.4\510f174abbf1c947494db50ef2445683bd52c230\core-3.6.4.jar
[Architectury Transformer DEBUG]  - C:\Users\Beigu\.gradle\caches\modules-2\files-2.1\net.minecraftforge\JarJarSelector\0.3.19\376cc9c8ea60720cf027c01fc033de915699801c\JarJarSelector-0.3.19.jar
[Architectury Transformer DEBUG]  - C:\Users\Beigu\.gradle\caches\modules-2\files-2.1\net.minecraftforge\JarJarMetadata\0.3.19\83feaa9b770e6ac0e96ee4fc23fa89325c5fe2\JarJarMetadata-0.3.19.jar
[Architectury Transformer DEBUG]  - C:\Users\Beigu\.gradle\caches\modules-2\files-2.1\org.apache.maven\maven-artifact\3.8.5\4433f50c07debefaed0553bd0068f4f48d449313\maven-artifact-3.8.5.jar
[Architectury Transformer DEBUG]  - C:\Users\Beigu\.gradle\caches\modules-2\files-2.1\net.jodah\typetools\0.6.3\a01aaa6ddaea9ec07ec4f209487b7a46a526283a\typetools-0.6.3.jar
[Architectury Transformer DEBUG]  - C:\Users\Beigu\.gradle\caches\modules-2\files-2.1\net.minecrell\terminalconsoleappender\1.2.0\96d02cd3b384ff015a8fef4223bcb4ccf1717c95\terminalconsoleappender-1.2.0.jar
[Architectury Transformer DEBUG]  - C:\Users\Beigu\.gradle\caches\modules-2\files-2.1\org.jline\jline-reader\3.12.1\4382ab1382c7b6f379377ed5f665dc2f6e1218bc\jline-reader-3.12.1.jar
[Architectury Transformer DEBUG]  - C:\Users\Beigu\.gradle\caches\modules-2\files-2.1\org.jline\jline-terminal\3.12.1\c777448314e050d980a6b697c140f3bfe9eb7416\jline-terminal-3.12.1.jar
[Architectury Transformer DEBUG]  - C:\Users\Beigu\.gradle\caches\modules-2\files-2.1\dev.architectury\mixin-patched\0.8.5.12\cf1f787f58d3b08b0cb53ecbba7928c09a1893c8\mixin-patched-0.8.5.12.jar
[Architectury Transformer DEBUG]  - C:\Users\Beigu\.gradle\caches\modules-2\files-2.1\net.minecraftforge\JarJarFileSystems\0.3.19\2464eb7d6b9ddb9db36a82cf8a95193e5c6fe020\JarJarFileSystems-0.3.19.jar
[Architectury Transformer DEBUG]  - C:\Users\Beigu\.gradle\caches\modules-2\files-2.1\net.sf.jopt-simple\jopt-simple\5.0.4\4fdac2fbe92dfad86aa6e9301736f6b4342a3f5c\jopt-simple-5.0.4.jar
[Architectury Transformer DEBUG]  - C:\Users\Beigu\.gradle\caches\modules-2\files-2.1\com.mojang\logging\1.1.1\832b8e6674a9b325a5175a3a6267dfaf34c85139\logging-1.1.1.jar
[Architectury Transformer DEBUG]  - C:\Users\Beigu\.gradle\caches\modules-2\files-2.1\org.apache.logging.log4j\log4j-core\2.19.0\3b6eeb4de4c49c0fe38a4ee27188ff5fee44d0bb\log4j-core-2.19.0.jar
[Architectury Transformer DEBUG]  - C:\Users\Beigu\.gradle\caches\modules-2\files-2.1\org.apache.logging.log4j\log4j-slf4j2-impl\2.19.0\5c04bfdd63ce9dceb2e284b81e96b6a70010ee10\log4j-slf4j2-impl-2.19.0.jar
[Architectury Transformer DEBUG]  - C:\Users\Beigu\.gradle\caches\modules-2\files-2.1\org.apache.logging.log4j\log4j-api\2.19.0\ea1b37f38c327596b216542bc636cfdc0b8036fa\log4j-api-2.19.0.jar
[Architectury Transformer DEBUG]  - C:\Users\Beigu\.gradle\caches\modules-2\files-2.1\net.minecraftforge\srgutils\0.4.11\fbad1341ffdb47d276bbdc40ecb06da49e053e74\srgutils-0.4.11.jar
[Architectury Transformer DEBUG]  - C:\Users\Beigu\.gradle\caches\modules-2\files-2.1\org.codehaus.plexus\plexus-utils\3.3.0\cf43b5391de623b36fe066a21127baef82c64022\plexus-utils-3.3.0.jar
[Architectury Transformer DEBUG]  - C:\Users\Beigu\.gradle\caches\modules-2\files-2.1\org.apache.commons\commons-lang3\3.12.0\c6842c86792ff03b9f1d1fe2aab8dc23aa6c6f0e\commons-lang3-3.12.0.jar
[Architectury Transformer DEBUG]  - C:\Users\Beigu\.gradle\caches\modules-2\files-2.1\com.google.code.gson\gson\2.10\dd9b193aef96e973d5a11ab13cd17430c2e4306b\gson-2.10.jar
[Architectury Transformer DEBUG]  - C:\Users\Beigu\.gradle\caches\modules-2\files-2.1\com.google.guava\guava\31.1-jre\60458f877d055d0c9114d9e1a2efb737b4bc282c\guava-31.1-jre.jar
[Architectury Transformer DEBUG]  - C:\Users\Beigu\.gradle\caches\modules-2\files-2.1\com.machinezoo.noexception\noexception\1.7.1\b65330c98e38a1f915fa54a6e5eca496505e3f0a\noexception-1.7.1.jar
[Architectury Transformer DEBUG]  - C:\Users\Beigu\.gradle\caches\modules-2\files-2.1\org.slf4j\slf4j-simple\1.7.30\e606eac955f55ecf1d8edcccba04eb8ac98088dd\slf4j-simple-1.7.30.jar
[Architectury Transformer DEBUG]  - C:\Users\Beigu\.gradle\caches\modules-2\files-2.1\org.slf4j\slf4j-api\2.0.1\f48d81adce2abf5ad3cfe463df517952749e03bc\slf4j-api-2.0.1.jar
[Architectury Transformer DEBUG]  - C:\Users\Beigu\.gradle\caches\modules-2\files-2.1\commons-io\commons-io\2.11.0\a2503f302b11ebde7ebc3df41daebe0e4eea3689\commons-io-2.11.0.jar
[Architectury Transformer DEBUG]  - C:\Users\Beigu\.gradle\caches\modules-2\files-2.1\org.lwjgl\lwjgl-glfw\3.3.1\cbac1b8d30cb4795149c1ef540f912671a8616d0\lwjgl-glfw-3.3.1.jar
[Architectury Transformer DEBUG]  - C:\Users\Beigu\.gradle\caches\modules-2\files-2.1\org.lwjgl\lwjgl-opengl\3.3.1\831a5533a21a5f4f81bbc51bb13e9899319b5411\lwjgl-opengl-3.3.1.jar
[Architectury Transformer DEBUG]  - C:\Users\Beigu\.gradle\caches\modules-2\files-2.1\org.lwjgl\lwjgl-stb\3.3.1\b119297cf8ed01f247abe8685857f8e7fcf5980f\lwjgl-stb-3.3.1.jar
[Architectury Transformer DEBUG]  - C:\Users\Beigu\.gradle\caches\modules-2\files-2.1\org.lwjgl\lwjgl-tinyfd\3.3.1\ff1914111ef2e3e0110ef2dabc8d8cdaad82347\lwjgl-tinyfd-3.3.1.jar
[Architectury Transformer DEBUG]  - C:\Users\Beigu\.gradle\caches\modules-2\files-2.1\org.lwjgl\lwjgl\3.3.1\ae58664f88e18a9bb2c77b063833ca7aaec484cb\lwjgl-3.3.1.jar
[Architectury Transformer DEBUG]  - C:\Users\Beigu\.gradle\caches\modules-2\files-2.1\org.antlr\ST4\4.3\92f2c1ad8d84abcbeead6cf7f2c53a04166293c2\ST4-4.3.jar
[Architectury Transformer DEBUG]  - C:\Users\Beigu\.gradle\caches\modules-2\files-2.1\org.antlr\antlr-runtime\3.5.2\cd9cd41361c155f3af0f653009dcecb08d8b4afd\antlr-runtime-3.5.2.jar
[Architectury Transformer DEBUG]  - C:\Users\Beigu\.gradle\caches\modules-2\files-2.1\org.abego.treelayout\org.abego.treelayout.core\1.0.3\457216e8e6578099ae63667bb1e4439235892028\org.abego.treelayout.core-1.0.3.jar
[Architectury Transformer DEBUG]  - C:\Users\Beigu\.gradle\caches\modules-2\files-2.1\org.glassfish\javax.json\1.0.4\3178f73569fd7a1e5ffc464e680f7a8cc784b85a\javax.json-1.0.4.jar
[Architectury Transformer DEBUG]  - C:\Users\Beigu\.gradle\caches\modules-2\files-2.1\com.ibm.icu\icu4j\71.1\9e7d3304c23f9ba5cb71915f7cce23231a57a445\icu4j-71.1.jar
[Architectury Transformer DEBUG]  - C:\Users\Beigu\.gradle\caches\modules-2\files-2.1\com.google.guava\failureaccess\1.0.1\1dcf1de382a0bf95a3d8b0849546c88bac1292c9\failureaccess-1.0.1.jar
[Architectury Transformer DEBUG]  - C:\Users\Beigu\.gradle\caches\modules-2\files-2.1\com.google.guava\listenablefuture\9999.0-empty-to-avoid-conflict-with-guava\b421526c5f297295adef1c886e5246c39d4ac629\listenablefuture-9999.0-empty-to-avoid-conflict-with-guava.jar
[Architectury Transformer DEBUG]  - C:\Users\Beigu\.gradle\caches\modules-2\files-2.1\org.checkerframework\checker-qual\3.12.0\d5692f0526415fcc6de94bb5bfbd3afd9dd3b3e5\checker-qual-3.12.0.jar
[Architectury Transformer DEBUG]  - C:\Users\Beigu\.gradle\caches\modules-2\files-2.1\com.google.errorprone\error_prone_annotations\2.11.0\c5a0ace696d3f8b1c1d8cc036d8c03cc0cbe6b69\error_prone_annotations-2.11.0.jar
[Architectury Transformer DEBUG]  - C:\Users\Beigu\.gradle\caches\modules-2\files-2.1\com.google.j2objc\j2objc-annotations\1.3\ba035118bc8bac37d7eff77700720999acd9986d\j2objc-annotations-1.3.jar
[Architectury Transformer DEBUG]  - C:\Users\Beigu\.gradle\caches\modules-2\files-2.1\dev.architectury\architectury-naming-service\2.0.9\c4c4732b3a00b67523c3028b49af402402be7883\architectury-naming-service-2.0.9.jar
[Architectury Transformer DEBUG]  - C:\Users\Beigu\.gradle\caches\modules-2\files-2.1\dev.architectury\architectury-mixin-remapper-service\2.0.9\eede5ef35349f2b295fe1f3e7579382d26784b24\architectury-mixin-remapper-service-2.0.9.jar
[Architectury Transformer DEBUG]  - C:\Users\Beigu\.gradle\caches\modules-2\files-2.1\dev.architectury\mcp-annotations\2.0.9\84f3d1e27805912592af0289d6fce0be53ee689a\mcp-annotations-2.0.9.jar
[Architectury Transformer DEBUG]  - C:\Users\Beigu\.gradle\caches\modules-2\files-2.1\net.fabricmc\yarn\1.20.1+build.10\10cee92ace960f9939a7ff0bfa1f94c4cf889bae\yarn-1.20.1+build.10-constants.jar
[Architectury Transformer DEBUG]  - C:\Users\Beigu\.gradle\caches\modules-2\files-2.1\com.github.oshi\oshi-core\6.2.2\54f5efc19bca95d709d9a37d19ffcbba3d21c1a6\oshi-core-6.2.2.jar
[Architectury Transformer DEBUG]  - C:\Users\Beigu\.gradle\caches\modules-2\files-2.1\com.mojang\authlib\4.0.43\2ff9d747a77570a07a60d32ac77eb6162ad2a2d9\authlib-4.0.43.jar
[Architectury Transformer DEBUG]  - C:\Users\Beigu\.gradle\caches\modules-2\files-2.1\com.mojang\blocklist\1.0.10\5c685c5ffa94c4cd39496c7184c1d122e515ecef\blocklist-1.0.10.jar
[Architectury Transformer DEBUG]  - C:\Users\Beigu\.gradle\caches\modules-2\files-2.1\com.mojang\brigadier\1.1.8\5244ce82c3337bba4a196a3ce858bfaecc74404a\brigadier-1.1.8.jar
[Architectury Transformer DEBUG]  - C:\Users\Beigu\.gradle\caches\modules-2\files-2.1\com.mojang\datafixerupper\6.0.8\3ba4a30557a9b057760af4011f909ba619fc5125\datafixerupper-6.0.8.jar
[Architectury Transformer DEBUG]  - C:\Users\Beigu\.gradle\caches\modules-2\files-2.1\com.mojang\patchy\2.2.10\da05971b07cbb379d002cf7eaec6a2048211fefc\patchy-2.2.10.jar
[Architectury Transformer DEBUG]  - C:\Users\Beigu\.gradle\caches\modules-2\files-2.1\com.mojang\text2speech\1.17.9\3cad216e3a7f0c19b4b394388bc9ffc446f13b14\text2speech-1.17.9.jar
[Architectury Transformer DEBUG]  - C:\Users\Beigu\.gradle\caches\modules-2\files-2.1\commons-codec\commons-codec\1.15\49d94806b6e3dc933dacbd8acb0fdbab8ebd1e5d\commons-codec-1.15.jar
[Architectury Transformer DEBUG]  - C:\Users\Beigu\.gradle\caches\modules-2\files-2.1\commons-logging\commons-logging\1.2\4bfc12adfe4842bf07b657f0369c4cb522955686\commons-logging-1.2.jar
[Architectury Transformer DEBUG]  - C:\Users\Beigu\.gradle\caches\modules-2\files-2.1\io.netty\netty-buffer\4.1.82.Final\a544270cf1ae8b8077082f5036436a9a9971ea71\netty-buffer-4.1.82.Final.jar
[Architectury Transformer DEBUG]  - C:\Users\Beigu\.gradle\caches\modules-2\files-2.1\io.netty\netty-codec\4.1.82.Final\b77200379acb345a9ffdece1c605e591ac3e4e0a\netty-codec-4.1.82.Final.jar
[Architectury Transformer DEBUG]  - C:\Users\Beigu\.gradle\caches\modules-2\files-2.1\io.netty\netty-common\4.1.82.Final\22d148e85c3f5ebdacc0ce1f5aabb1d420f73f3\netty-common-4.1.82.Final.jar
[Architectury Transformer DEBUG]  - C:\Users\Beigu\.gradle\caches\modules-2\files-2.1\io.netty\netty-handler\4.1.82.Final\644041d1fa96a5d3130a29e8978630d716d76e38\netty-handler-4.1.82.Final.jar
[Architectury Transformer DEBUG]  - C:\Users\Beigu\.gradle\caches\modules-2\files-2.1\io.netty\netty-resolver\4.1.82.Final\38f665ae8dcd29032eea31245ba7806bed2e0fa8\netty-resolver-4.1.82.Final.jar
[Architectury Transformer DEBUG]  - C:\Users\Beigu\.gradle\caches\modules-2\files-2.1\io.netty\netty-transport-classes-epoll\4.1.82.Final\e7c7dd18deac93105797f30057c912651ea76521\netty-transport-classes-epoll-4.1.82.Final.jar
[Architectury Transformer DEBUG]  - C:\Users\Beigu\.gradle\caches\modules-2\files-2.1\io.netty\netty-transport-native-unix-common\4.1.82.Final\3e895b35ca1b8a0eca56cacff4c2dde5d2c6abce\netty-transport-native-unix-common-4.1.82.Final.jar
[Architectury Transformer DEBUG]  - C:\Users\Beigu\.gradle\caches\modules-2\files-2.1\io.netty\netty-transport\4.1.82.Final\e431a218d91acb6476ccad5f5aafde50aa3945ca\netty-transport-4.1.82.Final.jar
[Architectury Transformer DEBUG]  - C:\Users\Beigu\.gradle\caches\modules-2\files-2.1\it.unimi.dsi\fastutil\8.5.9\bb7ea75ecdb216654237830b3a96d87ad91f8cc5\fastutil-8.5.9.jar
[Architectury Transformer DEBUG]  - C:\Users\Beigu\.gradle\caches\modules-2\files-2.1\net.java.dev.jna\jna-platform\5.12.1\97406a297c852f4a41e688a176ec675f72e8329\jna-platform-5.12.1.jar
[Architectury Transformer DEBUG]  - C:\Users\Beigu\.gradle\caches\modules-2\files-2.1\net.java.dev.jna\jna\5.12.1\b1e93a735caea94f503e95e6fe79bf9cdc1e985d\jna-5.12.1.jar
[Architectury Transformer DEBUG]  - C:\Users\Beigu\.gradle\caches\modules-2\files-2.1\org.apache.commons\commons-compress\1.21\4ec95b60d4e86b5c95a0e919cb172a0af98011ef\commons-compress-1.21.jar
[Architectury Transformer DEBUG]  - C:\Users\Beigu\.gradle\caches\modules-2\files-2.1\org.apache.httpcomponents\httpclient\4.5.13\e5f6cae5ca7ecaac1ec2827a9e2d65ae2869cada\httpclient-4.5.13.jar
[Architectury Transformer DEBUG]  - C:\Users\Beigu\.gradle\caches\modules-2\files-2.1\org.apache.httpcomponents\httpcore\4.4.15\7f2e0c573eaa7a74bac2e89b359e1f73d92a0a1d\httpcore-4.4.15.jar
[Architectury Transformer DEBUG]  - C:\Users\Beigu\.gradle\caches\modules-2\files-2.1\org.joml\joml\1.10.5\22566d58af70ad3d72308bab63b8339906deb649\joml-1.10.5.jar
[Architectury Transformer DEBUG]  - C:\Users\Beigu\.gradle\caches\modules-2\files-2.1\org.lwjgl\lwjgl-jemalloc\3.3.1\a817bcf213db49f710603677457567c37d53e103\lwjgl-jemalloc-3.3.1.jar
[Architectury Transformer DEBUG]  - C:\Users\Beigu\.gradle\caches\modules-2\files-2.1\org.lwjgl\lwjgl-openal\3.3.1\2623a6b8ae1dfcd880738656a9f0243d2e6840bd\lwjgl-openal-3.3.1.jar
[Architectury Transformer DEBUG]  - C:\Users\Beigu\.gradle\caches\fabric-loom\minecraftMaven\net\minecraft\forge-1.20.1-47.4.10-minecraft-merged\1.20.1-net.fabricmc.yarn.1_20_1.1.20.1+build.10-v2-forge-1.20.1-47.4.10\forge-1.20.1-47.4.10-minecraft-merged-1.20.1-net.fabricmc.yarn.1_20_1.1.20.1+build.10-v2-forge-1.20.1-47.4.10.jar
[Architectury Transformer DEBUG]  - C:\Users\Beigu\.gradle\caches\modules-2\files-2.1\io.netty\netty-transport-native-epoll\4.1.82.Final\c7350a71920f3ae9142945e25fed4846cce53374\netty-transport-native-epoll-4.1.82.Final-linux-x86_64.jar
[Architectury Transformer DEBUG]  - C:\Users\Beigu\.gradle\caches\modules-2\files-2.1\io.netty\netty-transport-native-epoll\4.1.82.Final\476409d6255001ca53a55f65b01c13822f8dc93a\netty-transport-native-epoll-4.1.82.Final-linux-aarch_64.jar
[Architectury Transformer DEBUG]  - D:\yunbeiurbanconstruction-template\.gradle\loom-cache\remapped_mods\remapped\dev\architectury\architectury-forge-291042f6\9.2.14\architectury-forge-291042f6-9.2.14.jar
[Architectury Transformer] Read classpath in 3.466 s
[Architectury Transformer DEBUG] Closed File Systems for D:\yunbeiurbanconstruction-template\common\build\devlibs\yunbeiuc-common-1.0.0-26w28a-dev.jar
[Architectury Transformer DEBUG] Transforming 8 transformer(s) from D:\yunbeiurbanconstruction-template\common\build\devlibs\yunbeiuc-common-1.0.0-26w28a-dev.jar to C:\Users\Beigu\AppData\Local\Temp\3795963081773023710.jar: 
[Architectury Transformer DEBUG]  - dev.architectury.transformer.transformers.RuntimeMixinRefmapDetector@20dd5870
[Architectury Transformer DEBUG]  - dev.architectury.transformer.transformers.TransformExpectPlatform@1640f20f
[Architectury Transformer DEBUG]  - dev.architectury.transformer.transformers.RemapInjectables@134d7ffa
[Architectury Transformer DEBUG]  - dev.architectury.transformer.transformers.TransformPlatformOnly@6e948f1c
[Architectury Transformer DEBUG]  - dev.architectury.transformer.transformers.TransformForgeAnnotations@24405466
[Architectury Transformer DEBUG]  - dev.architectury.transformer.transformers.TransformForgeEnvironment@35010a6b
[Architectury Transformer DEBUG]  - dev.architectury.transformer.transformers.GenerateFakeForgeMod@4d4b019e
[Architectury Transformer DEBUG]  - dev.architectury.transformer.transformers.FixForgeMixin@7ed8b44
[Architectury Transformer DEBUG] Transforming from D:\yunbeiurbanconstruction-template\common\build\devlibs\yunbeiuc-common-1.0.0-26w28a-dev.jar to C:\Users\Beigu\AppData\Local\Temp\3795963081773023710.jar with 8 transformer(s) on dev.architectury.transformer.handler.SimpleTransformerHandler
[Architectury Transformer DEBUG] Remapping with 1 mapping provider(s):
[Architectury Transformer DEBUG]  - dev.architectury.transformer.transformers.TransformForgeEnvironment$$Lambda/0x000002499b08e850@2bdcfcf
[Architectury Transformer DEBUG] Remapping Classes:
[Architectury Transformer DEBUG] net/fabricmc/api/EnvType -> net/minecraftforge/api/distmarker/Dist
[Architectury Transformer DEBUG] net/fabricmc/api/Environment -> net/minecraftforge/api/distmarker/OnlyIn
[Architectury Transformer DEBUG] Found class transformer
[Architectury Transformer DEBUG] Writing com/beigu/yunbeiuc/YunbeiUrbanConstruction with maxs=true frames=true
[Architectury Transformer DEBUG] Writing com/beigu/yunbeiuc/block/SignBlocks with maxs=true frames=true
[Architectury Transformer DEBUG] Writing com/beigu/yunbeiuc/block/MunicipalBlocks with maxs=true frames=true
[Architectury Transformer DEBUG] Writing com/beigu/yunbeiuc/block/RoadBlocks with maxs=true frames=true
[Architectury Transformer DEBUG] Writing com/beigu/yunbeiuc/block/custom/IronHorse$1 with maxs=true frames=true
[Architectury Transformer DEBUG] Writing com/beigu/yunbeiuc/block/custom/RoadNameSignBlock$BGType with maxs=true frames=true
[Architectury Transformer DEBUG] Writing com/beigu/yunbeiuc/block/custom/WaterSafetyBarrier with maxs=true frames=true
[Architectury Transformer DEBUG] Writing com/beigu/yunbeiuc/block/custom/ReflectiveSign with maxs=true frames=true
[Architectury Transformer DEBUG] Writing com/beigu/yunbeiuc/block/custom/WaterSafetyBarrier$1 with maxs=true frames=true
[Architectury Transformer DEBUG] Writing com/beigu/yunbeiuc/block/custom/TrafficLightsBlock$1 with maxs=true frames=true
[Architectury Transformer DEBUG] Writing com/beigu/yunbeiuc/block/custom/RoadNameSignBlock$1 with maxs=true frames=true
[Architectury Transformer DEBUG] Writing com/beigu/yunbeiuc/block/custom/SpeedBump$1 with maxs=true frames=true
[Architectury Transformer DEBUG] Writing com/beigu/yunbeiuc/block/custom/ParkingSpaceBarrier$Type with maxs=true frames=true
[Architectury Transformer DEBUG] Writing com/beigu/yunbeiuc/block/custom/VibrationMarkingLine with maxs=true frames=true
[Architectury Transformer DEBUG] Writing com/beigu/yunbeiuc/block/custom/VibrationMarkingLine$1 with maxs=true frames=true
[Architectury Transformer DEBUG] Writing com/beigu/yunbeiuc/block/custom/TrafficLightsBlock with maxs=true frames=true
[Architectury Transformer DEBUG] Writing com/beigu/yunbeiuc/block/custom/ReflectiveSign$1 with maxs=true frames=true
[Architectury Transformer DEBUG] Writing com/beigu/yunbeiuc/block/custom/SpeedBump with maxs=true frames=true
[Architectury Transformer DEBUG] Writing com/beigu/yunbeiuc/block/custom/DirectionBlock with maxs=true frames=true
[Architectury Transformer DEBUG] Writing com/beigu/yunbeiuc/block/custom/RoadCollisionBarrel with maxs=true frames=true
[Architectury Transformer DEBUG] Writing com/beigu/yunbeiuc/block/custom/RoadNameSignBlock with maxs=true frames=true
[Architectury Transformer DEBUG] Writing com/beigu/yunbeiuc/block/custom/SpeedBump$Type with maxs=true frames=true
[Architectury Transformer DEBUG] Writing com/beigu/yunbeiuc/block/custom/TrafficLightsBlock$LightState with maxs=true frames=true
[Architectury Transformer DEBUG] Writing com/beigu/yunbeiuc/block/custom/TrafficCone with maxs=true frames=true
[Architectury Transformer DEBUG] Writing com/beigu/yunbeiuc/block/custom/ParkingSpaceBarrier with maxs=true frames=true
[Architectury Transformer DEBUG] Writing com/beigu/yunbeiuc/block/custom/IronHorse with maxs=true frames=true
[Architectury Transformer DEBUG] Writing com/beigu/yunbeiuc/block/custom/RoadWarningPole with maxs=true frames=true
[Architectury Transformer DEBUG] Writing com/beigu/yunbeiuc/block/custom/ParkingSpaceBarrier$1 with maxs=true frames=true
[Architectury Transformer DEBUG] Writing com/beigu/yunbeiuc/block/custom/anti/AntiGlareVersion with maxs=true frames=true
[Architectury Transformer DEBUG] Writing com/beigu/yunbeiuc/block/custom/anti/AntiGlareNetPole$AntiGlareNetPoleType with maxs=true frames=true
[Architectury Transformer DEBUG] Writing com/beigu/yunbeiuc/block/custom/anti/AntiGlareNetPole with maxs=true frames=true
[Architectury Transformer DEBUG] Writing com/beigu/yunbeiuc/block/custom/anti/AntiGlareNetPole$1 with maxs=true frames=true
[Architectury Transformer DEBUG] Writing com/beigu/yunbeiuc/block/custom/anti/AntiGlareNet with maxs=true frames=true
[Architectury Transformer DEBUG] Writing com/beigu/yunbeiuc/block/custom/anti/AntiGlareVersion$1 with maxs=true frames=true
[Architectury Transformer DEBUG] Writing com/beigu/yunbeiuc/block/custom/anti/AntiGlareNet$1 with maxs=true frames=true
[Architectury Transformer DEBUG] Writing com/beigu/yunbeiuc/block/custom/barrier/TrafficBarrierGrayObliqueBlock with maxs=true frames=true
[Architectury Transformer DEBUG] Writing com/beigu/yunbeiuc/block/custom/barrier/TrafficBarrierGraySlantBlock with maxs=true frames=true
[Architectury Transformer DEBUG] Writing com/beigu/yunbeiuc/block/custom/barrier/TrafficBarrierObliqueBlock with maxs=true frames=true
[Architectury Transformer DEBUG] Writing com/beigu/yunbeiuc/block/custom/barrier/TrafficBarrierDoubleBlock$Type with maxs=true frames=true
[Architectury Transformer DEBUG] Writing com/beigu/yunbeiuc/block/custom/barrier/TrafficBarrierGrayBlock with maxs=true frames=true
[Architectury Transformer DEBUG] Writing com/beigu/yunbeiuc/block/custom/barrier/TrafficBarrierDoubleBlock with maxs=true frames=true
[Architectury Transformer DEBUG] Writing com/beigu/yunbeiuc/block/custom/barrier/TrafficBarrierGrayObliqueBlock$Type with maxs=true frames=true
[Architectury Transformer DEBUG] Writing com/beigu/yunbeiuc/block/custom/barrier/TrafficBarrierBlock with maxs=true frames=true
[Architectury Transformer DEBUG] Writing com/beigu/yunbeiuc/block/custom/barrier/TrafficBarrierBlock$Type with maxs=true frames=true
[Architectury Transformer DEBUG] Writing com/beigu/yunbeiuc/block/custom/barrier/TrafficBarrierGrayBlock$Type with maxs=true frames=true
[Architectury Transformer DEBUG] Writing com/beigu/yunbeiuc/block/custom/barrier/TrafficBarrierDoubleBlock$1 with maxs=true frames=true
[Architectury Transformer DEBUG] Writing com/beigu/yunbeiuc/block/custom/barrier/TrafficBarrierObliqueBlock$1 with maxs=true frames=true
[Architectury Transformer DEBUG] Writing com/beigu/yunbeiuc/block/custom/barrier/TrafficBarrierGrayBlock$1 with maxs=true frames=true
[Architectury Transformer DEBUG] Writing com/beigu/yunbeiuc/block/custom/barrier/TrafficBarrierObliqueBlock$Type with maxs=true frames=true
[Architectury Transformer DEBUG] Writing com/beigu/yunbeiuc/block/custom/barrier/TrafficBarrierBlock$1 with maxs=true frames=true
[Architectury Transformer DEBUG] Writing com/beigu/yunbeiuc/block/custom/box/RoadFlowerBox2Fence$1 with maxs=true frames=true
[Architectury Transformer DEBUG] Writing com/beigu/yunbeiuc/block/custom/box/RoadFlowerBox2Fence with maxs=true frames=true
[Architectury Transformer DEBUG] Writing com/beigu/yunbeiuc/block/custom/box/RoadFlowerBox1$1 with maxs=true frames=true
[Architectury Transformer DEBUG] Writing com/beigu/yunbeiuc/block/custom/box/RoadFlowerBox1 with maxs=true frames=true
[Architectury Transformer DEBUG] Writing com/beigu/yunbeiuc/block/custom/gantry/GantryFrameLedMain with maxs=true frames=true
[Architectury Transformer DEBUG] Writing com/beigu/yunbeiuc/block/custom/gantry/GantryFrameConnection with maxs=true frames=true
[Architectury Transformer DEBUG] Writing com/beigu/yunbeiuc/block/custom/gantry/GantryFrameRailing$1 with maxs=true frames=true
[Architectury Transformer DEBUG] Writing com/beigu/yunbeiuc/block/custom/gantry/GantryFrameRailing with maxs=true frames=true
[Architectury Transformer DEBUG] Writing com/beigu/yunbeiuc/block/custom/gantry/GantryFrameRadarSpeedDetector with maxs=true frames=true
[Architectury Transformer DEBUG] Writing com/beigu/yunbeiuc/block/custom/gantry/GantryFrameLedSide$1 with maxs=true frames=true
[Architectury Transformer DEBUG] Writing com/beigu/yunbeiuc/block/custom/gantry/GantryFrameLedSide with maxs=true frames=true
[Architectury Transformer DEBUG] Writing com/beigu/yunbeiuc/block/custom/gantry/GantryFrameSide$GantryFrameType with maxs=true frames=true
[Architectury Transformer DEBUG] Writing com/beigu/yunbeiuc/block/custom/gantry/GantryFrameRadarSpeedDetector$LightTFState with maxs=true frames=true
[Architectury Transformer DEBUG] Writing com/beigu/yunbeiuc/block/custom/gantry/GantryFrameRadarSpeedDetector$1 with maxs=true frames=true
[Architectury Transformer DEBUG] Writing com/beigu/yunbeiuc/block/custom/gantry/GantryFrameConnection$GantryFrameConnectionType with maxs=true frames=true
[Architectury Transformer DEBUG] Writing com/beigu/yunbeiuc/block/custom/gantry/GantryFrameLed with maxs=true frames=true
[Architectury Transformer DEBUG] Writing com/beigu/yunbeiuc/block/custom/gantry/GantryFrameLedMain$1 with maxs=true frames=true
[Architectury Transformer DEBUG] Writing com/beigu/yunbeiuc/block/custom/gantry/GantryFrameLed$1 with maxs=true frames=true
[Architectury Transformer DEBUG] Writing com/beigu/yunbeiuc/block/custom/gantry/GantryFrameLadder with maxs=true frames=true
[Architectury Transformer DEBUG] Writing com/beigu/yunbeiuc/block/custom/gantry/GantryFrameLed$Type with maxs=true frames=true
[Architectury Transformer DEBUG] Writing com/beigu/yunbeiuc/block/custom/gantry/GantryFrameSide$1 with maxs=true frames=true
[Architectury Transformer DEBUG] Writing com/beigu/yunbeiuc/block/custom/gantry/GantryFrameLightingLamp with maxs=true frames=true
[Architectury Transformer DEBUG] Writing com/beigu/yunbeiuc/block/custom/gantry/GantryFrameLightingLamp$LightTFState with maxs=true frames=true
[Architectury Transformer DEBUG] Writing com/beigu/yunbeiuc/block/custom/gantry/GantryFrameLightingLamp$1 with maxs=true frames=true
[Architectury Transformer DEBUG] Writing com/beigu/yunbeiuc/block/custom/gantry/GantryFrameMain with maxs=true frames=true
[Architectury Transformer DEBUG] Writing com/beigu/yunbeiuc/block/custom/gantry/GantryFrameDetectionCamera with maxs=true frames=true
[Architectury Transformer DEBUG] Writing com/beigu/yunbeiuc/block/custom/gantry/GantryFrameLadder$1 with maxs=true frames=true
[Architectury Transformer DEBUG] Writing com/beigu/yunbeiuc/block/custom/gantry/GantryFrameRailing$Type with maxs=true frames=true
[Architectury Transformer DEBUG] Writing com/beigu/yunbeiuc/block/custom/gantry/GantryFrameSide with maxs=true frames=true
[Architectury Transformer DEBUG] Writing com/beigu/yunbeiuc/block/custom/gantry/GantryFrameLedSide$Type with maxs=true frames=true
[Architectury Transformer DEBUG] Writing com/beigu/yunbeiuc/block/custom/gantry/GantryFrameDetectionCamera$1 with maxs=true frames=true
[Architectury Transformer DEBUG] Writing com/beigu/yunbeiuc/block/custom/gantry/GantryFrameMain$GantryFrameMainType with maxs=true frames=true
[Architectury Transformer DEBUG] Writing com/beigu/yunbeiuc/block/custom/gate/BarrierGate1PoleLongitudinal$PoleType with maxs=true frames=true
[Architectury Transformer DEBUG] Writing com/beigu/yunbeiuc/block/custom/gate/BarrierGate1PoleHorizontal with maxs=true frames=true
[Architectury Transformer DEBUG] Writing com/beigu/yunbeiuc/block/custom/gate/BarrierGate1PoleLongitudinal with maxs=true frames=true
[Architectury Transformer DEBUG] Writing com/beigu/yunbeiuc/block/custom/gate/BarrierGate1PoleHorizontal$Type with maxs=true frames=true
[Architectury Transformer DEBUG] Writing com/beigu/yunbeiuc/block/custom/gate/BarrierGate1MainSlab with maxs=true frames=true
[Architectury Transformer DEBUG] Writing com/beigu/yunbeiuc/block/custom/gate/BarrierGate1Main with maxs=true frames=true
[Architectury Transformer DEBUG] Writing com/beigu/yunbeiuc/block/custom/gate/BarrierGate1PoleLongitudinal$1 with maxs=true frames=true
[Architectury Transformer DEBUG] Writing com/beigu/yunbeiuc/block/custom/gate/BarrierGate1MainSlab$PoleType with maxs=true frames=true
[Architectury Transformer DEBUG] Writing com/beigu/yunbeiuc/block/custom/gate/BarrierGate1PoleHorizontal$1 with maxs=true frames=true
[Architectury Transformer DEBUG] Writing com/beigu/yunbeiuc/block/custom/gate/BarrierGate1Main$PoleType with maxs=true frames=true
[Architectury Transformer DEBUG] Writing com/beigu/yunbeiuc/block/custom/gate/BarrierGate1PoleHorizontal$GateType with maxs=true frames=true
[Architectury Transformer DEBUG] Writing com/beigu/yunbeiuc/block/custom/guardrail/RoadClosedBarricadeGuardrail4 with maxs=true frames=true
[Architectury Transformer DEBUG] Writing com/beigu/yunbeiuc/block/custom/guardrail/RoadClosedBarricadeGuardrail1 with maxs=true frames=true
[Architectury Transformer DEBUG] Writing com/beigu/yunbeiuc/block/custom/guardrail/RoadClosedBarricadeGuardrail3 with maxs=true frames=true
[Architectury Transformer DEBUG] Writing com/beigu/yunbeiuc/block/custom/guardrail/RoadClosedBarricadeGuardrail2 with maxs=true frames=true
[Architectury Transformer DEBUG] Writing com/beigu/yunbeiuc/block/custom/guardrail/RoadClosedBarricadeGuardrail3$1 with maxs=true frames=true
[Architectury Transformer DEBUG] Writing com/beigu/yunbeiuc/block/custom/guardrail/RoadClosedBarricadeGuardrail4$1 with maxs=true frames=true
[Architectury Transformer DEBUG] Writing com/beigu/yunbeiuc/block/custom/guardrail/RoadClosedBarricadeGuardrail1$1 with maxs=true frames=true
[Architectury Transformer DEBUG] Writing com/beigu/yunbeiuc/block/custom/guardrail/RoadClosedBarricadeGuardrail2$1 with maxs=true frames=true
[Architectury Transformer DEBUG] Writing com/beigu/yunbeiuc/block/custom/instrument/InstrumentFeeDisplay with maxs=true frames=true
[Architectury Transformer DEBUG] Writing com/beigu/yunbeiuc/block/custom/instrument/InstrumentPoleFoundations with maxs=true frames=true
[Architectury Transformer DEBUG] Writing com/beigu/yunbeiuc/block/custom/instrument/InstrumentLaneIndicator$TFType with maxs=true frames=true
[Architectury Transformer DEBUG] Writing com/beigu/yunbeiuc/block/custom/instrument/InstrumentFeeDisplay$DirectionType with maxs=true frames=true
[Architectury Transformer DEBUG] Writing com/beigu/yunbeiuc/block/custom/instrument/InstrumentFeeDisplay$1 with maxs=true frames=true
[Architectury Transformer DEBUG] Writing com/beigu/yunbeiuc/block/custom/instrument/InstrumentLaneIndicator with maxs=true frames=true
[Architectury Transformer DEBUG] Writing com/beigu/yunbeiuc/block/custom/instrument/InstrumentCamera$1 with maxs=true frames=true
[Architectury Transformer DEBUG] Writing com/beigu/yunbeiuc/block/custom/instrument/InstrumentCamera$DirectionType with maxs=true frames=true
[Architectury Transformer DEBUG] Writing com/beigu/yunbeiuc/block/custom/instrument/InstrumentPolelLongitudinal with maxs=true frames=true
[Architectury Transformer DEBUG] Writing com/beigu/yunbeiuc/block/custom/instrument/InstrumentCamera with maxs=true frames=true
[Architectury Transformer DEBUG] Writing com/beigu/yunbeiuc/block/custom/instrument/InstrumentLaneIndicator$1 with maxs=true frames=true
[Architectury Transformer DEBUG] Writing com/beigu/yunbeiuc/block/custom/island/SafetyIslandBlock with maxs=true frames=true
[Architectury Transformer DEBUG] Writing com/beigu/yunbeiuc/block/custom/island/SafetyIslandEdgeBlock with maxs=true frames=true
[Architectury Transformer DEBUG] Writing com/beigu/yunbeiuc/block/custom/island/SafetyIslandBlock$1 with maxs=true frames=true
[Architectury Transformer DEBUG] Writing com/beigu/yunbeiuc/block/custom/island/SafetyIslandObliqueBlock$1 with maxs=true frames=true
[Architectury Transformer DEBUG] Writing com/beigu/yunbeiuc/block/custom/island/SafetyIslandObliqueBlock with maxs=true frames=true
[Architectury Transformer DEBUG] Writing com/beigu/yunbeiuc/block/custom/pole/RoadLight with maxs=true frames=true
[Architectury Transformer DEBUG] Writing com/beigu/yunbeiuc/block/custom/pole/RoadDetectionCamera$1 with maxs=true frames=true
[Architectury Transformer DEBUG] Writing com/beigu/yunbeiuc/block/custom/pole/RoadPoleFoundationsSlab with maxs=true frames=true
[Architectury Transformer DEBUG] Writing com/beigu/yunbeiuc/block/custom/pole/RoadPoleTextDisplay with maxs=true frames=true
[Architectury Transformer DEBUG] Writing com/beigu/yunbeiuc/block/custom/pole/RoadPoleFlag$1 with maxs=true frames=true
[Architectury Transformer DEBUG] Writing com/beigu/yunbeiuc/block/custom/pole/RoadLightingLamp$LightTFState with maxs=true frames=true
[Architectury Transformer DEBUG] Writing com/beigu/yunbeiuc/block/custom/pole/RoadPoleFoundations with maxs=true frames=true
[Architectury Transformer DEBUG] Writing com/beigu/yunbeiuc/block/custom/pole/RoadLight$1 with maxs=true frames=true
[Architectury Transformer DEBUG] Writing com/beigu/yunbeiuc/block/custom/pole/RoadRadarSpeedDetector$LightTFState with maxs=true frames=true
[Architectury Transformer DEBUG] Writing com/beigu/yunbeiuc/block/custom/pole/RoadRadarSpeedDetector with maxs=true frames=true
[Architectury Transformer DEBUG] Writing com/beigu/yunbeiuc/block/custom/pole/RoadLight$TFType with maxs=true frames=true
[Architectury Transformer DEBUG] Writing com/beigu/yunbeiuc/block/custom/pole/RoadPoleLightFoundations with maxs=true frames=true
[Architectury Transformer DEBUG] Writing com/beigu/yunbeiuc/block/custom/pole/RoadLightHighMast with maxs=true frames=true
[Architectury Transformer DEBUG] Writing com/beigu/yunbeiuc/block/custom/pole/RoadDetectionCamera with maxs=true frames=true
[Architectury Transformer DEBUG] Writing com/beigu/yunbeiuc/block/custom/pole/RoadSolarPanel$1 with maxs=true frames=true
[Architectury Transformer DEBUG] Writing com/beigu/yunbeiuc/block/custom/pole/RoadPoleFlag with maxs=true frames=true
[Architectury Transformer DEBUG] Writing com/beigu/yunbeiuc/block/custom/pole/RoadPoleLongitudinal with maxs=true frames=true
[Architectury Transformer DEBUG] Writing com/beigu/yunbeiuc/block/custom/pole/RoadPoleLightBranch$1 with maxs=true frames=true
[Architectury Transformer DEBUG] Writing com/beigu/yunbeiuc/block/custom/pole/RoadPoleLightFoundationsSlab with maxs=true frames=true
[Architectury Transformer DEBUG] Writing com/beigu/yunbeiuc/block/custom/pole/RoadPoleFlag$PoleType with maxs=true frames=true
[Architectury Transformer DEBUG] Writing com/beigu/yunbeiuc/block/custom/pole/RoadPoleHorizontal with maxs=true frames=true
[Architectury Transformer DEBUG] Writing com/beigu/yunbeiuc/block/custom/pole/RoadPoleLightBranch with maxs=true frames=true
[Architectury Transformer DEBUG] Writing com/beigu/yunbeiuc/block/custom/pole/RoadPoleLightLongitudinal with maxs=true frames=true
[Architectury Transformer DEBUG] Writing com/beigu/yunbeiuc/block/custom/pole/RoadRadarSpeedDetector$1 with maxs=true frames=true
[Architectury Transformer DEBUG] Writing com/beigu/yunbeiuc/block/custom/pole/RoadLightingLamp with maxs=true frames=true
[Architectury Transformer DEBUG] Writing com/beigu/yunbeiuc/block/custom/pole/RoadLightingLamp$1 with maxs=true frames=true
[Architectury Transformer DEBUG] Writing com/beigu/yunbeiuc/block/custom/pole/RoadPoleTextDisplay$1 with maxs=true frames=true
[Architectury Transformer DEBUG] Writing com/beigu/yunbeiuc/block/custom/pole/RoadPoleHorizontal$1 with maxs=true frames=true
[Architectury Transformer DEBUG] Writing com/beigu/yunbeiuc/block/custom/pole/RoadSolarPanel with maxs=true frames=true
[Architectury Transformer DEBUG] Writing com/beigu/yunbeiuc/block/custom/pole/RoadLightHighMast$TFType with maxs=true frames=true
[Architectury Transformer DEBUG] Writing com/beigu/yunbeiuc/block/custom/railings/RoadRailings with maxs=true frames=true
[Architectury Transformer DEBUG] Writing com/beigu/yunbeiuc/block/custom/railings/RoadRailingsOblique with maxs=true frames=true
[Architectury Transformer DEBUG] Writing com/beigu/yunbeiuc/block/custom/railings/RoadRailingsPole$1 with maxs=true frames=true
[Architectury Transformer DEBUG] Writing com/beigu/yunbeiuc/block/custom/railings/RoadRailingsPole with maxs=true frames=true
[Architectury Transformer DEBUG] Writing com/beigu/yunbeiuc/block/custom/railings/RoadRailings$1 with maxs=true frames=true
[Architectury Transformer DEBUG] Writing com/beigu/yunbeiuc/block/custom/road/RoadBlockRotate90 with maxs=true frames=true
[Architectury Transformer DEBUG] Writing com/beigu/yunbeiuc/block/custom/road/RoadBlockRotate180 with maxs=true frames=true
[Architectury Transformer DEBUG] Writing com/beigu/yunbeiuc/block/custom/road/GroundMark1Block with maxs=true frames=true
[Architectury Transformer DEBUG] Writing com/beigu/yunbeiuc/block/custom/road/GroundMark2Block with maxs=true frames=true
[Architectury Transformer DEBUG] Writing com/beigu/yunbeiuc/block/custom/road/GroundMark1Block$1 with maxs=true frames=true
[Architectury Transformer DEBUG] Writing com/beigu/yunbeiuc/block/custom/rubbish/RubbishBinGrayGreen$1 with maxs=true frames=true
[Architectury Transformer DEBUG] Writing com/beigu/yunbeiuc/block/custom/rubbish/RubbishBinWhite with maxs=true frames=true
[Architectury Transformer DEBUG] Writing com/beigu/yunbeiuc/block/custom/rubbish/RubbishBinWhite$NumberState with maxs=true frames=true
[Architectury Transformer DEBUG] Writing com/beigu/yunbeiuc/block/custom/rubbish/RubbishBinGrayGreen with maxs=true frames=true
[Architectury Transformer DEBUG] Writing com/beigu/yunbeiuc/block/custom/rubbish/RubbishBinGrayGreen$NumberState with maxs=true frames=true
[Architectury Transformer DEBUG] Writing com/beigu/yunbeiuc/block/custom/rubbish/RubbishBinWhite$1 with maxs=true frames=true
[Architectury Transformer DEBUG] Writing com/beigu/yunbeiuc/block/custom/sign/SignExpresswayDirection3$Type with maxs=true frames=true
[Architectury Transformer DEBUG] Writing com/beigu/yunbeiuc/block/custom/sign/SignGuideIntersectionAdvanceWarning1Wuhan$Type with maxs=true frames=true
[Architectury Transformer DEBUG] Writing com/beigu/yunbeiuc/block/custom/sign/SignGuideConfirmation1$1 with maxs=true frames=true
[Architectury Transformer DEBUG] Writing com/beigu/yunbeiuc/block/custom/sign/ZonesBoardTimeRange2$Type with maxs=true frames=true
[Architectury Transformer DEBUG] Writing com/beigu/yunbeiuc/block/custom/sign/ZonesBoardImage with maxs=true frames=true
[Architectury Transformer DEBUG] Writing com/beigu/yunbeiuc/block/custom/sign/SignGuideConfirmation1 with maxs=true frames=true
[Architectury Transformer DEBUG] Writing com/beigu/yunbeiuc/block/custom/sign/SignGuideIntersectionAdvanceWarning1Wuhan$1 with maxs=true frames=true
[Architectury Transformer DEBUG] Writing com/beigu/yunbeiuc/block/custom/sign/SignGuideRoadsideFacilityOverloadCheckpoint1$Type with maxs=true frames=true
[Architectury Transformer DEBUG] Writing com/beigu/yunbeiuc/block/custom/sign/SignExpresswayEntranceAdvance10$Type with maxs=true frames=true
[Architectury Transformer DEBUG] Writing com/beigu/yunbeiuc/block/custom/sign/SignGuideIntersectionAdvanceWarning6 with maxs=true frames=true
[Architectury Transformer DEBUG] Writing com/beigu/yunbeiuc/block/custom/sign/SignGuideIntersectionAdvanceWarning3 with maxs=true frames=true
[Architectury Transformer DEBUG] Writing com/beigu/yunbeiuc/block/custom/sign/ZonesBoardImage$Type with maxs=true frames=true
[Architectury Transformer DEBUG] Writing com/beigu/yunbeiuc/block/custom/sign/SignGuideIntersectionAdvanceWarning5 with maxs=true frames=true
[Architectury Transformer DEBUG] Writing com/beigu/yunbeiuc/block/custom/sign/SignGuideIntersectionAdvanceWarning7 with maxs=true frames=true
[Architectury Transformer DEBUG] Writing com/beigu/yunbeiuc/block/custom/sign/SignGuideIntersectionAdvanceWarning1 with maxs=true frames=true
[Architectury Transformer DEBUG] Writing com/beigu/yunbeiuc/block/custom/sign/SignGuideIntersectionWarning4$1 with maxs=true frames=true
[Architectury Transformer DEBUG] Writing com/beigu/yunbeiuc/block/custom/sign/SignGuideIntersectionAdvanceWarning6$Type with maxs=true frames=true
[Architectury Transformer DEBUG] Writing com/beigu/yunbeiuc/block/custom/sign/SignExpresswayEntranceAdvance4$1 with maxs=true frames=true
[Architectury Transformer DEBUG] Writing com/beigu/yunbeiuc/block/custom/sign/ZonesBoard1$Type with maxs=true frames=true
[Architectury Transformer DEBUG] Writing com/beigu/yunbeiuc/block/custom/sign/SignGuideIntersectionWarning1$1 with maxs=true frames=true
[Architectury Transformer DEBUG] Writing com/beigu/yunbeiuc/block/custom/sign/SignExpresswayDirection1$Type with maxs=true frames=true
[Architectury Transformer DEBUG] Writing com/beigu/yunbeiuc/block/custom/sign/SignGuideIntersectionAdvanceWarning1Wuhan with maxs=true frames=true
[Architectury Transformer DEBUG] Writing com/beigu/yunbeiuc/block/custom/sign/SignGuideLaneIndicator1 with maxs=true frames=true
[Architectury Transformer DEBUG] Writing com/beigu/yunbeiuc/block/custom/sign/SignExpresswayEntranceAdvance4$Type with maxs=true frames=true
[Architectury Transformer DEBUG] Writing com/beigu/yunbeiuc/block/custom/sign/SignGuideIntersectionAdvanceWarning5$Type with maxs=true frames=true
[Architectury Transformer DEBUG] Writing com/beigu/yunbeiuc/block/custom/sign/ZonesBoardImage$1 with maxs=true frames=true
[Architectury Transformer DEBUG] Writing com/beigu/yunbeiuc/block/custom/sign/SignExpresswayEntranceAdvance7$1 with maxs=true frames=true
[Architectury Transformer DEBUG] Writing com/beigu/yunbeiuc/block/custom/sign/ZonesBoardOverWeight$1 with maxs=true frames=true
[Architectury Transformer DEBUG] Writing com/beigu/yunbeiuc/block/custom/sign/SignSimpleBlock with maxs=true frames=true
[Architectury Transformer DEBUG] Writing com/beigu/yunbeiuc/block/custom/sign/ZonesBoard1$1 with maxs=true frames=true
[Architectury Transformer DEBUG] Writing com/beigu/yunbeiuc/block/custom/sign/SignGuideRoadsideFacilityOverloadCheckpoint1 with maxs=true frames=true
[Architectury Transformer DEBUG] Writing com/beigu/yunbeiuc/block/custom/sign/ZonesBoard1 with maxs=true frames=true
[Architectury Transformer DEBUG] Writing com/beigu/yunbeiuc/block/custom/sign/SignGuideIntersectionWarning1$Type with maxs=true frames=true
[Architectury Transformer DEBUG] Writing com/beigu/yunbeiuc/block/custom/sign/SignExpresswayExit8 with maxs=true frames=true
[Architectury Transformer DEBUG] Writing com/beigu/yunbeiuc/block/custom/sign/SignGuideConfirmation1$Type with maxs=true frames=true
[Architectury Transformer DEBUG] Writing com/beigu/yunbeiuc/block/custom/sign/SignExpresswayEntranceAdvance10 with maxs=true frames=true
[Architectury Transformer DEBUG] Writing com/beigu/yunbeiuc/block/custom/sign/SignGuideIntersectionAdvanceWarning3$Type with maxs=true frames=true
[Architectury Transformer DEBUG] Writing com/beigu/yunbeiuc/block/custom/sign/ZonesBoardOverWeight with maxs=true frames=true
[Architectury Transformer DEBUG] Writing com/beigu/yunbeiuc/block/custom/sign/SignExpresswayEntranceAdvance13 with maxs=true frames=true
[Architectury Transformer DEBUG] Writing com/beigu/yunbeiuc/block/custom/sign/SignSimpleBlock$Type with maxs=true frames=true
[Architectury Transformer DEBUG] Writing com/beigu/yunbeiuc/block/custom/sign/SignGuideLaneIndicator1$1 with maxs=true frames=true
[Architectury Transformer DEBUG] Writing com/beigu/yunbeiuc/block/custom/sign/SignSimpleBlock$1 with maxs=true frames=true
[Architectury Transformer DEBUG] Writing com/beigu/yunbeiuc/block/custom/sign/SignGuideIntersectionAdvanceWarning5$1 with maxs=true frames=true
[Architectury Transformer DEBUG] Writing com/beigu/yunbeiuc/block/custom/sign/SignExpresswayEntranceAdvance13$Type with maxs=true frames=true
[Architectury Transformer DEBUG] Writing com/beigu/yunbeiuc/block/custom/sign/ZonesBoardTimeRange1$1 with maxs=true frames=true
[Architectury Transformer DEBUG] Writing com/beigu/yunbeiuc/block/custom/sign/SignGuideIntersectionAdvanceWarning3$1 with maxs=true frames=true
[Architectury Transformer DEBUG] Writing com/beigu/yunbeiuc/block/custom/sign/SignGuideIntersectionAdvanceWarning1$1 with maxs=true frames=true
[Architectury Transformer DEBUG] Writing com/beigu/yunbeiuc/block/custom/sign/ZonesBoardTimeRange2$1 with maxs=true frames=true
[Architectury Transformer DEBUG] Writing com/beigu/yunbeiuc/block/custom/sign/ZonesBoardOverWeight$Type with maxs=true frames=true
[Architectury Transformer DEBUG] Writing com/beigu/yunbeiuc/block/custom/sign/SignExpresswayEntranceAdvance1$1 with maxs=true frames=true
[Architectury Transformer DEBUG] Writing com/beigu/yunbeiuc/block/custom/sign/SignExpresswayEntranceAdvance10$1 with maxs=true frames=true
[Architectury Transformer DEBUG] Writing com/beigu/yunbeiuc/block/custom/sign/SignExpresswayDirection3$1 with maxs=true frames=true
[Architectury Transformer DEBUG] Writing com/beigu/yunbeiuc/block/custom/sign/SignGuideIntersectionAdvanceWarning1$Type with maxs=true frames=true
[Architectury Transformer DEBUG] Writing com/beigu/yunbeiuc/block/custom/sign/SignGuideIntersectionWarning4$Type with maxs=true frames=true
[Architectury Transformer DEBUG] Writing com/beigu/yunbeiuc/block/custom/sign/SignGuideLaneIndicator1$Type with maxs=true frames=true
[Architectury Transformer DEBUG] Writing com/beigu/yunbeiuc/block/custom/sign/SignExpresswayEntranceAdvance4 with maxs=true frames=true
[Architectury Transformer DEBUG] Writing com/beigu/yunbeiuc/block/custom/sign/SignExpresswayDirection5$1 with maxs=true frames=true
[Architectury Transformer DEBUG] Writing com/beigu/yunbeiuc/block/custom/sign/ZonesBoardTimeRange1 with maxs=true frames=true
[Architectury Transformer DEBUG] Writing com/beigu/yunbeiuc/block/custom/sign/SignExpresswayDirection5$Type with maxs=true frames=true
[Architectury Transformer DEBUG] Writing com/beigu/yunbeiuc/block/custom/sign/SignExpresswayEntranceAdvance1$Type with maxs=true frames=true
[Architectury Transformer DEBUG] Writing com/beigu/yunbeiuc/block/custom/sign/ZonesBoardTimeRange2 with maxs=true frames=true
[Architectury Transformer DEBUG] Writing com/beigu/yunbeiuc/block/custom/sign/SignExpresswayEntranceAdvance7$Type with maxs=true frames=true
[Architectury Transformer DEBUG] Writing com/beigu/yunbeiuc/block/custom/sign/SignGuideIntersectionAdvanceWarning7$1 with maxs=true frames=true
[Architectury Transformer DEBUG] Writing com/beigu/yunbeiuc/block/custom/sign/SignGuideIntersectionAdvanceWarning6$1 with maxs=true frames=true
[Architectury Transformer DEBUG] Writing com/beigu/yunbeiuc/block/custom/sign/SignExpresswayDirection1 with maxs=true frames=true
[Architectury Transformer DEBUG] Writing com/beigu/yunbeiuc/block/custom/sign/SignExpresswayDirection1$1 with maxs=true frames=true
[Architectury Transformer DEBUG] Writing com/beigu/yunbeiuc/block/custom/sign/SignGuideIntersectionAdvanceWarning7$Type with maxs=true frames=true
[Architectury Transformer DEBUG] Writing com/beigu/yunbeiuc/block/custom/sign/SignExpresswayExit8$Type with maxs=true frames=true
[Architectury Transformer DEBUG] Writing com/beigu/yunbeiuc/block/custom/sign/SignExpresswayDirection5 with maxs=true frames=true
[Architectury Transformer DEBUG] Writing com/beigu/yunbeiuc/block/custom/sign/SignGuideIntersectionWarning4 with maxs=true frames=true
[Architectury Transformer DEBUG] Writing com/beigu/yunbeiuc/block/custom/sign/SignExpresswayEntranceAdvance1 with maxs=true frames=true
[Architectury Transformer DEBUG] Writing com/beigu/yunbeiuc/block/custom/sign/SignExpresswayDirection3 with maxs=true frames=true
[Architectury Transformer DEBUG] Writing com/beigu/yunbeiuc/block/custom/sign/SignGuideIntersectionWarning1 with maxs=true frames=true
[Architectury Transformer DEBUG] Writing com/beigu/yunbeiuc/block/custom/sign/SignExpresswayEntranceAdvance7 with maxs=true frames=true
[Architectury Transformer DEBUG] Writing com/beigu/yunbeiuc/block/custom/sign/SignExpresswayEntranceAdvance13$1 with maxs=true frames=true
[Architectury Transformer DEBUG] Writing com/beigu/yunbeiuc/block/custom/sign/ZonesBoardTimeRange1$Type with maxs=true frames=true
[Architectury Transformer DEBUG] Writing com/beigu/yunbeiuc/block/custom/sign/SignGuideRoadsideFacilityOverloadCheckpoint1$1 with maxs=true frames=true
[Architectury Transformer DEBUG] Writing com/beigu/yunbeiuc/block/custom/sign/SignExpresswayExit8$1 with maxs=true frames=true
[Architectury Transformer DEBUG] Writing com/beigu/yunbeiuc/block/custom/sound/SoundBarrier1 with maxs=true frames=true
[Architectury Transformer DEBUG] Writing com/beigu/yunbeiuc/block/custom/sound/SoundBarrier2 with maxs=true frames=true
[Architectury Transformer DEBUG] Writing com/beigu/yunbeiuc/block/custom/sound/SoundBarrier2$1 with maxs=true frames=true
[Architectury Transformer DEBUG] Writing com/beigu/yunbeiuc/block/custom/sound/SoundBarrier1$1 with maxs=true frames=true
[Architectury Transformer DEBUG] Writing com/beigu/yunbeiuc/block/custom/waring/WarningNetworkPole with maxs=true frames=true
[Architectury Transformer DEBUG] Writing com/beigu/yunbeiuc/block/custom/waring/WarningNetwork$1 with maxs=true frames=true
[Architectury Transformer DEBUG] Writing com/beigu/yunbeiuc/block/custom/waring/WarningNetworkPole$AntiGlareNetPoleType with maxs=true frames=true
[Architectury Transformer DEBUG] Writing com/beigu/yunbeiuc/block/custom/waring/WarningNetworkPole$1 with maxs=true frames=true
[Architectury Transformer DEBUG] Writing com/beigu/yunbeiuc/block/custom/waring/WarningNetwork with maxs=true frames=true
[Architectury Transformer DEBUG] Writing com/beigu/yunbeiuc/entity/SignGuideLaneIndicator1Entity with maxs=true frames=true
[Architectury Transformer DEBUG] Writing com/beigu/yunbeiuc/entity/SignGuideIntersectionAdvanceWarning7Entity with maxs=true frames=true
[Architectury Transformer DEBUG] Writing com/beigu/yunbeiuc/entity/SignExpresswayDirection3Entity$Expressway with maxs=true frames=true
[Architectury Transformer DEBUG] Writing com/beigu/yunbeiuc/entity/SignExpresswayDirection1Entity with maxs=true frames=true
[Architectury Transformer DEBUG] Writing com/beigu/yunbeiuc/entity/ZonesBoardImageEntity with maxs=true frames=true
[Architectury Transformer DEBUG] Writing com/beigu/yunbeiuc/entity/SignGuideLaneIndicator1Entity$Direction with maxs=true frames=true
[Architectury Transformer DEBUG] Writing com/beigu/yunbeiuc/entity/FlagBlockEntity with maxs=true frames=true
[Architectury Transformer DEBUG] Writing com/beigu/yunbeiuc/entity/SignGuideIntersectionAdvanceWarning5Entity with maxs=true frames=true
[Architectury Transformer DEBUG] Writing com/beigu/yunbeiuc/entity/SignGuideConfirmation1Entity$Unit with maxs=true frames=true
[Architectury Transformer DEBUG] Writing com/beigu/yunbeiuc/entity/ZonesBoard1Entity with maxs=true frames=true
[Architectury Transformer DEBUG] Writing com/beigu/yunbeiuc/entity/SignExpresswayEntranceAdvance10Entity with maxs=true frames=true
[Architectury Transformer DEBUG] Writing com/beigu/yunbeiuc/entity/ZonesBoardImageEntity$BoardImage with maxs=true frames=true
[Architectury Transformer DEBUG] Writing com/beigu/yunbeiuc/entity/TrafficLightsBlockEntity$LightTimingInfo with maxs=true frames=true
[Architectury Transformer DEBUG] Writing com/beigu/yunbeiuc/entity/SignExpresswayDirection5Entity$Expressway with maxs=true frames=true
[Architectury Transformer DEBUG] Writing com/beigu/yunbeiuc/entity/SignGuideIntersectionAdvanceWarning1WuhanEntity with maxs=true frames=true
[Architectury Transformer DEBUG] Writing com/beigu/yunbeiuc/entity/SignGuideRoadsideFacilityOverloadCheckpoint1Entity with maxs=true frames=true
[Architectury Transformer DEBUG] Writing com/beigu/yunbeiuc/entity/ModBlockEntities with maxs=true frames=true
[Architectury Transformer DEBUG] Writing com/beigu/yunbeiuc/entity/SignExpresswayEntranceAdvance1Entity$Expressway with maxs=true frames=true
[Architectury Transformer DEBUG] Writing com/beigu/yunbeiuc/entity/SignGuideIntersectionWarning4Entity$Direction with maxs=true frames=true
[Architectury Transformer DEBUG] Writing com/beigu/yunbeiuc/entity/SignExpresswayExit8Entity with maxs=true frames=true
[Architectury Transformer DEBUG] Writing com/beigu/yunbeiuc/entity/RoadNameSignBlockEntity with maxs=true frames=true
[Architectury Transformer DEBUG] Writing com/beigu/yunbeiuc/entity/SignGuideIntersectionAdvanceWarning6Entity$Direction with maxs=true frames=true
[Architectury Transformer DEBUG] Writing com/beigu/yunbeiuc/entity/SignExpresswayExit8Entity$Expressway with maxs=true frames=true
[Architectury Transformer DEBUG] Writing com/beigu/yunbeiuc/entity/SignExpresswayEntranceAdvance13Entity with maxs=true frames=true
[Architectury Transformer DEBUG] Writing com/beigu/yunbeiuc/entity/SignExpresswayExit8Entity$Direction with maxs=true frames=true
[Architectury Transformer DEBUG] Writing com/beigu/yunbeiuc/entity/SignGuideIntersectionAdvanceWarning6Entity with maxs=true frames=true
[Architectury Transformer DEBUG] Writing com/beigu/yunbeiuc/entity/SignGuideIntersectionWarning1Entity with maxs=true frames=true
[Architectury Transformer DEBUG] Writing com/beigu/yunbeiuc/entity/TrafficLightsBlockEntity with maxs=true frames=true
[Architectury Transformer DEBUG] Writing com/beigu/yunbeiuc/entity/SignGuideConfirmation1Entity with maxs=true frames=true
[Architectury Transformer DEBUG] Writing com/beigu/yunbeiuc/entity/SignExpresswayEntranceAdvance13Entity$Expressway with maxs=true frames=true
[Architectury Transformer DEBUG] Writing com/beigu/yunbeiuc/entity/SignGuideIntersectionAdvanceWarning1Entity with maxs=true frames=true
[Architectury Transformer DEBUG] Writing com/beigu/yunbeiuc/entity/SignGuideIntersectionWarning4Entity with maxs=true frames=true
[Architectury Transformer DEBUG] Writing com/beigu/yunbeiuc/entity/SignGuideIntersectionAdvanceWarning3Entity with maxs=true frames=true
[Architectury Transformer DEBUG] Writing com/beigu/yunbeiuc/entity/SignExpresswayEntranceAdvance7Entity with maxs=true frames=true
[Architectury Transformer DEBUG] Writing com/beigu/yunbeiuc/entity/SignExpresswayEntranceAdvance10Entity$Expressway with maxs=true frames=true
[Architectury Transformer DEBUG] Writing com/beigu/yunbeiuc/entity/SignExpresswayEntranceAdvance4Entity$Expressway with maxs=true frames=true
[Architectury Transformer DEBUG] Writing com/beigu/yunbeiuc/entity/SignGuideRoadsideFacilityOverloadCheckpoint1Entity$Unit with maxs=true frames=true
[Architectury Transformer DEBUG] Writing com/beigu/yunbeiuc/entity/SignExpresswayDirection5Entity$Direction with maxs=true frames=true
[Architectury Transformer DEBUG] Writing com/beigu/yunbeiuc/entity/RoadPoleTextDisplayEntity with maxs=true frames=true
[Architectury Transformer DEBUG] Writing com/beigu/yunbeiuc/entity/SignExpresswayDirection3Entity with maxs=true frames=true
[Architectury Transformer DEBUG] Writing com/beigu/yunbeiuc/entity/SignGuideIntersectionAdvanceWarning7Entity$Direction with maxs=true frames=true
[Architectury Transformer DEBUG] Writing com/beigu/yunbeiuc/entity/ZonesBoardTimeRange2Entity with maxs=true frames=true
[Architectury Transformer DEBUG] Writing com/beigu/yunbeiuc/entity/SignExpresswayEntranceAdvance1Entity with maxs=true frames=true
[Architectury Transformer DEBUG] Writing com/beigu/yunbeiuc/entity/TrafficLightsBlockEntity$DirectionType with maxs=true frames=true
[Architectury Transformer DEBUG] Writing com/beigu/yunbeiuc/entity/ZonesBoardTimeRange1Entity with maxs=true frames=true
[Architectury Transformer DEBUG] Writing com/beigu/yunbeiuc/entity/SignExpresswayDirection5Entity with maxs=true frames=true
[Architectury Transformer DEBUG] Writing com/beigu/yunbeiuc/entity/ZonesBoardOverWeightEntity with maxs=true frames=true
[Architectury Transformer DEBUG] Writing com/beigu/yunbeiuc/entity/SignExpresswayEntranceAdvance4Entity with maxs=true frames=true
[Architectury Transformer DEBUG] Writing com/beigu/yunbeiuc/entity/SignExpresswayEntranceAdvance4Entity$Direction with maxs=true frames=true
[Architectury Transformer DEBUG] Writing com/beigu/yunbeiuc/item/ModItems with maxs=true frames=true
[Architectury Transformer DEBUG] Writing com/beigu/yunbeiuc/item/ModItemGroups with maxs=true frames=true
[Architectury Transformer DEBUG] Writing com/beigu/yunbeiuc/item/custom/TreeWand with maxs=true frames=true
[Architectury Transformer DEBUG] Writing com/beigu/yunbeiuc/item/custom/RotatedWand$1 with maxs=true frames=true
[Architectury Transformer DEBUG] Writing com/beigu/yunbeiuc/item/custom/WaterWand with maxs=true frames=true
[Architectury Transformer DEBUG] Writing com/beigu/yunbeiuc/item/custom/RotatedWand with maxs=true frames=true
[Architectury Transformer DEBUG] Writing com/beigu/yunbeiuc/item/custom/LinkWand with maxs=true frames=true
[Architectury Transformer DEBUG] Writing com/beigu/yunbeiuc/network/SignGuideIntersectionAdvanceWarning5UpdatePacket with maxs=true frames=true
[Architectury Transformer DEBUG] Writing com/beigu/yunbeiuc/network/ZonesBoardTimeRange2UpdatePacket with maxs=true frames=true
[Architectury Transformer DEBUG] Writing com/beigu/yunbeiuc/network/ZonesBoardImageUpdatePacket with maxs=true frames=true
[Architectury Transformer DEBUG] Writing com/beigu/yunbeiuc/network/ChatCommandHandler with maxs=true frames=true
[Architectury Transformer DEBUG] Writing com/beigu/yunbeiuc/network/ZonesBoardTimeRange1UpdatePacket with maxs=true frames=true
[Architectury Transformer DEBUG] Writing com/beigu/yunbeiuc/network/SignExpresswayEntranceAdvance1UpdatePacket with maxs=true frames=true
[Architectury Transformer DEBUG] Writing com/beigu/yunbeiuc/network/RoadPoleTextDisplayUpdatePacket with maxs=true frames=true
[Architectury Transformer DEBUG] Writing com/beigu/yunbeiuc/network/SignExpresswayDirection1UpdatePacket with maxs=true frames=true
[Architectury Transformer DEBUG] Writing com/beigu/yunbeiuc/network/SignExpresswayDirection3UpdatePacket with maxs=true frames=true
[Architectury Transformer DEBUG] Writing com/beigu/yunbeiuc/network/SignGuideIntersectionAdvanceWarning6UpdatePacket with maxs=true frames=true
[Architectury Transformer DEBUG] Writing com/beigu/yunbeiuc/network/SignGuideConfirmation1UpdatePacket with maxs=true frames=true
[Architectury Transformer DEBUG] Writing com/beigu/yunbeiuc/network/RoadNameSignBlockUpdatePacket with maxs=true frames=true
[Architectury Transformer DEBUG] Writing com/beigu/yunbeiuc/network/ZonesBoardOverWeightUpdatePacket with maxs=true frames=true
[Architectury Transformer DEBUG] Writing com/beigu/yunbeiuc/network/SignGuideIntersectionAdvanceWarning7UpdatePacket with maxs=true frames=true
[Architectury Transformer DEBUG] Writing com/beigu/yunbeiuc/network/SignGuideLaneIndicator1UpdatePacket with maxs=true frames=true
[Architectury Transformer DEBUG] Writing com/beigu/yunbeiuc/network/SignGuideIntersectionAdvanceWarning1WuhanUpdatePacket with maxs=true frames=true
[Architectury Transformer DEBUG] Writing com/beigu/yunbeiuc/network/SignGuideIntersectionWarning4UpdatePacket with maxs=true frames=true
[Architectury Transformer DEBUG] Writing com/beigu/yunbeiuc/network/SignExpresswayEntranceAdvance7UpdatePacket with maxs=true frames=true
[Architectury Transformer DEBUG] Writing com/beigu/yunbeiuc/network/TrafficLightsUpdatePacket with maxs=true frames=true
[Architectury Transformer DEBUG] Writing com/beigu/yunbeiuc/network/SignExpresswayExit8UpdatePacket with maxs=true frames=true
[Architectury Transformer DEBUG] Writing com/beigu/yunbeiuc/network/ChatCommandHandler$GroupInfo with maxs=true frames=true
[Architectury Transformer DEBUG] Writing com/beigu/yunbeiuc/network/SignExpresswayEntranceAdvance4UpdatePacket with maxs=true frames=true
[Architectury Transformer DEBUG] Writing com/beigu/yunbeiuc/network/SignGuideIntersectionWarning1UpdatePacket with maxs=true frames=true
[Architectury Transformer DEBUG] Writing com/beigu/yunbeiuc/network/SignGuideRoadsideFacilityOverloadCheckpoint1UpdatePacket with maxs=true frames=true
[Architectury Transformer DEBUG] Writing com/beigu/yunbeiuc/network/SignExpresswayEntranceAdvance13UpdatePacket with maxs=true frames=true
[Architectury Transformer DEBUG] Writing com/beigu/yunbeiuc/network/FlagUpdatePacket with maxs=true frames=true
[Architectury Transformer DEBUG] Writing com/beigu/yunbeiuc/network/SignExpresswayDirection5UpdatePacket with maxs=true frames=true
[Architectury Transformer DEBUG] Writing com/beigu/yunbeiuc/network/ZonesBoard1UpdatePacket with maxs=true frames=true
[Architectury Transformer DEBUG] Writing com/beigu/yunbeiuc/network/ModMessages with maxs=true frames=true
[Architectury Transformer DEBUG] Writing com/beigu/yunbeiuc/network/SignGuideIntersectionAdvanceWarning1UpdatePacket with maxs=true frames=true
[Architectury Transformer DEBUG] Writing com/beigu/yunbeiuc/network/SignGuideIntersectionAdvanceWarning3UpdatePacket with maxs=true frames=true
[Architectury Transformer DEBUG] Writing com/beigu/yunbeiuc/network/SignExpresswayEntranceAdvance10UpdatePacket with maxs=true frames=true
[Architectury Transformer DEBUG] Writing com/beigu/yunbeiuc/render/SignExpresswayEntranceAdvance1EntityRenderer with maxs=true frames=true
[Architectury Transformer DEBUG] Writing com/beigu/yunbeiuc/render/SignGuideIntersectionAdvanceWarning1WuhanEntityRenderer with maxs=true frames=true
[Architectury Transformer DEBUG] Writing com/beigu/yunbeiuc/render/SignGuideIntersectionAdvanceWarning6EntityRenderer with maxs=true frames=true
[Architectury Transformer DEBUG] Writing com/beigu/yunbeiuc/render/SignExpresswayEntranceAdvance13EntityRenderer$1 with maxs=true frames=true
[Architectury Transformer DEBUG] Writing com/beigu/yunbeiuc/render/SignExpresswayDirection3EntityRenderer$1 with maxs=true frames=true
[Architectury Transformer DEBUG] Writing com/beigu/yunbeiuc/render/SignGuideIntersectionAdvanceWarning6EntityRenderer$1 with maxs=true frames=true
[Architectury Transformer DEBUG] Writing com/beigu/yunbeiuc/render/SignExpresswayEntranceAdvance4EntityRenderer$1 with maxs=true frames=true
[Architectury Transformer DEBUG] Writing com/beigu/yunbeiuc/render/SignGuideRoadsideFacilityOverloadCheckpoint1EntityRenderer with maxs=true frames=true
[Architectury Transformer DEBUG] Writing com/beigu/yunbeiuc/render/SignExpresswayDirection3EntityRenderer with maxs=true frames=true
[Architectury Transformer DEBUG] Writing com/beigu/yunbeiuc/render/SignGuideIntersectionWarning1EntityRenderer$1 with maxs=true frames=true
[Architectury Transformer DEBUG] Writing com/beigu/yunbeiuc/render/TrafficLightsBlockEntityRenderer with maxs=true frames=true
[Architectury Transformer DEBUG] Writing com/beigu/yunbeiuc/render/SignGuideIntersectionAdvanceWarning7EntityRenderer$1 with maxs=true frames=true
[Architectury Transformer DEBUG] Writing com/beigu/yunbeiuc/render/SignGuideIntersectionAdvanceWarning1EntityRenderer with maxs=true frames=true
[Architectury Transformer DEBUG] Writing com/beigu/yunbeiuc/render/SignGuideIntersectionAdvanceWarning7EntityRenderer with maxs=true frames=true
[Architectury Transformer DEBUG] Writing com/beigu/yunbeiuc/render/SignGuideLaneIndicator1EntityRenderer$1 with maxs=true frames=true
[Architectury Transformer DEBUG] Writing com/beigu/yunbeiuc/render/SignGuideIntersectionAdvanceWarning5EntityRenderer with maxs=true frames=true
[Architectury Transformer DEBUG] Writing com/beigu/yunbeiuc/render/SignGuideLaneIndicator1EntityRenderer with maxs=true frames=true
[Architectury Transformer DEBUG] Writing com/beigu/yunbeiuc/render/ZonesBoard1EntityRenderer with maxs=true frames=true
[Architectury Transformer DEBUG] Writing com/beigu/yunbeiuc/render/FlagBlockEntityRenderer$1 with maxs=true frames=true
[Architectury Transformer DEBUG] Writing com/beigu/yunbeiuc/render/SignGuideConfirmation1EntityRenderer$1 with maxs=true frames=true
[Architectury Transformer DEBUG] Writing com/beigu/yunbeiuc/render/SignExpresswayDirection5EntityRenderer with maxs=true frames=true
[Architectury Transformer DEBUG] Writing com/beigu/yunbeiuc/render/SignGuideRoadsideFacilityOverloadCheckpoint1EntityRenderer$1 with maxs=true frames=true
[Architectury Transformer DEBUG] Writing com/beigu/yunbeiuc/render/SignGuideIntersectionAdvanceWarning3EntityRenderer with maxs=true frames=true
[Architectury Transformer DEBUG] Writing com/beigu/yunbeiuc/render/RoadNameSignBlockEntityRenderer with maxs=true frames=true
[Architectury Transformer DEBUG] Writing com/beigu/yunbeiuc/render/ZonesBoardImageEntityRenderer$1 with maxs=true frames=true
[Architectury Transformer DEBUG] Writing com/beigu/yunbeiuc/render/SignExpresswayEntranceAdvance4EntityRenderer with maxs=true frames=true
[Architectury Transformer DEBUG] Writing com/beigu/yunbeiuc/render/SignExpresswayEntranceAdvance10EntityRenderer with maxs=true frames=true
[Architectury Transformer DEBUG] Writing com/beigu/yunbeiuc/render/FlagBlockEntityRenderer with maxs=true frames=true
[Architectury Transformer DEBUG] Writing com/beigu/yunbeiuc/render/SignExpresswayEntranceAdvance10EntityRenderer$1 with maxs=true frames=true
[Architectury Transformer DEBUG] Writing com/beigu/yunbeiuc/render/SignGuideIntersectionAdvanceWarning1WuhanEntityRenderer$1 with maxs=true frames=true
[Architectury Transformer DEBUG] Writing com/beigu/yunbeiuc/render/ZonesBoardTimeRange2EntityRenderer$1 with maxs=true frames=true
[Architectury Transformer DEBUG] Writing com/beigu/yunbeiuc/render/ZonesBoard1EntityRenderer$1 with maxs=true frames=true
[Architectury Transformer DEBUG] Writing com/beigu/yunbeiuc/render/SignExpresswayEntranceAdvance1EntityRenderer$1 with maxs=true frames=true
[Architectury Transformer DEBUG] Writing com/beigu/yunbeiuc/render/ZonesBoardImageEntityRenderer with maxs=true frames=true
[Architectury Transformer DEBUG] Writing com/beigu/yunbeiuc/render/SignExpresswayDirection1EntityRenderer$1 with maxs=true frames=true
[Architectury Transformer DEBUG] Writing com/beigu/yunbeiuc/render/SignExpresswayEntranceAdvance7EntityRenderer with maxs=true frames=true
[Architectury Transformer DEBUG] Writing com/beigu/yunbeiuc/render/SignExpresswayEntranceAdvance13EntityRenderer with maxs=true frames=true
[Architectury Transformer DEBUG] Writing com/beigu/yunbeiuc/render/SignExpresswayDirection1EntityRenderer with maxs=true frames=true
[Architectury Transformer DEBUG] Writing com/beigu/yunbeiuc/render/RoadPoleTextDisplayBlockEntityRenderer with maxs=true frames=true
[Architectury Transformer DEBUG] Writing com/beigu/yunbeiuc/render/ZonesBoardTimeRange1EntityRenderer$1 with maxs=true frames=true
[Architectury Transformer DEBUG] Writing com/beigu/yunbeiuc/render/ZonesBoardOverWeightEntityRenderer$1 with maxs=true frames=true
[Architectury Transformer DEBUG] Writing com/beigu/yunbeiuc/render/SignGuideIntersectionWarning1EntityRenderer with maxs=true frames=true
[Architectury Transformer DEBUG] Writing com/beigu/yunbeiuc/render/SignGuideIntersectionWarning4EntityRenderer with maxs=true frames=true
[Architectury Transformer DEBUG] Writing com/beigu/yunbeiuc/render/SignExpresswayDirection5EntityRenderer$1 with maxs=true frames=true
[Architectury Transformer DEBUG] Writing com/beigu/yunbeiuc/render/SignGuideIntersectionAdvanceWarning5EntityRenderer$1 with maxs=true frames=true
[Architectury Transformer DEBUG] Writing com/beigu/yunbeiuc/render/ZonesBoardOverWeightEntityRenderer with maxs=true frames=true
[Architectury Transformer DEBUG] Writing com/beigu/yunbeiuc/render/TrafficLightsBlockEntityRenderer$1 with maxs=true frames=true
[Architectury Transformer DEBUG] Writing com/beigu/yunbeiuc/render/ZonesBoardTimeRange2EntityRenderer with maxs=true frames=true
[Architectury Transformer DEBUG] Writing com/beigu/yunbeiuc/render/SignGuideConfirmation1EntityRenderer with maxs=true frames=true
[Architectury Transformer DEBUG] Writing com/beigu/yunbeiuc/render/SignGuideIntersectionAdvanceWarning3EntityRenderer$1 with maxs=true frames=true
[Architectury Transformer DEBUG] Writing com/beigu/yunbeiuc/render/SignExpresswayExit8EntityRenderer with maxs=true frames=true
[Architectury Transformer DEBUG] Writing com/beigu/yunbeiuc/render/SignExpresswayEntranceAdvance7EntityRenderer$1 with maxs=true frames=true
[Architectury Transformer DEBUG] Writing com/beigu/yunbeiuc/render/ZonesBoardTimeRange1EntityRenderer with maxs=true frames=true
[Architectury Transformer DEBUG] Writing com/beigu/yunbeiuc/render/SignGuideIntersectionAdvanceWarning1EntityRenderer$1 with maxs=true frames=true
[Architectury Transformer DEBUG] Writing com/beigu/yunbeiuc/render/SignExpresswayExit8EntityRenderer$1 with maxs=true frames=true
[Architectury Transformer DEBUG] Writing com/beigu/yunbeiuc/render/SignGuideIntersectionWarning4EntityRenderer$1 with maxs=true frames=true
[Architectury Transformer DEBUG] Writing com/beigu/yunbeiuc/render/font/CustomFontManager with maxs=true frames=true
[Architectury Transformer DEBUG] Writing com/beigu/yunbeiuc/render/font/CustomFontRenderer with maxs=true frames=true
[Architectury Transformer DEBUG] Writing com/beigu/yunbeiuc/render/font/CustomFontRenderer$CharInfo with maxs=true frames=true
[Architectury Transformer DEBUG] Writing com/beigu/yunbeiuc/render/font/CustomFontManager$FontTexture with maxs=true frames=true
[Architectury Transformer DEBUG] Writing com/beigu/yunbeiuc/render/font/CustomFontRenderer$TextAlignment with maxs=true frames=true
[Architectury Transformer DEBUG] Writing com/beigu/yunbeiuc/render/json/FlagLoader with maxs=true frames=true
[Architectury Transformer DEBUG] Writing com/beigu/yunbeiuc/render/json/CustomFlag with maxs=true frames=true
[Architectury Transformer DEBUG] Writing com/beigu/yunbeiuc/screen/SignExpresswayEntranceAdvance7Screen with maxs=true frames=true
[Architectury Transformer DEBUG] Writing com/beigu/yunbeiuc/screen/SignExpresswayEntranceAdvance4Screen$DirectionConsumer with maxs=true frames=true
[Architectury Transformer DEBUG] Writing com/beigu/yunbeiuc/screen/SignGuideIntersectionWarning4Screen$DirectionConsumer with maxs=true frames=true
[Architectury Transformer DEBUG] Writing com/beigu/yunbeiuc/screen/SignGuideConfirmation1Screen$UnitConsumer with maxs=true frames=true
[Architectury Transformer DEBUG] Writing com/beigu/yunbeiuc/screen/SignExpresswayExit8Screen$ExpresswayConsumer with maxs=true frames=true
[Architectury Transformer DEBUG] Writing com/beigu/yunbeiuc/screen/SignExpresswayEntranceAdvance10Screen with maxs=true frames=true
[Architectury Transformer DEBUG] Writing com/beigu/yunbeiuc/screen/SignExpresswayEntranceAdvance13Screen$ExpresswayConsumer with maxs=true frames=true
[Architectury Transformer DEBUG] Writing com/beigu/yunbeiuc/screen/SignGuideRoadsideFacilityOverloadCheckpoint1Screen with maxs=true frames=true
[Architectury Transformer DEBUG] Writing com/beigu/yunbeiuc/screen/SignExpresswayDirection1Screen with maxs=true frames=true
[Architectury Transformer DEBUG] Writing com/beigu/yunbeiuc/screen/SignGuideIntersectionAdvanceWarning5Screen$ValueAdjustCallback with maxs=true frames=true
[Architectury Transformer DEBUG] Writing com/beigu/yunbeiuc/screen/SignGuideLaneIndicator1Screen$DirectionConsumer with maxs=true frames=true
[Architectury Transformer DEBUG] Writing com/beigu/yunbeiuc/screen/TrafficLightsScreen$PhaseSliderWidget with maxs=true frames=true
[Architectury Transformer DEBUG] Writing com/beigu/yunbeiuc/screen/ZonesBoardOverWeightScreen with maxs=true frames=true
[Architectury Transformer DEBUG] Writing com/beigu/yunbeiuc/screen/SignGuideIntersectionAdvanceWarning6Screen$DirectionConsumer with maxs=true frames=true
[Architectury Transformer DEBUG] Writing com/beigu/yunbeiuc/screen/ZonesBoard1Screen with maxs=true frames=true
[Architectury Transformer DEBUG] Writing com/beigu/yunbeiuc/screen/SignGuideIntersectionAdvanceWarning6Screen with maxs=true frames=true
[Architectury Transformer DEBUG] Writing com/beigu/yunbeiuc/screen/SignExpresswayEntranceAdvance1Screen$ExpresswayConsumer with maxs=true frames=true
[Architectury Transformer DEBUG] Writing com/beigu/yunbeiuc/screen/ZonesBoardImageScreen$ImageListWidget with maxs=true frames=true
[Architectury Transformer DEBUG] Writing com/beigu/yunbeiuc/screen/SignExpresswayEntranceAdvance4Screen$ExpresswayConsumer with maxs=true frames=true
[Architectury Transformer DEBUG] Writing com/beigu/yunbeiuc/screen/ZonesBoardTimeRange1Screen with maxs=true frames=true
[Architectury Transformer DEBUG] Writing com/beigu/yunbeiuc/screen/ZonesBoardTimeRange2Screen with maxs=true frames=true
[Architectury Transformer DEBUG] Writing com/beigu/yunbeiuc/screen/FlagSelectionScreen$FlagListWidget$Entry with maxs=true frames=true
[Architectury Transformer DEBUG] Writing com/beigu/yunbeiuc/screen/SignGuideIntersectionAdvanceWarning5Screen with maxs=true frames=true
[Architectury Transformer DEBUG] Writing com/beigu/yunbeiuc/screen/SignExpresswayDirection3Screen with maxs=true frames=true
[Architectury Transformer DEBUG] Writing com/beigu/yunbeiuc/screen/ZonesBoardImageScreen$ImageOption with maxs=true frames=true
[Architectury Transformer DEBUG] Writing com/beigu/yunbeiuc/screen/SignExpresswayEntranceAdvance4Screen with maxs=true frames=true
[Architectury Transformer DEBUG] Writing com/beigu/yunbeiuc/screen/ZonesBoardImageScreen$1 with maxs=true frames=true
[Architectury Transformer DEBUG] Writing com/beigu/yunbeiuc/screen/SignExpresswayExit8Screen$DirectionConsumer with maxs=true frames=true
[Architectury Transformer DEBUG] Writing com/beigu/yunbeiuc/screen/FlagSelectionScreen$FlagListWidget with maxs=true frames=true
[Architectury Transformer DEBUG] Writing com/beigu/yunbeiuc/screen/SignGuideLaneIndicator1Screen with maxs=true frames=true
[Architectury Transformer DEBUG] Writing com/beigu/yunbeiuc/screen/SignGuideIntersectionWarning4Screen with maxs=true frames=true
[Architectury Transformer DEBUG] Writing com/beigu/yunbeiuc/screen/SignExpresswayEntranceAdvance13Screen with maxs=true frames=true
[Architectury Transformer DEBUG] Writing com/beigu/yunbeiuc/screen/TrafficLightsScreen$DirectionListWidget with maxs=true frames=true
[Architectury Transformer DEBUG] Writing com/beigu/yunbeiuc/screen/SignGuideIntersectionAdvanceWarning7Screen$DirectionConsumer with maxs=true frames=true
[Architectury Transformer DEBUG] Writing com/beigu/yunbeiuc/screen/SignGuideIntersectionWarning1Screen with maxs=true frames=true
[Architectury Transformer DEBUG] Writing com/beigu/yunbeiuc/screen/SignGuideIntersectionAdvanceWarning7Screen with maxs=true frames=true
[Architectury Transformer DEBUG] Writing com/beigu/yunbeiuc/screen/SignExpresswayDirection5Screen with maxs=true frames=true
[Architectury Transformer DEBUG] Writing com/beigu/yunbeiuc/screen/SignGuideConfirmation1Screen with maxs=true frames=true
[Architectury Transformer DEBUG] Writing com/beigu/yunbeiuc/screen/SignGuideIntersectionAdvanceWarning3Screen with maxs=true frames=true
[Architectury Transformer DEBUG] Writing com/beigu/yunbeiuc/screen/SignExpresswayEntranceAdvance10Screen$ExpresswayConsumer with maxs=true frames=true
[Architectury Transformer DEBUG] Writing com/beigu/yunbeiuc/screen/SignGuideIntersectionAdvanceWarning1Screen with maxs=true frames=true
[Architectury Transformer DEBUG] Writing com/beigu/yunbeiuc/screen/SignExpresswayEntranceAdvance1Screen with maxs=true frames=true
[Architectury Transformer DEBUG] Writing com/beigu/yunbeiuc/screen/ZonesBoardImageScreen with maxs=true frames=true
[Architectury Transformer DEBUG] Writing com/beigu/yunbeiuc/screen/TrafficLightsScreen$DirectionOption with maxs=true frames=true
[Architectury Transformer DEBUG] Writing com/beigu/yunbeiuc/screen/SignExpresswayExit8Screen with maxs=true frames=true
[Architectury Transformer DEBUG] Writing com/beigu/yunbeiuc/screen/SignGuideRoadsideFacilityOverloadCheckpoint1Screen$UnitConsumer with maxs=true frames=true
[Architectury Transformer DEBUG] Writing com/beigu/yunbeiuc/screen/TrafficLightsScreen$DirectionListWidget$Entry with maxs=true frames=true
[Architectury Transformer DEBUG] Writing com/beigu/yunbeiuc/screen/ZonesBoardImageScreen$ImageListWidget$Entry with maxs=true frames=true
[Architectury Transformer DEBUG] Writing com/beigu/yunbeiuc/screen/SignGuideIntersectionAdvanceWarning1WuhanScreen with maxs=true frames=true
[Architectury Transformer DEBUG] Writing com/beigu/yunbeiuc/screen/RoadNameSignScreen with maxs=true frames=true
[Architectury Transformer DEBUG] Writing com/beigu/yunbeiuc/screen/SignExpresswayDirection3Screen$ExpresswayConsumer with maxs=true frames=true
[Architectury Transformer DEBUG] Writing com/beigu/yunbeiuc/screen/FlagSelectionScreen with maxs=true frames=true
[Architectury Transformer DEBUG] Writing com/beigu/yunbeiuc/screen/RoadPoleTextDisplayScreen with maxs=true frames=true
[Architectury Transformer DEBUG] Writing com/beigu/yunbeiuc/screen/TrafficLightsScreen with maxs=true frames=true
[Architectury Transformer DEBUG] Writing com/beigu/yunbeiuc/screen/TrafficLightsScreen$1 with maxs=true frames=true
[Architectury Transformer DEBUG] Writing com/beigu/yunbeiuc/screen/ValueAdjustButton with maxs=true frames=true
[Architectury Transformer DEBUG] Writing com/beigu/yunbeiuc/screen/FlagSelectionScreen$FlagOption with maxs=true frames=true
[Architectury Transformer DEBUG] Writing com/beigu/yunbeiuc/screen/SignExpresswayDirection5Screen$ExpresswayConsumer with maxs=true frames=true
[Architectury Transformer DEBUG] Writing com/beigu/yunbeiuc/screen/SignExpresswayDirection5Screen$DirectionConsumer with maxs=true frames=true
[Architectury Transformer DEBUG] Checking whether /yunbeiuc.mixins.json is a mixin config.
[Architectury Transformer DEBUG] Checking whether /yunbeiuc.mixins.json is a mixin config.
[Architectury Transformer DEBUG] Remapping refmap from intermediary to srg: yunbeiuc-forge-forge-refmap.json
[Architectury Transformer DEBUG] Closed File Systems for C:\Users\Beigu\AppData\Local\Temp\3795963081773023710.jar
[Architectury Transformer] Listening at D:\yunbeiurbanconstruction-template\common\build\devlibs\yunbeiuc-common-1.0.0-26w28a-dev.jar
[Architectury Transformer DEBUG] Temporary jar [C:\Users\Beigu\AppData\Local\Temp\3795963081773023710.jar] contains packages: com.beigu.yunbeiuc.render.font, com.beigu.yunbeiuc.render, com.beigu.yunbeiuc.block.custom.sign, com.beigu.yunbeiuc.entity, com.beigu.yunbeiuc.block, com.beigu.yunbeiuc.block.custom.rubbish, com.beigu.yunbeiuc.block.custom.barrier, com.beigu.yunbeiuc.block.custom.guardrail, com.beigu.yunbeiuc.block.custom.island, com.beigu.yunbeiuc.block.custom.railings, com.beigu.yunbeiuc.block.custom.pole, com.beigu.yunbeiuc.render.json, com.beigu.yunbeiuc.screen, com.beigu.yunbeiuc.block.custom.instrument, com.beigu.yunbeiuc.network, com.beigu.yunbeiuc.block.custom.sound, com.beigu.yunbeiuc, com.beigu.yunbeiuc.block.custom.road, com.beigu.yunbeiuc.block.custom.gantry, com.beigu.yunbeiuc.item.custom, com.beigu.yunbeiuc.block.custom.anti, com.beigu.yunbeiuc.block.custom.box, com.beigu.yunbeiuc.block.custom, com.beigu.yunbeiuc.block.custom.waring, com.beigu.yunbeiuc.item, com.beigu.yunbeiuc.block.custom.gate
[Architectury Transformer DEBUG] Closed File Systems for D:\yunbeiurbanconstruction-template\common\build\devlibs\yunbeiuc-common-1.0.0-26w28a-dev.jar
[Architectury Transformer DEBUG] Classpath entry [D:\yunbeiurbanconstruction-template\forge\build\classes\java\main] contains packages: com.beigu.yunbeiuc.forge, com.beigu.yunbeiuc.forge.client
[Architectury Transformer DEBUG] Classpath entry [D:\yunbeiurbanconstruction-template\forge\build\resources\main] contains packages: 
[Architectury Transformer DEBUG] Transforming from com/beigu/yunbeiuc/YunbeiUrbanConstruction.class to com/beigu/yunbeiuc/YunbeiUrbanConstruction.class with 8 transformer(s) on dev.architectury.transformer.handler.TinyRemapperPreparedTransformerHandler
[Architectury Transformer DEBUG] Remapping with 1 mapping provider(s):
[Architectury Transformer DEBUG]  - dev.architectury.transformer.transformers.TransformForgeEnvironment$$Lambda/0x000002499b08e850@2bdcfcf
[Architectury Transformer DEBUG] Remapping with Dirty Mappings...
[Architectury Transformer DEBUG] Remapping Classes:
[Architectury Transformer DEBUG] net/fabricmc/api/EnvType -> net/minecraftforge/api/distmarker/Dist
[Architectury Transformer DEBUG] net/fabricmc/api/Environment -> net/minecraftforge/api/distmarker/OnlyIn
[Architectury Transformer DEBUG] Found class transformer
[Architectury Transformer DEBUG] Writing com/beigu/yunbeiuc/YunbeiUrbanConstruction with maxs=true frames=true
[Architectury Transformer DEBUG] Remapping refmap from intermediary to srg: yunbeiuc-forge-forge-refmap.json
[Architectury Transformer DEBUG] Transformed com/beigu/yunbeiuc/YunbeiUrbanConstruction in 549.2 ms
[Architectury Transformer DEBUG] Transforming from com/beigu/yunbeiuc/block/MunicipalBlocks.class to com/beigu/yunbeiuc/block/MunicipalBlocks.class with 8 transformer(s) on dev.architectury.transformer.handler.TinyRemapperPreparedTransformerHandler
[Architectury Transformer DEBUG] Remapping with 1 mapping provider(s):
[Architectury Transformer DEBUG]  - dev.architectury.transformer.transformers.TransformForgeEnvironment$$Lambda/0x000002499b08e850@2bdcfcf
[Architectury Transformer DEBUG] Remapping Classes:
[Architectury Transformer DEBUG] net/fabricmc/api/EnvType -> net/minecraftforge/api/distmarker/Dist
[Architectury Transformer DEBUG] net/fabricmc/api/Environment -> net/minecraftforge/api/distmarker/OnlyIn
[Architectury Transformer DEBUG] Found class transformer
[Architectury Transformer DEBUG] Writing com/beigu/yunbeiuc/block/MunicipalBlocks with maxs=true frames=true
[Architectury Transformer DEBUG] Remapping refmap from intermediary to srg: yunbeiuc-forge-forge-refmap.json
[Architectury Transformer DEBUG] Transformed com/beigu/yunbeiuc/block/MunicipalBlocks in 87.65 ms
[Architectury Transformer DEBUG] Transforming from com/beigu/yunbeiuc/block/custom/TrafficCone.class to com/beigu/yunbeiuc/block/custom/TrafficCone.class with 8 transformer(s) on dev.architectury.transformer.handler.TinyRemapperPreparedTransformerHandler
[Architectury Transformer DEBUG] Remapping with 1 mapping provider(s):
[Architectury Transformer DEBUG]  - dev.architectury.transformer.transformers.TransformForgeEnvironment$$Lambda/0x000002499b08e850@2bdcfcf
[Architectury Transformer DEBUG] Remapping Classes:
[Architectury Transformer DEBUG] net/fabricmc/api/EnvType -> net/minecraftforge/api/distmarker/Dist
[Architectury Transformer DEBUG] net/fabricmc/api/Environment -> net/minecraftforge/api/distmarker/OnlyIn
[Architectury Transformer DEBUG] Found class transformer
[Architectury Transformer DEBUG] Writing com/beigu/yunbeiuc/block/custom/TrafficCone with maxs=true frames=true
[Architectury Transformer DEBUG] Remapping refmap from intermediary to srg: yunbeiuc-forge-forge-refmap.json
[Architectury Transformer DEBUG] Transformed com/beigu/yunbeiuc/block/custom/TrafficCone in 74.36 ms
[Architectury Transformer DEBUG] Transforming from com/beigu/yunbeiuc/block/custom/TrafficLightsBlock.class to com/beigu/yunbeiuc/block/custom/TrafficLightsBlock.class with 8 transformer(s) on dev.architectury.transformer.handler.TinyRemapperPreparedTransformerHandler
[Architectury Transformer DEBUG] Remapping with 1 mapping provider(s):
[Architectury Transformer DEBUG]  - dev.architectury.transformer.transformers.TransformForgeEnvironment$$Lambda/0x000002499b08e850@2bdcfcf
[Architectury Transformer DEBUG] Remapping Classes:
[Architectury Transformer DEBUG] net/fabricmc/api/EnvType -> net/minecraftforge/api/distmarker/Dist
[Architectury Transformer DEBUG] net/fabricmc/api/Environment -> net/minecraftforge/api/distmarker/OnlyIn
[Architectury Transformer DEBUG] Found class transformer
[Architectury Transformer DEBUG] Writing com/beigu/yunbeiuc/block/custom/TrafficLightsBlock with maxs=true frames=true
[Architectury Transformer DEBUG] Remapping refmap from intermediary to srg: yunbeiuc-forge-forge-refmap.json
[Architectury Transformer DEBUG] Transformed com/beigu/yunbeiuc/block/custom/TrafficLightsBlock in 44.03 ms
[Architectury Transformer DEBUG] Transforming from com/beigu/yunbeiuc/block/custom/ParkingSpaceBarrier.class to com/beigu/yunbeiuc/block/custom/ParkingSpaceBarrier.class with 8 transformer(s) on dev.architectury.transformer.handler.TinyRemapperPreparedTransformerHandler
[Architectury Transformer DEBUG] Remapping with 1 mapping provider(s):
[Architectury Transformer DEBUG]  - dev.architectury.transformer.transformers.TransformForgeEnvironment$$Lambda/0x000002499b08e850@2bdcfcf
[Architectury Transformer DEBUG] Remapping Classes:
[Architectury Transformer DEBUG] net/fabricmc/api/EnvType -> net/minecraftforge/api/distmarker/Dist
[Architectury Transformer DEBUG] net/fabricmc/api/Environment -> net/minecraftforge/api/distmarker/OnlyIn
[Architectury Transformer DEBUG] Found class transformer
[Architectury Transformer DEBUG] Writing com/beigu/yunbeiuc/block/custom/ParkingSpaceBarrier with maxs=true frames=true
[Architectury Transformer DEBUG] Remapping refmap from intermediary to srg: yunbeiuc-forge-forge-refmap.json
[Architectury Transformer DEBUG] Transformed com/beigu/yunbeiuc/block/custom/ParkingSpaceBarrier in 66.50 ms
[Architectury Transformer DEBUG] Transforming from com/beigu/yunbeiuc/block/custom/SpeedBump.class to com/beigu/yunbeiuc/block/custom/SpeedBump.class with 8 transformer(s) on dev.architectury.transformer.handler.TinyRemapperPreparedTransformerHandler
[Architectury Transformer DEBUG] Remapping with 1 mapping provider(s):
[Architectury Transformer DEBUG]  - dev.architectury.transformer.transformers.TransformForgeEnvironment$$Lambda/0x000002499b08e850@2bdcfcf
[Architectury Transformer DEBUG] Remapping Classes:
[Architectury Transformer DEBUG] net/fabricmc/api/EnvType -> net/minecraftforge/api/distmarker/Dist
[Architectury Transformer DEBUG] net/fabricmc/api/Environment -> net/minecraftforge/api/distmarker/OnlyIn
[Architectury Transformer DEBUG] Found class transformer
[Architectury Transformer DEBUG] Writing com/beigu/yunbeiuc/block/custom/SpeedBump with maxs=true frames=true
[Architectury Transformer DEBUG] Remapping refmap from intermediary to srg: yunbeiuc-forge-forge-refmap.json
[Architectury Transformer DEBUG] Transformed com/beigu/yunbeiuc/block/custom/SpeedBump in 245.5 ms
[Architectury Transformer DEBUG] Transforming from com/beigu/yunbeiuc/block/custom/RoadCollisionBarrel.class to com/beigu/yunbeiuc/block/custom/RoadCollisionBarrel.class with 8 transformer(s) on dev.architectury.transformer.handler.TinyRemapperPreparedTransformerHandler
[Architectury Transformer DEBUG] Remapping with 1 mapping provider(s):
[Architectury Transformer DEBUG]  - dev.architectury.transformer.transformers.TransformForgeEnvironment$$Lambda/0x000002499b08e850@2bdcfcf
[Architectury Transformer DEBUG] Remapping Classes:
[Architectury Transformer DEBUG] net/fabricmc/api/EnvType -> net/minecraftforge/api/distmarker/Dist
[Architectury Transformer DEBUG] net/fabricmc/api/Environment -> net/minecraftforge/api/distmarker/OnlyIn
[Architectury Transformer DEBUG] Found class transformer
[Architectury Transformer DEBUG] Writing com/beigu/yunbeiuc/block/custom/RoadCollisionBarrel with maxs=true frames=true
[Architectury Transformer DEBUG] Remapping refmap from intermediary to srg: yunbeiuc-forge-forge-refmap.json
[Architectury Transformer DEBUG] Transformed com/beigu/yunbeiuc/block/custom/RoadCollisionBarrel in 41.36 ms
[Architectury Transformer DEBUG] Transforming from com/beigu/yunbeiuc/block/custom/gantry/GantryFrameRailing.class to com/beigu/yunbeiuc/block/custom/gantry/GantryFrameRailing.class with 8 transformer(s) on dev.architectury.transformer.handler.TinyRemapperPreparedTransformerHandler
[Architectury Transformer DEBUG] Remapping with 1 mapping provider(s):
[Architectury Transformer DEBUG]  - dev.architectury.transformer.transformers.TransformForgeEnvironment$$Lambda/0x000002499b08e850@2bdcfcf
[Architectury Transformer DEBUG] Remapping Classes:
[Architectury Transformer DEBUG] net/fabricmc/api/EnvType -> net/minecraftforge/api/distmarker/Dist
[Architectury Transformer DEBUG] net/fabricmc/api/Environment -> net/minecraftforge/api/distmarker/OnlyIn
[Architectury Transformer DEBUG] Found class transformer
[Architectury Transformer DEBUG] Writing com/beigu/yunbeiuc/block/custom/gantry/GantryFrameRailing with maxs=true frames=true
[Architectury Transformer DEBUG] Remapping refmap from intermediary to srg: yunbeiuc-forge-forge-refmap.json
[Architectury Transformer DEBUG] Transformed com/beigu/yunbeiuc/block/custom/gantry/GantryFrameRailing in 83.87 ms
[Architectury Transformer DEBUG] Transforming from com/beigu/yunbeiuc/block/custom/gantry/GantryFrameMain.class to com/beigu/yunbeiuc/block/custom/gantry/GantryFrameMain.class with 8 transformer(s) on dev.architectury.transformer.handler.TinyRemapperPreparedTransformerHandler
[Architectury Transformer DEBUG] Remapping with 1 mapping provider(s):
[Architectury Transformer DEBUG]  - dev.architectury.transformer.transformers.TransformForgeEnvironment$$Lambda/0x000002499b08e850@2bdcfcf
[Architectury Transformer DEBUG] Remapping Classes:
[Architectury Transformer DEBUG] net/fabricmc/api/EnvType -> net/minecraftforge/api/distmarker/Dist
[Architectury Transformer DEBUG] net/fabricmc/api/Environment -> net/minecraftforge/api/distmarker/OnlyIn
[Architectury Transformer DEBUG] Found class transformer
[Architectury Transformer DEBUG] Writing com/beigu/yunbeiuc/block/custom/gantry/GantryFrameMain with maxs=true frames=true
[Architectury Transformer DEBUG] Remapping refmap from intermediary to srg: yunbeiuc-forge-forge-refmap.json
[Architectury Transformer DEBUG] Transformed com/beigu/yunbeiuc/block/custom/gantry/GantryFrameMain in 45.02 ms
[Architectury Transformer DEBUG] Transforming from com/beigu/yunbeiuc/block/custom/anti/AntiGlareNetPole.class to com/beigu/yunbeiuc/block/custom/anti/AntiGlareNetPole.class with 8 transformer(s) on dev.architectury.transformer.handler.TinyRemapperPreparedTransformerHandler
[Architectury Transformer DEBUG] Remapping with 1 mapping provider(s):
[Architectury Transformer DEBUG]  - dev.architectury.transformer.transformers.TransformForgeEnvironment$$Lambda/0x000002499b08e850@2bdcfcf
[Architectury Transformer DEBUG] Remapping Classes:
[Architectury Transformer DEBUG] net/fabricmc/api/EnvType -> net/minecraftforge/api/distmarker/Dist
[Architectury Transformer DEBUG] net/fabricmc/api/Environment -> net/minecraftforge/api/distmarker/OnlyIn
[Architectury Transformer DEBUG] Found class transformer
[Architectury Transformer DEBUG] Writing com/beigu/yunbeiuc/block/custom/anti/AntiGlareNetPole with maxs=true frames=true
[Architectury Transformer DEBUG] Remapping refmap from intermediary to srg: yunbeiuc-forge-forge-refmap.json
[Architectury Transformer DEBUG] Transformed com/beigu/yunbeiuc/block/custom/anti/AntiGlareNetPole in 64.63 ms
[Architectury Transformer DEBUG] Transforming from com/beigu/yunbeiuc/block/custom/waring/WarningNetworkPole.class to com/beigu/yunbeiuc/block/custom/waring/WarningNetworkPole.class with 8 transformer(s) on dev.architectury.transformer.handler.TinyRemapperPreparedTransformerHandler
[Architectury Transformer DEBUG] Remapping with 1 mapping provider(s):
[Architectury Transformer DEBUG]  - dev.architectury.transformer.transformers.TransformForgeEnvironment$$Lambda/0x000002499b08e850@2bdcfcf
[Architectury Transformer DEBUG] Remapping Classes:
[Architectury Transformer DEBUG] net/fabricmc/api/EnvType -> net/minecraftforge/api/distmarker/Dist
[Architectury Transformer DEBUG] net/fabricmc/api/Environment -> net/minecraftforge/api/distmarker/OnlyIn
[Architectury Transformer DEBUG] Found class transformer
[Architectury Transformer DEBUG] Writing com/beigu/yunbeiuc/block/custom/waring/WarningNetworkPole with maxs=true frames=true
[Architectury Transformer DEBUG] Remapping refmap from intermediary to srg: yunbeiuc-forge-forge-refmap.json
[Architectury Transformer DEBUG] Transformed com/beigu/yunbeiuc/block/custom/waring/WarningNetworkPole in 103.7 ms
[Architectury Transformer DEBUG] Transforming from com/beigu/yunbeiuc/block/custom/anti/AntiGlareNet.class to com/beigu/yunbeiuc/block/custom/anti/AntiGlareNet.class with 8 transformer(s) on dev.architectury.transformer.handler.TinyRemapperPreparedTransformerHandler
[Architectury Transformer DEBUG] Remapping with 1 mapping provider(s):
[Architectury Transformer DEBUG]  - dev.architectury.transformer.transformers.TransformForgeEnvironment$$Lambda/0x000002499b08e850@2bdcfcf
[Architectury Transformer DEBUG] Remapping Classes:
[Architectury Transformer DEBUG] net/fabricmc/api/EnvType -> net/minecraftforge/api/distmarker/Dist
[Architectury Transformer DEBUG] net/fabricmc/api/Environment -> net/minecraftforge/api/distmarker/OnlyIn
[Architectury Transformer DEBUG] Found class transformer
[Architectury Transformer DEBUG] Writing com/beigu/yunbeiuc/block/custom/anti/AntiGlareNet with maxs=true frames=true
[Architectury Transformer DEBUG] Remapping refmap from intermediary to srg: yunbeiuc-forge-forge-refmap.json
[Architectury Transformer DEBUG] Transformed com/beigu/yunbeiuc/block/custom/anti/AntiGlareNet in 60.43 ms
[Architectury Transformer DEBUG] Transforming from com/beigu/yunbeiuc/block/custom/gantry/GantryFrameSide.class to com/beigu/yunbeiuc/block/custom/gantry/GantryFrameSide.class with 8 transformer(s) on dev.architectury.transformer.handler.TinyRemapperPreparedTransformerHandler
[Architectury Transformer DEBUG] Remapping with 1 mapping provider(s):
[Architectury Transformer DEBUG]  - dev.architectury.transformer.transformers.TransformForgeEnvironment$$Lambda/0x000002499b08e850@2bdcfcf
[Architectury Transformer DEBUG] Remapping Classes:
[Architectury Transformer DEBUG] net/fabricmc/api/EnvType -> net/minecraftforge/api/distmarker/Dist
[Architectury Transformer DEBUG] net/fabricmc/api/Environment -> net/minecraftforge/api/distmarker/OnlyIn
[Architectury Transformer DEBUG] Found class transformer
[Architectury Transformer DEBUG] Writing com/beigu/yunbeiuc/block/custom/gantry/GantryFrameSide with maxs=true frames=true
[Architectury Transformer DEBUG] Remapping refmap from intermediary to srg: yunbeiuc-forge-forge-refmap.json
[Architectury Transformer DEBUG] Transformed com/beigu/yunbeiuc/block/custom/gantry/GantryFrameSide in 44.86 ms
[Architectury Transformer DEBUG] Transforming from com/beigu/yunbeiuc/block/custom/gantry/GantryFrameLedSide.class to com/beigu/yunbeiuc/block/custom/gantry/GantryFrameLedSide.class with 8 transformer(s) on dev.architectury.transformer.handler.TinyRemapperPreparedTransformerHandler
[Architectury Transformer DEBUG] Remapping with 1 mapping provider(s):
[Architectury Transformer DEBUG]  - dev.architectury.transformer.transformers.TransformForgeEnvironment$$Lambda/0x000002499b08e850@2bdcfcf
[Architectury Transformer DEBUG] Remapping Classes:
[Architectury Transformer DEBUG] net/fabricmc/api/EnvType -> net/minecraftforge/api/distmarker/Dist
[Architectury Transformer DEBUG] net/fabricmc/api/Environment -> net/minecraftforge/api/distmarker/OnlyIn
[Architectury Transformer DEBUG] Found class transformer
[Architectury Transformer DEBUG] Writing com/beigu/yunbeiuc/block/custom/gantry/GantryFrameLedSide with maxs=true frames=true
[Architectury Transformer DEBUG] Remapping refmap from intermediary to srg: yunbeiuc-forge-forge-refmap.json
[Architectury Transformer DEBUG] Transformed com/beigu/yunbeiuc/block/custom/gantry/GantryFrameLedSide in 36.98 ms
[Architectury Transformer DEBUG] Transforming from com/beigu/yunbeiuc/block/custom/gantry/GantryFrameRadarSpeedDetector.class to com/beigu/yunbeiuc/block/custom/gantry/GantryFrameRadarSpeedDetector.class with 8 transformer(s) on dev.architectury.transformer.handler.TinyRemapperPreparedTransformerHandler
[Architectury Transformer DEBUG] Remapping with 1 mapping provider(s):
[Architectury Transformer DEBUG]  - dev.architectury.transformer.transformers.TransformForgeEnvironment$$Lambda/0x000002499b08e850@2bdcfcf
[Architectury Transformer DEBUG] Remapping Classes:
[Architectury Transformer DEBUG] net/fabricmc/api/EnvType -> net/minecraftforge/api/distmarker/Dist
[Architectury Transformer DEBUG] net/fabricmc/api/Environment -> net/minecraftforge/api/distmarker/OnlyIn
[Architectury Transformer DEBUG] Found class transformer
[Architectury Transformer DEBUG] Writing com/beigu/yunbeiuc/block/custom/gantry/GantryFrameRadarSpeedDetector with maxs=true frames=true
[Architectury Transformer DEBUG] Remapping refmap from intermediary to srg: yunbeiuc-forge-forge-refmap.json
[Architectury Transformer DEBUG] Transformed com/beigu/yunbeiuc/block/custom/gantry/GantryFrameRadarSpeedDetector in 49.91 ms
[Architectury Transformer DEBUG] Transforming from com/beigu/yunbeiuc/block/custom/anti/AntiGlareVersion.class to com/beigu/yunbeiuc/block/custom/anti/AntiGlareVersion.class with 8 transformer(s) on dev.architectury.transformer.handler.TinyRemapperPreparedTransformerHandler
[Architectury Transformer DEBUG] Remapping with 1 mapping provider(s):
[Architectury Transformer DEBUG]  - dev.architectury.transformer.transformers.TransformForgeEnvironment$$Lambda/0x000002499b08e850@2bdcfcf
[Architectury Transformer DEBUG] Remapping Classes:
[Architectury Transformer DEBUG] net/fabricmc/api/EnvType -> net/minecraftforge/api/distmarker/Dist
[Architectury Transformer DEBUG] net/fabricmc/api/Environment -> net/minecraftforge/api/distmarker/OnlyIn
[Architectury Transformer DEBUG] Found class transformer
[Architectury Transformer DEBUG] Writing com/beigu/yunbeiuc/block/custom/anti/AntiGlareVersion with maxs=true frames=true
[Architectury Transformer DEBUG] Remapping refmap from intermediary to srg: yunbeiuc-forge-forge-refmap.json
[Architectury Transformer DEBUG] Transformed com/beigu/yunbeiuc/block/custom/anti/AntiGlareVersion in 41.72 ms
[Architectury Transformer DEBUG] Transforming from com/beigu/yunbeiuc/block/custom/gantry/GantryFrameLightingLamp.class to com/beigu/yunbeiuc/block/custom/gantry/GantryFrameLightingLamp.class with 8 transformer(s) on dev.architectury.transformer.handler.TinyRemapperPreparedTransformerHandler
[Architectury Transformer DEBUG] Remapping with 1 mapping provider(s):
[Architectury Transformer DEBUG]  - dev.architectury.transformer.transformers.TransformForgeEnvironment$$Lambda/0x000002499b08e850@2bdcfcf
[Architectury Transformer DEBUG] Remapping Classes:
[Architectury Transformer DEBUG] net/fabricmc/api/EnvType -> net/minecraftforge/api/distmarker/Dist
[Architectury Transformer DEBUG] net/fabricmc/api/Environment -> net/minecraftforge/api/distmarker/OnlyIn
[Architectury Transformer DEBUG] Found class transformer
[Architectury Transformer DEBUG] Writing com/beigu/yunbeiuc/block/custom/gantry/GantryFrameLightingLamp with maxs=true frames=true
[Architectury Transformer DEBUG] Remapping refmap from intermediary to srg: yunbeiuc-forge-forge-refmap.json
[Architectury Transformer DEBUG] Transformed com/beigu/yunbeiuc/block/custom/gantry/GantryFrameLightingLamp in 31.81 ms
[Architectury Transformer DEBUG] Transforming from com/beigu/yunbeiuc/block/custom/gantry/GantryFrameLed.class to com/beigu/yunbeiuc/block/custom/gantry/GantryFrameLed.class with 8 transformer(s) on dev.architectury.transformer.handler.TinyRemapperPreparedTransformerHandler
[Architectury Transformer DEBUG] Remapping with 1 mapping provider(s):
[Architectury Transformer DEBUG]  - dev.architectury.transformer.transformers.TransformForgeEnvironment$$Lambda/0x000002499b08e850@2bdcfcf
[Architectury Transformer DEBUG] Remapping Classes:
[Architectury Transformer DEBUG] net/fabricmc/api/EnvType -> net/minecraftforge/api/distmarker/Dist
[Architectury Transformer DEBUG] net/fabricmc/api/Environment -> net/minecraftforge/api/distmarker/OnlyIn
[Architectury Transformer DEBUG] Found class transformer
[Architectury Transformer DEBUG] Writing com/beigu/yunbeiuc/block/custom/gantry/GantryFrameLed with maxs=true frames=true
[Architectury Transformer DEBUG] Remapping refmap from intermediary to srg: yunbeiuc-forge-forge-refmap.json
[Architectury Transformer DEBUG] Transformed com/beigu/yunbeiuc/block/custom/gantry/GantryFrameLed in 51.51 ms
[Architectury Transformer DEBUG] Transforming from com/beigu/yunbeiuc/block/custom/waring/WarningNetwork.class to com/beigu/yunbeiuc/block/custom/waring/WarningNetwork.class with 8 transformer(s) on dev.architectury.transformer.handler.TinyRemapperPreparedTransformerHandler
[Architectury Transformer DEBUG] Remapping with 1 mapping provider(s):
[Architectury Transformer DEBUG]  - dev.architectury.transformer.transformers.TransformForgeEnvironment$$Lambda/0x000002499b08e850@2bdcfcf
[Architectury Transformer DEBUG] Remapping Classes:
[Architectury Transformer DEBUG] net/fabricmc/api/EnvType -> net/minecraftforge/api/distmarker/Dist
[Architectury Transformer DEBUG] net/fabricmc/api/Environment -> net/minecraftforge/api/distmarker/OnlyIn
[Architectury Transformer DEBUG] Found class transformer
[Architectury Transformer DEBUG] Writing com/beigu/yunbeiuc/block/custom/waring/WarningNetwork with maxs=true frames=true
[Architectury Transformer DEBUG] Remapping refmap from intermediary to srg: yunbeiuc-forge-forge-refmap.json
[Architectury Transformer DEBUG] Transformed com/beigu/yunbeiuc/block/custom/waring/WarningNetwork in 44.11 ms
[Architectury Transformer DEBUG] Transforming from com/beigu/yunbeiuc/block/custom/gantry/GantryFrameDetectionCamera.class to com/beigu/yunbeiuc/block/custom/gantry/GantryFrameDetectionCamera.class with 8 transformer(s) on dev.architectury.transformer.handler.TinyRemapperPreparedTransformerHandler
[Architectury Transformer DEBUG] Remapping with 1 mapping provider(s):
[Architectury Transformer DEBUG]  - dev.architectury.transformer.transformers.TransformForgeEnvironment$$Lambda/0x000002499b08e850@2bdcfcf
[Architectury Transformer DEBUG] Remapping Classes:
[Architectury Transformer DEBUG] net/fabricmc/api/EnvType -> net/minecraftforge/api/distmarker/Dist
[Architectury Transformer DEBUG] net/fabricmc/api/Environment -> net/minecraftforge/api/distmarker/OnlyIn
[Architectury Transformer DEBUG] Found class transformer
[Architectury Transformer DEBUG] Writing com/beigu/yunbeiuc/block/custom/gantry/GantryFrameDetectionCamera with maxs=true frames=true
[Architectury Transformer DEBUG] Remapping refmap from intermediary to srg: yunbeiuc-forge-forge-refmap.json
[Architectury Transformer DEBUG] Transformed com/beigu/yunbeiuc/block/custom/gantry/GantryFrameDetectionCamera in 34.31 ms
[Architectury Transformer DEBUG] Transforming from com/beigu/yunbeiuc/block/custom/gantry/GantryFrameLedMain.class to com/beigu/yunbeiuc/block/custom/gantry/GantryFrameLedMain.class with 8 transformer(s) on dev.architectury.transformer.handler.TinyRemapperPreparedTransformerHandler
[Architectury Transformer DEBUG] Remapping with 1 mapping provider(s):
[Architectury Transformer DEBUG]  - dev.architectury.transformer.transformers.TransformForgeEnvironment$$Lambda/0x000002499b08e850@2bdcfcf
[Architectury Transformer DEBUG] Remapping Classes:
[Architectury Transformer DEBUG] net/fabricmc/api/EnvType -> net/minecraftforge/api/distmarker/Dist
[Architectury Transformer DEBUG] net/fabricmc/api/Environment -> net/minecraftforge/api/distmarker/OnlyIn
[Architectury Transformer DEBUG] Found class transformer
[Architectury Transformer DEBUG] Writing com/beigu/yunbeiuc/block/custom/gantry/GantryFrameLedMain with maxs=true frames=true
[Architectury Transformer DEBUG] Remapping refmap from intermediary to srg: yunbeiuc-forge-forge-refmap.json
[Architectury Transformer DEBUG] Transformed com/beigu/yunbeiuc/block/custom/gantry/GantryFrameLedMain in 26.85 ms
[Architectury Transformer DEBUG] Transforming from com/beigu/yunbeiuc/block/custom/pole/RoadPoleFoundations.class to com/beigu/yunbeiuc/block/custom/pole/RoadPoleFoundations.class with 8 transformer(s) on dev.architectury.transformer.handler.TinyRemapperPreparedTransformerHandler
[Architectury Transformer DEBUG] Remapping with 1 mapping provider(s):
[Architectury Transformer DEBUG]  - dev.architectury.transformer.transformers.TransformForgeEnvironment$$Lambda/0x000002499b08e850@2bdcfcf
[Architectury Transformer DEBUG] Remapping Classes:
[Architectury Transformer DEBUG] net/fabricmc/api/EnvType -> net/minecraftforge/api/distmarker/Dist
[Architectury Transformer DEBUG] net/fabricmc/api/Environment -> net/minecraftforge/api/distmarker/OnlyIn
[Architectury Transformer DEBUG] Found class transformer
[Architectury Transformer DEBUG] Writing com/beigu/yunbeiuc/block/custom/pole/RoadPoleFoundations with maxs=true frames=true
[Architectury Transformer DEBUG] Remapping refmap from intermediary to srg: yunbeiuc-forge-forge-refmap.json
[Architectury Transformer DEBUG] Transformed com/beigu/yunbeiuc/block/custom/pole/RoadPoleFoundations in 27.28 ms
[Architectury Transformer DEBUG] Transforming from com/beigu/yunbeiuc/block/custom/pole/RoadPoleFoundationsSlab.class to com/beigu/yunbeiuc/block/custom/pole/RoadPoleFoundationsSlab.class with 8 transformer(s) on dev.architectury.transformer.handler.TinyRemapperPreparedTransformerHandler
[Architectury Transformer DEBUG] Remapping with 1 mapping provider(s):
[Architectury Transformer DEBUG]  - dev.architectury.transformer.transformers.TransformForgeEnvironment$$Lambda/0x000002499b08e850@2bdcfcf
[Architectury Transformer DEBUG] Remapping Classes:
[Architectury Transformer DEBUG] net/fabricmc/api/EnvType -> net/minecraftforge/api/distmarker/Dist
[Architectury Transformer DEBUG] net/fabricmc/api/Environment -> net/minecraftforge/api/distmarker/OnlyIn
[Architectury Transformer DEBUG] Found class transformer
[Architectury Transformer DEBUG] Writing com/beigu/yunbeiuc/block/custom/pole/RoadPoleFoundationsSlab with maxs=true frames=true
[Architectury Transformer DEBUG] Remapping refmap from intermediary to srg: yunbeiuc-forge-forge-refmap.json
[Architectury Transformer DEBUG] Transformed com/beigu/yunbeiuc/block/custom/pole/RoadPoleFoundationsSlab in 32.40 ms
[Architectury Transformer DEBUG] Transforming from com/beigu/yunbeiuc/block/custom/railings/RoadRailings.class to com/beigu/yunbeiuc/block/custom/railings/RoadRailings.class with 8 transformer(s) on dev.architectury.transformer.handler.TinyRemapperPreparedTransformerHandler
[Architectury Transformer DEBUG] Remapping with 1 mapping provider(s):
[Architectury Transformer DEBUG]  - dev.architectury.transformer.transformers.TransformForgeEnvironment$$Lambda/0x000002499b08e850@2bdcfcf
[Architectury Transformer DEBUG] Remapping Classes:
[Architectury Transformer DEBUG] net/fabricmc/api/EnvType -> net/minecraftforge/api/distmarker/Dist
[Architectury Transformer DEBUG] net/fabricmc/api/Environment -> net/minecraftforge/api/distmarker/OnlyIn
[Architectury Transformer DEBUG] Found class transformer
[Architectury Transformer DEBUG] Writing com/beigu/yunbeiuc/block/custom/railings/RoadRailings with maxs=true frames=true
[Architectury Transformer DEBUG] Remapping refmap from intermediary to srg: yunbeiuc-forge-forge-refmap.json
[Architectury Transformer DEBUG] Transformed com/beigu/yunbeiuc/block/custom/railings/RoadRailings in 93.20 ms
[Architectury Transformer DEBUG] Transforming from com/beigu/yunbeiuc/block/custom/railings/RoadRailingsOblique.class to com/beigu/yunbeiuc/block/custom/railings/RoadRailingsOblique.class with 8 transformer(s) on dev.architectury.transformer.handler.TinyRemapperPreparedTransformerHandler
[Architectury Transformer DEBUG] Remapping with 1 mapping provider(s):
[Architectury Transformer DEBUG]  - dev.architectury.transformer.transformers.TransformForgeEnvironment$$Lambda/0x000002499b08e850@2bdcfcf
[Architectury Transformer DEBUG] Remapping Classes:
[Architectury Transformer DEBUG] net/fabricmc/api/EnvType -> net/minecraftforge/api/distmarker/Dist
[Architectury Transformer DEBUG] net/fabricmc/api/Environment -> net/minecraftforge/api/distmarker/OnlyIn
[Architectury Transformer DEBUG] Found class transformer
[Architectury Transformer DEBUG] Writing com/beigu/yunbeiuc/block/custom/railings/RoadRailingsOblique with maxs=true frames=true
[Architectury Transformer DEBUG] Remapping refmap from intermediary to srg: yunbeiuc-forge-forge-refmap.json
[Architectury Transformer DEBUG] Transformed com/beigu/yunbeiuc/block/custom/railings/RoadRailingsOblique in 81.98 ms
[Architectury Transformer DEBUG] Transforming from com/beigu/yunbeiuc/block/custom/railings/RoadRailingsPole.class to com/beigu/yunbeiuc/block/custom/railings/RoadRailingsPole.class with 8 transformer(s) on dev.architectury.transformer.handler.TinyRemapperPreparedTransformerHandler
[Architectury Transformer DEBUG] Remapping with 1 mapping provider(s):
[Architectury Transformer DEBUG]  - dev.architectury.transformer.transformers.TransformForgeEnvironment$$Lambda/0x000002499b08e850@2bdcfcf
[Architectury Transformer DEBUG] Remapping Classes:
[Architectury Transformer DEBUG] net/fabricmc/api/EnvType -> net/minecraftforge/api/distmarker/Dist
[Architectury Transformer DEBUG] net/fabricmc/api/Environment -> net/minecraftforge/api/distmarker/OnlyIn
[Architectury Transformer DEBUG] Found class transformer
[Architectury Transformer DEBUG] Writing com/beigu/yunbeiuc/block/custom/railings/RoadRailingsPole with maxs=true frames=true
[Architectury Transformer DEBUG] Remapping refmap from intermediary to srg: yunbeiuc-forge-forge-refmap.json
[Architectury Transformer DEBUG] Transformed com/beigu/yunbeiuc/block/custom/railings/RoadRailingsPole in 687.6 ms
[Architectury Transformer DEBUG] Transforming from com/beigu/yunbeiuc/block/custom/instrument/InstrumentLaneIndicator.class to com/beigu/yunbeiuc/block/custom/instrument/InstrumentLaneIndicator.class with 8 transformer(s) on dev.architectury.transformer.handler.TinyRemapperPreparedTransformerHandler
[Architectury Transformer DEBUG] Remapping with 1 mapping provider(s):
[Architectury Transformer DEBUG]  - dev.architectury.transformer.transformers.TransformForgeEnvironment$$Lambda/0x000002499b08e850@2bdcfcf
[Architectury Transformer DEBUG] Remapping Classes:
[Architectury Transformer DEBUG] net/fabricmc/api/EnvType -> net/minecraftforge/api/distmarker/Dist
[Architectury Transformer DEBUG] net/fabricmc/api/Environment -> net/minecraftforge/api/distmarker/OnlyIn
[Architectury Transformer DEBUG] Found class transformer
[Architectury Transformer DEBUG] Writing com/beigu/yunbeiuc/block/custom/instrument/InstrumentLaneIndicator with maxs=true frames=true
[Architectury Transformer DEBUG] Remapping refmap from intermediary to srg: yunbeiuc-forge-forge-refmap.json
[Architectury Transformer DEBUG] Transformed com/beigu/yunbeiuc/block/custom/instrument/InstrumentLaneIndicator in 493.1 ms
[Architectury Transformer DEBUG] Transforming from com/beigu/yunbeiuc/block/custom/instrument/InstrumentCamera.class to com/beigu/yunbeiuc/block/custom/instrument/InstrumentCamera.class with 8 transformer(s) on dev.architectury.transformer.handler.TinyRemapperPreparedTransformerHandler
[Architectury Transformer DEBUG] Remapping with 1 mapping provider(s):
[Architectury Transformer DEBUG]  - dev.architectury.transformer.transformers.TransformForgeEnvironment$$Lambda/0x000002499b08e850@2bdcfcf
[Architectury Transformer DEBUG] Remapping Classes:
[Architectury Transformer DEBUG] net/fabricmc/api/EnvType -> net/minecraftforge/api/distmarker/Dist
[Architectury Transformer DEBUG] net/fabricmc/api/Environment -> net/minecraftforge/api/distmarker/OnlyIn
[Architectury Transformer DEBUG] Found class transformer
[Architectury Transformer DEBUG] Writing com/beigu/yunbeiuc/block/custom/instrument/InstrumentCamera with maxs=true frames=true
[Architectury Transformer DEBUG] Remapping refmap from intermediary to srg: yunbeiuc-forge-forge-refmap.json
[Architectury Transformer DEBUG] Transformed com/beigu/yunbeiuc/block/custom/instrument/InstrumentCamera in 231.8 ms
[Architectury Transformer DEBUG] Transforming from com/beigu/yunbeiuc/block/custom/instrument/InstrumentPoleFoundations.class to com/beigu/yunbeiuc/block/custom/instrument/InstrumentPoleFoundations.class with 8 transformer(s) on dev.architectury.transformer.handler.TinyRemapperPreparedTransformerHandler
[Architectury Transformer DEBUG] Remapping with 1 mapping provider(s):
[Architectury Transformer DEBUG]  - dev.architectury.transformer.transformers.TransformForgeEnvironment$$Lambda/0x000002499b08e850@2bdcfcf
[Architectury Transformer DEBUG] Remapping Classes:
[Architectury Transformer DEBUG] net/fabricmc/api/EnvType -> net/minecraftforge/api/distmarker/Dist
[Architectury Transformer DEBUG] net/fabricmc/api/Environment -> net/minecraftforge/api/distmarker/OnlyIn
[Architectury Transformer DEBUG] Found class transformer
[Architectury Transformer DEBUG] Writing com/beigu/yunbeiuc/block/custom/instrument/InstrumentPoleFoundations with maxs=true frames=true
[Architectury Transformer DEBUG] Remapping refmap from intermediary to srg: yunbeiuc-forge-forge-refmap.json
[Architectury Transformer DEBUG] Transformed com/beigu/yunbeiuc/block/custom/instrument/InstrumentPoleFoundations in 211.8 ms
[Architectury Transformer DEBUG] Transforming from com/beigu/yunbeiuc/block/custom/instrument/InstrumentPolelLongitudinal.class to com/beigu/yunbeiuc/block/custom/instrument/InstrumentPolelLongitudinal.class with 8 transformer(s) on dev.architectury.transformer.handler.TinyRemapperPreparedTransformerHandler
[Architectury Transformer DEBUG] Remapping with 1 mapping provider(s):
[Architectury Transformer DEBUG]  - dev.architectury.transformer.transformers.TransformForgeEnvironment$$Lambda/0x000002499b08e850@2bdcfcf
[Architectury Transformer DEBUG] Remapping Classes:
[Architectury Transformer DEBUG] net/fabricmc/api/EnvType -> net/minecraftforge/api/distmarker/Dist
[Architectury Transformer DEBUG] net/fabricmc/api/Environment -> net/minecraftforge/api/distmarker/OnlyIn
[Architectury Transformer DEBUG] Found class transformer
[Architectury Transformer DEBUG] Writing com/beigu/yunbeiuc/block/custom/instrument/InstrumentPolelLongitudinal with maxs=true frames=true
[Architectury Transformer DEBUG] Remapping refmap from intermediary to srg: yunbeiuc-forge-forge-refmap.json
[Architectury Transformer DEBUG] Transformed com/beigu/yunbeiuc/block/custom/instrument/InstrumentPolelLongitudinal in 179.7 ms
[Architectury Transformer DEBUG] Transforming from com/beigu/yunbeiuc/block/custom/RoadNameSignBlock.class to com/beigu/yunbeiuc/block/custom/RoadNameSignBlock.class with 8 transformer(s) on dev.architectury.transformer.handler.TinyRemapperPreparedTransformerHandler
[Architectury Transformer DEBUG] Remapping with 1 mapping provider(s):
[Architectury Transformer DEBUG]  - dev.architectury.transformer.transformers.TransformForgeEnvironment$$Lambda/0x000002499b08e850@2bdcfcf
[Architectury Transformer DEBUG] Remapping Classes:
[Architectury Transformer DEBUG] net/fabricmc/api/EnvType -> net/minecraftforge/api/distmarker/Dist
[Architectury Transformer DEBUG] net/fabricmc/api/Environment -> net/minecraftforge/api/distmarker/OnlyIn
[Architectury Transformer DEBUG] Found class transformer
[Architectury Transformer DEBUG] Writing com/beigu/yunbeiuc/block/custom/RoadNameSignBlock with maxs=true frames=true
[Architectury Transformer DEBUG] Remapping refmap from intermediary to srg: yunbeiuc-forge-forge-refmap.json
[Architectury Transformer DEBUG] Transformed com/beigu/yunbeiuc/block/custom/RoadNameSignBlock in 133.0 ms
[Architectury Transformer DEBUG] Transforming from com/beigu/yunbeiuc/block/custom/instrument/InstrumentFeeDisplay.class to com/beigu/yunbeiuc/block/custom/instrument/InstrumentFeeDisplay.class with 8 transformer(s) on dev.architectury.transformer.handler.TinyRemapperPreparedTransformerHandler
[Architectury Transformer DEBUG] Remapping with 1 mapping provider(s):
[Architectury Transformer DEBUG]  - dev.architectury.transformer.transformers.TransformForgeEnvironment$$Lambda/0x000002499b08e850@2bdcfcf
[Architectury Transformer DEBUG] Remapping Classes:
[Architectury Transformer DEBUG] net/fabricmc/api/EnvType -> net/minecraftforge/api/distmarker/Dist
[Architectury Transformer DEBUG] net/fabricmc/api/Environment -> net/minecraftforge/api/distmarker/OnlyIn
[Architectury Transformer DEBUG] Found class transformer
[Architectury Transformer DEBUG] Writing com/beigu/yunbeiuc/block/custom/instrument/InstrumentFeeDisplay with maxs=true frames=true
[Architectury Transformer DEBUG] Remapping refmap from intermediary to srg: yunbeiuc-forge-forge-refmap.json
[Architectury Transformer DEBUG] Transformed com/beigu/yunbeiuc/block/custom/instrument/InstrumentFeeDisplay in 132.6 ms
[Architectury Transformer DEBUG] Transforming from com/beigu/yunbeiuc/block/custom/sound/SoundBarrier1.class to com/beigu/yunbeiuc/block/custom/sound/SoundBarrier1.class with 8 transformer(s) on dev.architectury.transformer.handler.TinyRemapperPreparedTransformerHandler
[Architectury Transformer DEBUG] Remapping with 1 mapping provider(s):
[Architectury Transformer DEBUG]  - dev.architectury.transformer.transformers.TransformForgeEnvironment$$Lambda/0x000002499b08e850@2bdcfcf
[Architectury Transformer DEBUG] Remapping Classes:
[Architectury Transformer DEBUG] net/fabricmc/api/EnvType -> net/minecraftforge/api/distmarker/Dist
[Architectury Transformer DEBUG] net/fabricmc/api/Environment -> net/minecraftforge/api/distmarker/OnlyIn
[Architectury Transformer DEBUG] Found class transformer
[Architectury Transformer DEBUG] Writing com/beigu/yunbeiuc/block/custom/sound/SoundBarrier1 with maxs=true frames=true
[Architectury Transformer DEBUG] Remapping refmap from intermediary to srg: yunbeiuc-forge-forge-refmap.json
[Architectury Transformer DEBUG] Transformed com/beigu/yunbeiuc/block/custom/sound/SoundBarrier1 in 332.2 ms
[Architectury Transformer DEBUG] Transforming from com/beigu/yunbeiuc/block/custom/island/SafetyIslandEdgeBlock.class to com/beigu/yunbeiuc/block/custom/island/SafetyIslandEdgeBlock.class with 8 transformer(s) on dev.architectury.transformer.handler.TinyRemapperPreparedTransformerHandler
[Architectury Transformer DEBUG] Remapping with 1 mapping provider(s):
[Architectury Transformer DEBUG]  - dev.architectury.transformer.transformers.TransformForgeEnvironment$$Lambda/0x000002499b08e850@2bdcfcf
[Architectury Transformer DEBUG] Remapping Classes:
[Architectury Transformer DEBUG] net/fabricmc/api/EnvType -> net/minecraftforge/api/distmarker/Dist
[Architectury Transformer DEBUG] net/fabricmc/api/Environment -> net/minecraftforge/api/distmarker/OnlyIn
[Architectury Transformer DEBUG] Found class transformer
[Architectury Transformer DEBUG] Writing com/beigu/yunbeiuc/block/custom/island/SafetyIslandEdgeBlock with maxs=true frames=true
[Architectury Transformer DEBUG] Remapping refmap from intermediary to srg: yunbeiuc-forge-forge-refmap.json
[Architectury Transformer DEBUG] Transformed com/beigu/yunbeiuc/block/custom/island/SafetyIslandEdgeBlock in 183.8 ms
[Architectury Transformer DEBUG] Transforming from com/beigu/yunbeiuc/block/custom/island/SafetyIslandObliqueBlock.class to com/beigu/yunbeiuc/block/custom/island/SafetyIslandObliqueBlock.class with 8 transformer(s) on dev.architectury.transformer.handler.TinyRemapperPreparedTransformerHandler
[Architectury Transformer DEBUG] Remapping with 1 mapping provider(s):
[Architectury Transformer DEBUG]  - dev.architectury.transformer.transformers.TransformForgeEnvironment$$Lambda/0x000002499b08e850@2bdcfcf
[Architectury Transformer DEBUG] Remapping Classes:
[Architectury Transformer DEBUG] net/fabricmc/api/EnvType -> net/minecraftforge/api/distmarker/Dist
[Architectury Transformer DEBUG] net/fabricmc/api/Environment -> net/minecraftforge/api/distmarker/OnlyIn
[Architectury Transformer DEBUG] Found class transformer
[Architectury Transformer DEBUG] Writing com/beigu/yunbeiuc/block/custom/island/SafetyIslandObliqueBlock with maxs=true frames=true
[Architectury Transformer DEBUG] Remapping refmap from intermediary to srg: yunbeiuc-forge-forge-refmap.json
[Architectury Transformer DEBUG] Transformed com/beigu/yunbeiuc/block/custom/island/SafetyIslandObliqueBlock in 174.7 ms
[Architectury Transformer DEBUG] Transforming from com/beigu/yunbeiuc/block/custom/sound/SoundBarrier2.class to com/beigu/yunbeiuc/block/custom/sound/SoundBarrier2.class with 8 transformer(s) on dev.architectury.transformer.handler.TinyRemapperPreparedTransformerHandler
[Architectury Transformer DEBUG] Remapping with 1 mapping provider(s):
[Architectury Transformer DEBUG]  - dev.architectury.transformer.transformers.TransformForgeEnvironment$$Lambda/0x000002499b08e850@2bdcfcf
[Architectury Transformer DEBUG] Remapping Classes:
[Architectury Transformer DEBUG] net/fabricmc/api/EnvType -> net/minecraftforge/api/distmarker/Dist
[Architectury Transformer DEBUG] net/fabricmc/api/Environment -> net/minecraftforge/api/distmarker/OnlyIn
[Architectury Transformer DEBUG] Found class transformer
[Architectury Transformer DEBUG] Writing com/beigu/yunbeiuc/block/custom/sound/SoundBarrier2 with maxs=true frames=true
[Architectury Transformer DEBUG] Remapping refmap from intermediary to srg: yunbeiuc-forge-forge-refmap.json
[Architectury Transformer DEBUG] Transformed com/beigu/yunbeiuc/block/custom/sound/SoundBarrier2 in 147.8 ms
[Architectury Transformer DEBUG] Transforming from com/beigu/yunbeiuc/block/custom/island/SafetyIslandBlock.class to com/beigu/yunbeiuc/block/custom/island/SafetyIslandBlock.class with 8 transformer(s) on dev.architectury.transformer.handler.TinyRemapperPreparedTransformerHandler
[Architectury Transformer DEBUG] Remapping with 1 mapping provider(s):
[Architectury Transformer DEBUG]  - dev.architectury.transformer.transformers.TransformForgeEnvironment$$Lambda/0x000002499b08e850@2bdcfcf
[Architectury Transformer DEBUG] Remapping Classes:
[Architectury Transformer DEBUG] net/fabricmc/api/EnvType -> net/minecraftforge/api/distmarker/Dist
[Architectury Transformer DEBUG] net/fabricmc/api/Environment -> net/minecraftforge/api/distmarker/OnlyIn
[Architectury Transformer DEBUG] Found class transformer
[Architectury Transformer DEBUG] Writing com/beigu/yunbeiuc/block/custom/island/SafetyIslandBlock with maxs=true frames=true
[Architectury Transformer DEBUG] Remapping refmap from intermediary to srg: yunbeiuc-forge-forge-refmap.json
[Architectury Transformer DEBUG] Transformed com/beigu/yunbeiuc/block/custom/island/SafetyIslandBlock in 61.90 ms
[Architectury Transformer DEBUG] Transforming from com/beigu/yunbeiuc/block/custom/box/RoadFlowerBox2Fence.class to com/beigu/yunbeiuc/block/custom/box/RoadFlowerBox2Fence.class with 8 transformer(s) on dev.architectury.transformer.handler.TinyRemapperPreparedTransformerHandler
[Architectury Transformer DEBUG] Remapping with 1 mapping provider(s):
[Architectury Transformer DEBUG]  - dev.architectury.transformer.transformers.TransformForgeEnvironment$$Lambda/0x000002499b08e850@2bdcfcf
[Architectury Transformer DEBUG] Remapping Classes:
[Architectury Transformer DEBUG] net/fabricmc/api/EnvType -> net/minecraftforge/api/distmarker/Dist
[Architectury Transformer DEBUG] net/fabricmc/api/Environment -> net/minecraftforge/api/distmarker/OnlyIn
[Architectury Transformer DEBUG] Found class transformer
[Architectury Transformer DEBUG] Writing com/beigu/yunbeiuc/block/custom/box/RoadFlowerBox2Fence with maxs=true frames=true
[Architectury Transformer DEBUG] Remapping refmap from intermediary to srg: yunbeiuc-forge-forge-refmap.json
[Architectury Transformer DEBUG] Transformed com/beigu/yunbeiuc/block/custom/box/RoadFlowerBox2Fence in 119.0 ms
[Architectury Transformer DEBUG] Transforming from com/beigu/yunbeiuc/block/custom/RoadWarningPole.class to com/beigu/yunbeiuc/block/custom/RoadWarningPole.class with 8 transformer(s) on dev.architectury.transformer.handler.TinyRemapperPreparedTransformerHandler
[Architectury Transformer DEBUG] Remapping with 1 mapping provider(s):
[Architectury Transformer DEBUG]  - dev.architectury.transformer.transformers.TransformForgeEnvironment$$Lambda/0x000002499b08e850@2bdcfcf
[Architectury Transformer DEBUG] Remapping Classes:
[Architectury Transformer DEBUG] net/fabricmc/api/EnvType -> net/minecraftforge/api/distmarker/Dist
[Architectury Transformer DEBUG] net/fabricmc/api/Environment -> net/minecraftforge/api/distmarker/OnlyIn
[Architectury Transformer DEBUG] Found class transformer
[Architectury Transformer DEBUG] Writing com/beigu/yunbeiuc/block/custom/RoadWarningPole with maxs=true frames=true
[Architectury Transformer DEBUG] Remapping refmap from intermediary to srg: yunbeiuc-forge-forge-refmap.json
[Architectury Transformer DEBUG] Transformed com/beigu/yunbeiuc/block/custom/RoadWarningPole in 67.95 ms
[Architectury Transformer DEBUG] Transforming from com/beigu/yunbeiuc/block/custom/guardrail/RoadClosedBarricadeGuardrail1.class to com/beigu/yunbeiuc/block/custom/guardrail/RoadClosedBarricadeGuardrail1.class with 8 transformer(s) on dev.architectury.transformer.handler.TinyRemapperPreparedTransformerHandler
[Architectury Transformer DEBUG] Remapping with 1 mapping provider(s):
[Architectury Transformer DEBUG]  - dev.architectury.transformer.transformers.TransformForgeEnvironment$$Lambda/0x000002499b08e850@2bdcfcf
[Architectury Transformer DEBUG] Remapping Classes:
[Architectury Transformer DEBUG] net/fabricmc/api/EnvType -> net/minecraftforge/api/distmarker/Dist
[Architectury Transformer DEBUG] net/fabricmc/api/Environment -> net/minecraftforge/api/distmarker/OnlyIn
[Architectury Transformer DEBUG] Found class transformer
[Architectury Transformer DEBUG] Writing com/beigu/yunbeiuc/block/custom/guardrail/RoadClosedBarricadeGuardrail1 with maxs=true frames=true
[Architectury Transformer DEBUG] Remapping refmap from intermediary to srg: yunbeiuc-forge-forge-refmap.json
[Architectury Transformer DEBUG] Transformed com/beigu/yunbeiuc/block/custom/guardrail/RoadClosedBarricadeGuardrail1 in 123.7 ms
[Architectury Transformer DEBUG] Transforming from com/beigu/yunbeiuc/block/custom/DirectionBlock.class to com/beigu/yunbeiuc/block/custom/DirectionBlock.class with 8 transformer(s) on dev.architectury.transformer.handler.TinyRemapperPreparedTransformerHandler
[Architectury Transformer DEBUG] Remapping with 1 mapping provider(s):
[Architectury Transformer DEBUG]  - dev.architectury.transformer.transformers.TransformForgeEnvironment$$Lambda/0x000002499b08e850@2bdcfcf
[Architectury Transformer DEBUG] Remapping Classes:
[Architectury Transformer DEBUG] net/fabricmc/api/EnvType -> net/minecraftforge/api/distmarker/Dist
[Architectury Transformer DEBUG] net/fabricmc/api/Environment -> net/minecraftforge/api/distmarker/OnlyIn
[Architectury Transformer DEBUG] Found class transformer
[Architectury Transformer DEBUG] Writing com/beigu/yunbeiuc/block/custom/DirectionBlock with maxs=true frames=true
[Architectury Transformer DEBUG] Remapping refmap from intermediary to srg: yunbeiuc-forge-forge-refmap.json
[Architectury Transformer DEBUG] Transformed com/beigu/yunbeiuc/block/custom/DirectionBlock in 92.79 ms
[Architectury Transformer DEBUG] Transforming from com/beigu/yunbeiuc/block/custom/box/RoadFlowerBox1.class to com/beigu/yunbeiuc/block/custom/box/RoadFlowerBox1.class with 8 transformer(s) on dev.architectury.transformer.handler.TinyRemapperPreparedTransformerHandler
[Architectury Transformer DEBUG] Remapping with 1 mapping provider(s):
[Architectury Transformer DEBUG]  - dev.architectury.transformer.transformers.TransformForgeEnvironment$$Lambda/0x000002499b08e850@2bdcfcf
[Architectury Transformer DEBUG] Remapping Classes:
[Architectury Transformer DEBUG] net/fabricmc/api/EnvType -> net/minecraftforge/api/distmarker/Dist
[Architectury Transformer DEBUG] net/fabricmc/api/Environment -> net/minecraftforge/api/distmarker/OnlyIn
[Architectury Transformer DEBUG] Found class transformer
[Architectury Transformer DEBUG] Writing com/beigu/yunbeiuc/block/custom/box/RoadFlowerBox1 with maxs=true frames=true
[Architectury Transformer DEBUG] Remapping refmap from intermediary to srg: yunbeiuc-forge-forge-refmap.json
[Architectury Transformer DEBUG] Transformed com/beigu/yunbeiuc/block/custom/box/RoadFlowerBox1 in 79.40 ms
[Architectury Transformer DEBUG] Transforming from com/beigu/yunbeiuc/block/custom/IronHorse.class to com/beigu/yunbeiuc/block/custom/IronHorse.class with 8 transformer(s) on dev.architectury.transformer.handler.TinyRemapperPreparedTransformerHandler
[Architectury Transformer DEBUG] Remapping with 1 mapping provider(s):
[Architectury Transformer DEBUG]  - dev.architectury.transformer.transformers.TransformForgeEnvironment$$Lambda/0x000002499b08e850@2bdcfcf
[Architectury Transformer DEBUG] Remapping Classes:
[Architectury Transformer DEBUG] net/fabricmc/api/EnvType -> net/minecraftforge/api/distmarker/Dist
[Architectury Transformer DEBUG] net/fabricmc/api/Environment -> net/minecraftforge/api/distmarker/OnlyIn
[Architectury Transformer DEBUG] Found class transformer
[Architectury Transformer DEBUG] Writing com/beigu/yunbeiuc/block/custom/IronHorse with maxs=true frames=true
[Architectury Transformer DEBUG] Remapping refmap from intermediary to srg: yunbeiuc-forge-forge-refmap.json
[Architectury Transformer DEBUG] Transformed com/beigu/yunbeiuc/block/custom/IronHorse in 62.95 ms
[Architectury Transformer DEBUG] Transforming from com/beigu/yunbeiuc/block/custom/guardrail/RoadClosedBarricadeGuardrail4.class to com/beigu/yunbeiuc/block/custom/guardrail/RoadClosedBarricadeGuardrail4.class with 8 transformer(s) on dev.architectury.transformer.handler.TinyRemapperPreparedTransformerHandler
[Architectury Transformer DEBUG] Remapping with 1 mapping provider(s):
[Architectury Transformer DEBUG]  - dev.architectury.transformer.transformers.TransformForgeEnvironment$$Lambda/0x000002499b08e850@2bdcfcf
[Architectury Transformer DEBUG] Remapping Classes:
[Architectury Transformer DEBUG] net/fabricmc/api/EnvType -> net/minecraftforge/api/distmarker/Dist
[Architectury Transformer DEBUG] net/fabricmc/api/Environment -> net/minecraftforge/api/distmarker/OnlyIn
[Architectury Transformer DEBUG] Found class transformer
[Architectury Transformer DEBUG] Writing com/beigu/yunbeiuc/block/custom/guardrail/RoadClosedBarricadeGuardrail4 with maxs=true frames=true
[Architectury Transformer DEBUG] Remapping refmap from intermediary to srg: yunbeiuc-forge-forge-refmap.json
[Architectury Transformer DEBUG] Transformed com/beigu/yunbeiuc/block/custom/guardrail/RoadClosedBarricadeGuardrail4 in 182.3 ms
[Architectury Transformer DEBUG] Transforming from com/beigu/yunbeiuc/block/custom/guardrail/RoadClosedBarricadeGuardrail3.class to com/beigu/yunbeiuc/block/custom/guardrail/RoadClosedBarricadeGuardrail3.class with 8 transformer(s) on dev.architectury.transformer.handler.TinyRemapperPreparedTransformerHandler
[Architectury Transformer DEBUG] Remapping with 1 mapping provider(s):
[Architectury Transformer DEBUG]  - dev.architectury.transformer.transformers.TransformForgeEnvironment$$Lambda/0x000002499b08e850@2bdcfcf
[Architectury Transformer DEBUG] Remapping Classes:
[Architectury Transformer DEBUG] net/fabricmc/api/EnvType -> net/minecraftforge/api/distmarker/Dist
[Architectury Transformer DEBUG] net/fabricmc/api/Environment -> net/minecraftforge/api/distmarker/OnlyIn
[Architectury Transformer DEBUG] Found class transformer
[Architectury Transformer DEBUG] Writing com/beigu/yunbeiuc/block/custom/guardrail/RoadClosedBarricadeGuardrail3 with maxs=true frames=true
[Architectury Transformer DEBUG] Remapping refmap from intermediary to srg: yunbeiuc-forge-forge-refmap.json
[Architectury Transformer DEBUG] Transformed com/beigu/yunbeiuc/block/custom/guardrail/RoadClosedBarricadeGuardrail3 in 204.2 ms
[Architectury Transformer DEBUG] Transforming from com/beigu/yunbeiuc/block/custom/guardrail/RoadClosedBarricadeGuardrail2.class to com/beigu/yunbeiuc/block/custom/guardrail/RoadClosedBarricadeGuardrail2.class with 8 transformer(s) on dev.architectury.transformer.handler.TinyRemapperPreparedTransformerHandler
[Architectury Transformer DEBUG] Remapping with 1 mapping provider(s):
[Architectury Transformer DEBUG]  - dev.architectury.transformer.transformers.TransformForgeEnvironment$$Lambda/0x000002499b08e850@2bdcfcf
[Architectury Transformer DEBUG] Remapping Classes:
[Architectury Transformer DEBUG] net/fabricmc/api/EnvType -> net/minecraftforge/api/distmarker/Dist
[Architectury Transformer DEBUG] net/fabricmc/api/Environment -> net/minecraftforge/api/distmarker/OnlyIn
[Architectury Transformer DEBUG] Found class transformer
[Architectury Transformer DEBUG] Writing com/beigu/yunbeiuc/block/custom/guardrail/RoadClosedBarricadeGuardrail2 with maxs=true frames=true
[Architectury Transformer DEBUG] Remapping refmap from intermediary to srg: yunbeiuc-forge-forge-refmap.json
[Architectury Transformer DEBUG] Transformed com/beigu/yunbeiuc/block/custom/guardrail/RoadClosedBarricadeGuardrail2 in 133.4 ms
[Architectury Transformer DEBUG] Transforming from com/beigu/yunbeiuc/block/custom/rubbish/RubbishBinGrayGreen.class to com/beigu/yunbeiuc/block/custom/rubbish/RubbishBinGrayGreen.class with 8 transformer(s) on dev.architectury.transformer.handler.TinyRemapperPreparedTransformerHandler
[Architectury Transformer DEBUG] Remapping with 1 mapping provider(s):
[Architectury Transformer DEBUG]  - dev.architectury.transformer.transformers.TransformForgeEnvironment$$Lambda/0x000002499b08e850@2bdcfcf
[Architectury Transformer DEBUG] Remapping Classes:
[Architectury Transformer DEBUG] net/fabricmc/api/EnvType -> net/minecraftforge/api/distmarker/Dist
[Architectury Transformer DEBUG] net/fabricmc/api/Environment -> net/minecraftforge/api/distmarker/OnlyIn
[Architectury Transformer DEBUG] Found class transformer
[Architectury Transformer DEBUG] Writing com/beigu/yunbeiuc/block/custom/rubbish/RubbishBinGrayGreen with maxs=true frames=true
[Architectury Transformer DEBUG] Remapping refmap from intermediary to srg: yunbeiuc-forge-forge-refmap.json
[Architectury Transformer DEBUG] Transformed com/beigu/yunbeiuc/block/custom/rubbish/RubbishBinGrayGreen in 158.5 ms
[Architectury Transformer DEBUG] Transforming from com/beigu/yunbeiuc/block/custom/rubbish/RubbishBinWhite.class to com/beigu/yunbeiuc/block/custom/rubbish/RubbishBinWhite.class with 8 transformer(s) on dev.architectury.transformer.handler.TinyRemapperPreparedTransformerHandler
[Architectury Transformer DEBUG] Remapping with 1 mapping provider(s):
[Architectury Transformer DEBUG]  - dev.architectury.transformer.transformers.TransformForgeEnvironment$$Lambda/0x000002499b08e850@2bdcfcf
[Architectury Transformer DEBUG] Remapping Classes:
[Architectury Transformer DEBUG] net/fabricmc/api/EnvType -> net/minecraftforge/api/distmarker/Dist
[Architectury Transformer DEBUG] net/fabricmc/api/Environment -> net/minecraftforge/api/distmarker/OnlyIn
[Architectury Transformer DEBUG] Found class transformer
[Architectury Transformer DEBUG] Writing com/beigu/yunbeiuc/block/custom/rubbish/RubbishBinWhite with maxs=true frames=true
[Architectury Transformer DEBUG] Remapping refmap from intermediary to srg: yunbeiuc-forge-forge-refmap.json
[Architectury Transformer DEBUG] Transformed com/beigu/yunbeiuc/block/custom/rubbish/RubbishBinWhite in 140.1 ms
[Architectury Transformer DEBUG] Transforming from com/beigu/yunbeiuc/block/custom/pole/RoadPoleLongitudinal.class to com/beigu/yunbeiuc/block/custom/pole/RoadPoleLongitudinal.class with 8 transformer(s) on dev.architectury.transformer.handler.TinyRemapperPreparedTransformerHandler
[Architectury Transformer DEBUG] Remapping with 1 mapping provider(s):
[Architectury Transformer DEBUG]  - dev.architectury.transformer.transformers.TransformForgeEnvironment$$Lambda/0x000002499b08e850@2bdcfcf
[Architectury Transformer DEBUG] Remapping Classes:
[Architectury Transformer DEBUG] net/fabricmc/api/EnvType -> net/minecraftforge/api/distmarker/Dist
[Architectury Transformer DEBUG] net/fabricmc/api/Environment -> net/minecraftforge/api/distmarker/OnlyIn
[Architectury Transformer DEBUG] Found class transformer
[Architectury Transformer DEBUG] Writing com/beigu/yunbeiuc/block/custom/pole/RoadPoleLongitudinal with maxs=true frames=true
[Architectury Transformer DEBUG] Remapping refmap from intermediary to srg: yunbeiuc-forge-forge-refmap.json
[Architectury Transformer DEBUG] Transformed com/beigu/yunbeiuc/block/custom/pole/RoadPoleLongitudinal in 156.9 ms
[Architectury Transformer DEBUG] Transforming from com/beigu/yunbeiuc/block/custom/gate/BarrierGate1PoleLongitudinal.class to com/beigu/yunbeiuc/block/custom/gate/BarrierGate1PoleLongitudinal.class with 8 transformer(s) on dev.architectury.transformer.handler.TinyRemapperPreparedTransformerHandler
[Architectury Transformer DEBUG] Remapping with 1 mapping provider(s):
[Architectury Transformer DEBUG]  - dev.architectury.transformer.transformers.TransformForgeEnvironment$$Lambda/0x000002499b08e850@2bdcfcf
[Architectury Transformer DEBUG] Remapping Classes:
[Architectury Transformer DEBUG] net/fabricmc/api/EnvType -> net/minecraftforge/api/distmarker/Dist
[Architectury Transformer DEBUG] net/fabricmc/api/Environment -> net/minecraftforge/api/distmarker/OnlyIn
[Architectury Transformer DEBUG] Found class transformer
[Architectury Transformer DEBUG] Writing com/beigu/yunbeiuc/block/custom/gate/BarrierGate1PoleLongitudinal with maxs=true frames=true
[Architectury Transformer DEBUG] Remapping refmap from intermediary to srg: yunbeiuc-forge-forge-refmap.json
[Architectury Transformer DEBUG] Transformed com/beigu/yunbeiuc/block/custom/gate/BarrierGate1PoleLongitudinal in 112.4 ms
[Architectury Transformer DEBUG] Transforming from com/beigu/yunbeiuc/block/custom/gate/BarrierGate1PoleHorizontal.class to com/beigu/yunbeiuc/block/custom/gate/BarrierGate1PoleHorizontal.class with 8 transformer(s) on dev.architectury.transformer.handler.TinyRemapperPreparedTransformerHandler
[Architectury Transformer DEBUG] Remapping with 1 mapping provider(s):
[Architectury Transformer DEBUG]  - dev.architectury.transformer.transformers.TransformForgeEnvironment$$Lambda/0x000002499b08e850@2bdcfcf
[Architectury Transformer DEBUG] Remapping Classes:
[Architectury Transformer DEBUG] net/fabricmc/api/EnvType -> net/minecraftforge/api/distmarker/Dist
[Architectury Transformer DEBUG] net/fabricmc/api/Environment -> net/minecraftforge/api/distmarker/OnlyIn
[Architectury Transformer DEBUG] Found class transformer
[Architectury Transformer DEBUG] Writing com/beigu/yunbeiuc/block/custom/gate/BarrierGate1PoleHorizontal with maxs=true frames=true
[Architectury Transformer DEBUG] Remapping refmap from intermediary to srg: yunbeiuc-forge-forge-refmap.json
[Architectury Transformer DEBUG] Transformed com/beigu/yunbeiuc/block/custom/gate/BarrierGate1PoleHorizontal in 120.8 ms
[Architectury Transformer DEBUG] Transforming from com/beigu/yunbeiuc/block/custom/gate/BarrierGate1Main.class to com/beigu/yunbeiuc/block/custom/gate/BarrierGate1Main.class with 8 transformer(s) on dev.architectury.transformer.handler.TinyRemapperPreparedTransformerHandler
[Architectury Transformer DEBUG] Remapping with 1 mapping provider(s):
[Architectury Transformer DEBUG]  - dev.architectury.transformer.transformers.TransformForgeEnvironment$$Lambda/0x000002499b08e850@2bdcfcf
[Architectury Transformer DEBUG] Remapping Classes:
[Architectury Transformer DEBUG] net/fabricmc/api/EnvType -> net/minecraftforge/api/distmarker/Dist
[Architectury Transformer DEBUG] net/fabricmc/api/Environment -> net/minecraftforge/api/distmarker/OnlyIn
[Architectury Transformer DEBUG] Found class transformer
[Architectury Transformer DEBUG] Writing com/beigu/yunbeiuc/block/custom/gate/BarrierGate1Main with maxs=true frames=true
[Architectury Transformer DEBUG] Remapping refmap from intermediary to srg: yunbeiuc-forge-forge-refmap.json
[Architectury Transformer DEBUG] Transformed com/beigu/yunbeiuc/block/custom/gate/BarrierGate1Main in 148.5 ms
[Architectury Transformer DEBUG] Transforming from com/beigu/yunbeiuc/block/custom/gate/BarrierGate1MainSlab.class to com/beigu/yunbeiuc/block/custom/gate/BarrierGate1MainSlab.class with 8 transformer(s) on dev.architectury.transformer.handler.TinyRemapperPreparedTransformerHandler
[Architectury Transformer DEBUG] Remapping with 1 mapping provider(s):
[Architectury Transformer DEBUG]  - dev.architectury.transformer.transformers.TransformForgeEnvironment$$Lambda/0x000002499b08e850@2bdcfcf
[Architectury Transformer DEBUG] Remapping Classes:
[Architectury Transformer DEBUG] net/fabricmc/api/EnvType -> net/minecraftforge/api/distmarker/Dist
[Architectury Transformer DEBUG] net/fabricmc/api/Environment -> net/minecraftforge/api/distmarker/OnlyIn
[Architectury Transformer DEBUG] Found class transformer
[Architectury Transformer DEBUG] Writing com/beigu/yunbeiuc/block/custom/gate/BarrierGate1MainSlab with maxs=true frames=true
[Architectury Transformer DEBUG] Remapping refmap from intermediary to srg: yunbeiuc-forge-forge-refmap.json
[Architectury Transformer DEBUG] Transformed com/beigu/yunbeiuc/block/custom/gate/BarrierGate1MainSlab in 189.3 ms
[Architectury Transformer DEBUG] Transforming from com/beigu/yunbeiuc/block/custom/pole/RoadPoleHorizontal.class to com/beigu/yunbeiuc/block/custom/pole/RoadPoleHorizontal.class with 8 transformer(s) on dev.architectury.transformer.handler.TinyRemapperPreparedTransformerHandler
[Architectury Transformer DEBUG] Remapping with 1 mapping provider(s):
[Architectury Transformer DEBUG]  - dev.architectury.transformer.transformers.TransformForgeEnvironment$$Lambda/0x000002499b08e850@2bdcfcf
[Architectury Transformer DEBUG] Remapping Classes:
[Architectury Transformer DEBUG] net/fabricmc/api/EnvType -> net/minecraftforge/api/distmarker/Dist
[Architectury Transformer DEBUG] net/fabricmc/api/Environment -> net/minecraftforge/api/distmarker/OnlyIn
[Architectury Transformer DEBUG] Found class transformer
[Architectury Transformer DEBUG] Writing com/beigu/yunbeiuc/block/custom/pole/RoadPoleHorizontal with maxs=true frames=true
[Architectury Transformer DEBUG] Remapping refmap from intermediary to srg: yunbeiuc-forge-forge-refmap.json
[Architectury Transformer DEBUG] Transformed com/beigu/yunbeiuc/block/custom/pole/RoadPoleHorizontal in 127.4 ms
[Architectury Transformer DEBUG] Transforming from com/beigu/yunbeiuc/block/custom/barrier/TrafficBarrierGrayBlock.class to com/beigu/yunbeiuc/block/custom/barrier/TrafficBarrierGrayBlock.class with 8 transformer(s) on dev.architectury.transformer.handler.TinyRemapperPreparedTransformerHandler
[Architectury Transformer DEBUG] Remapping with 1 mapping provider(s):
[Architectury Transformer DEBUG]  - dev.architectury.transformer.transformers.TransformForgeEnvironment$$Lambda/0x000002499b08e850@2bdcfcf
[Architectury Transformer DEBUG] Remapping Classes:
[Architectury Transformer DEBUG] net/fabricmc/api/EnvType -> net/minecraftforge/api/distmarker/Dist
[Architectury Transformer DEBUG] net/fabricmc/api/Environment -> net/minecraftforge/api/distmarker/OnlyIn
[Architectury Transformer DEBUG] Found class transformer
[Architectury Transformer DEBUG] Writing com/beigu/yunbeiuc/block/custom/barrier/TrafficBarrierGrayBlock with maxs=true frames=true
[Architectury Transformer DEBUG] Remapping refmap from intermediary to srg: yunbeiuc-forge-forge-refmap.json
[Architectury Transformer DEBUG] Transformed com/beigu/yunbeiuc/block/custom/barrier/TrafficBarrierGrayBlock in 150.9 ms
[Architectury Transformer DEBUG] Transforming from com/beigu/yunbeiuc/block/custom/barrier/TrafficBarrierBlock.class to com/beigu/yunbeiuc/block/custom/barrier/TrafficBarrierBlock.class with 8 transformer(s) on dev.architectury.transformer.handler.TinyRemapperPreparedTransformerHandler
[Architectury Transformer DEBUG] Remapping with 1 mapping provider(s):
[Architectury Transformer DEBUG]  - dev.architectury.transformer.transformers.TransformForgeEnvironment$$Lambda/0x000002499b08e850@2bdcfcf
[Architectury Transformer DEBUG] Remapping Classes:
[Architectury Transformer DEBUG] net/fabricmc/api/EnvType -> net/minecraftforge/api/distmarker/Dist
[Architectury Transformer DEBUG] net/fabricmc/api/Environment -> net/minecraftforge/api/distmarker/OnlyIn
[Architectury Transformer DEBUG] Found class transformer
[Architectury Transformer DEBUG] Writing com/beigu/yunbeiuc/block/custom/barrier/TrafficBarrierBlock with maxs=true frames=true
[Architectury Transformer DEBUG] Remapping refmap from intermediary to srg: yunbeiuc-forge-forge-refmap.json
[Architectury Transformer DEBUG] Transformed com/beigu/yunbeiuc/block/custom/barrier/TrafficBarrierBlock in 71.40 ms
[Architectury Transformer DEBUG] Transforming from com/beigu/yunbeiuc/block/custom/ReflectiveSign.class to com/beigu/yunbeiuc/block/custom/ReflectiveSign.class with 8 transformer(s) on dev.architectury.transformer.handler.TinyRemapperPreparedTransformerHandler
[Architectury Transformer DEBUG] Remapping with 1 mapping provider(s):
[Architectury Transformer DEBUG]  - dev.architectury.transformer.transformers.TransformForgeEnvironment$$Lambda/0x000002499b08e850@2bdcfcf
[Architectury Transformer DEBUG] Remapping Classes:
[Architectury Transformer DEBUG] net/fabricmc/api/EnvType -> net/minecraftforge/api/distmarker/Dist
[Architectury Transformer DEBUG] net/fabricmc/api/Environment -> net/minecraftforge/api/distmarker/OnlyIn
[Architectury Transformer DEBUG] Found class transformer
[Architectury Transformer DEBUG] Writing com/beigu/yunbeiuc/block/custom/ReflectiveSign with maxs=true frames=true
[Architectury Transformer DEBUG] Remapping refmap from intermediary to srg: yunbeiuc-forge-forge-refmap.json
[Architectury Transformer DEBUG] Transformed com/beigu/yunbeiuc/block/custom/ReflectiveSign in 90.10 ms
[Architectury Transformer DEBUG] Transforming from com/beigu/yunbeiuc/block/custom/barrier/TrafficBarrierGraySlantBlock.class to com/beigu/yunbeiuc/block/custom/barrier/TrafficBarrierGraySlantBlock.class with 8 transformer(s) on dev.architectury.transformer.handler.TinyRemapperPreparedTransformerHandler
[Architectury Transformer DEBUG] Remapping with 1 mapping provider(s):
[Architectury Transformer DEBUG]  - dev.architectury.transformer.transformers.TransformForgeEnvironment$$Lambda/0x000002499b08e850@2bdcfcf
[Architectury Transformer DEBUG] Remapping Classes:
[Architectury Transformer DEBUG] net/fabricmc/api/EnvType -> net/minecraftforge/api/distmarker/Dist
[Architectury Transformer DEBUG] net/fabricmc/api/Environment -> net/minecraftforge/api/distmarker/OnlyIn
[Architectury Transformer DEBUG] Found class transformer
[Architectury Transformer DEBUG] Writing com/beigu/yunbeiuc/block/custom/barrier/TrafficBarrierGraySlantBlock with maxs=true frames=true
[Architectury Transformer DEBUG] Remapping refmap from intermediary to srg: yunbeiuc-forge-forge-refmap.json
[Architectury Transformer DEBUG] Transformed com/beigu/yunbeiuc/block/custom/barrier/TrafficBarrierGraySlantBlock in 71.93 ms
[Architectury Transformer DEBUG] Transforming from com/beigu/yunbeiuc/block/custom/barrier/TrafficBarrierObliqueBlock.class to com/beigu/yunbeiuc/block/custom/barrier/TrafficBarrierObliqueBlock.class with 8 transformer(s) on dev.architectury.transformer.handler.TinyRemapperPreparedTransformerHandler
[Architectury Transformer DEBUG] Remapping with 1 mapping provider(s):
[Architectury Transformer DEBUG]  - dev.architectury.transformer.transformers.TransformForgeEnvironment$$Lambda/0x000002499b08e850@2bdcfcf
[Architectury Transformer DEBUG] Remapping Classes:
[Architectury Transformer DEBUG] net/fabricmc/api/EnvType -> net/minecraftforge/api/distmarker/Dist
[Architectury Transformer DEBUG] net/fabricmc/api/Environment -> net/minecraftforge/api/distmarker/OnlyIn
[Architectury Transformer DEBUG] Found class transformer
[Architectury Transformer DEBUG] Writing com/beigu/yunbeiuc/block/custom/barrier/TrafficBarrierObliqueBlock with maxs=true frames=true
[Architectury Transformer DEBUG] Remapping refmap from intermediary to srg: yunbeiuc-forge-forge-refmap.json
[Architectury Transformer DEBUG] Transformed com/beigu/yunbeiuc/block/custom/barrier/TrafficBarrierObliqueBlock in 79.35 ms
[Architectury Transformer DEBUG] Transforming from com/beigu/yunbeiuc/block/custom/barrier/TrafficBarrierGrayObliqueBlock.class to com/beigu/yunbeiuc/block/custom/barrier/TrafficBarrierGrayObliqueBlock.class with 8 transformer(s) on dev.architectury.transformer.handler.TinyRemapperPreparedTransformerHandler
[Architectury Transformer DEBUG] Remapping with 1 mapping provider(s):
[Architectury Transformer DEBUG]  - dev.architectury.transformer.transformers.TransformForgeEnvironment$$Lambda/0x000002499b08e850@2bdcfcf
[Architectury Transformer DEBUG] Remapping Classes:
[Architectury Transformer DEBUG] net/fabricmc/api/EnvType -> net/minecraftforge/api/distmarker/Dist
[Architectury Transformer DEBUG] net/fabricmc/api/Environment -> net/minecraftforge/api/distmarker/OnlyIn
[Architectury Transformer DEBUG] Found class transformer
[Architectury Transformer DEBUG] Writing com/beigu/yunbeiuc/block/custom/barrier/TrafficBarrierGrayObliqueBlock with maxs=true frames=true
[Architectury Transformer DEBUG] Remapping refmap from intermediary to srg: yunbeiuc-forge-forge-refmap.json
[Architectury Transformer DEBUG] Transformed com/beigu/yunbeiuc/block/custom/barrier/TrafficBarrierGrayObliqueBlock in 81.15 ms
[Architectury Transformer DEBUG] Transforming from com/beigu/yunbeiuc/block/custom/barrier/TrafficBarrierDoubleBlock.class to com/beigu/yunbeiuc/block/custom/barrier/TrafficBarrierDoubleBlock.class with 8 transformer(s) on dev.architectury.transformer.handler.TinyRemapperPreparedTransformerHandler
[Architectury Transformer DEBUG] Remapping with 1 mapping provider(s):
[Architectury Transformer DEBUG]  - dev.architectury.transformer.transformers.TransformForgeEnvironment$$Lambda/0x000002499b08e850@2bdcfcf
[Architectury Transformer DEBUG] Remapping Classes:
[Architectury Transformer DEBUG] net/fabricmc/api/EnvType -> net/minecraftforge/api/distmarker/Dist
[Architectury Transformer DEBUG] net/fabricmc/api/Environment -> net/minecraftforge/api/distmarker/OnlyIn
[Architectury Transformer DEBUG] Found class transformer
[Architectury Transformer DEBUG] Writing com/beigu/yunbeiuc/block/custom/barrier/TrafficBarrierDoubleBlock with maxs=true frames=true
[Architectury Transformer DEBUG] Remapping refmap from intermediary to srg: yunbeiuc-forge-forge-refmap.json
[Architectury Transformer DEBUG] Transformed com/beigu/yunbeiuc/block/custom/barrier/TrafficBarrierDoubleBlock in 82.34 ms
[Architectury Transformer DEBUG] Transforming from com/beigu/yunbeiuc/block/custom/pole/RoadLightingLamp.class to com/beigu/yunbeiuc/block/custom/pole/RoadLightingLamp.class with 8 transformer(s) on dev.architectury.transformer.handler.TinyRemapperPreparedTransformerHandler
[Architectury Transformer DEBUG] Remapping with 1 mapping provider(s):
[Architectury Transformer DEBUG]  - dev.architectury.transformer.transformers.TransformForgeEnvironment$$Lambda/0x000002499b08e850@2bdcfcf
[Architectury Transformer DEBUG] Remapping Classes:
[Architectury Transformer DEBUG] net/fabricmc/api/EnvType -> net/minecraftforge/api/distmarker/Dist
[Architectury Transformer DEBUG] net/fabricmc/api/Environment -> net/minecraftforge/api/distmarker/OnlyIn
[Architectury Transformer DEBUG] Found class transformer
[Architectury Transformer DEBUG] Writing com/beigu/yunbeiuc/block/custom/pole/RoadLightingLamp with maxs=true frames=true
[Architectury Transformer DEBUG] Remapping refmap from intermediary to srg: yunbeiuc-forge-forge-refmap.json
[Architectury Transformer DEBUG] Transformed com/beigu/yunbeiuc/block/custom/pole/RoadLightingLamp in 76.75 ms
[Architectury Transformer DEBUG] Transforming from com/beigu/yunbeiuc/block/custom/pole/RoadRadarSpeedDetector.class to com/beigu/yunbeiuc/block/custom/pole/RoadRadarSpeedDetector.class with 8 transformer(s) on dev.architectury.transformer.handler.TinyRemapperPreparedTransformerHandler
[Architectury Transformer DEBUG] Remapping with 1 mapping provider(s):
[Architectury Transformer DEBUG]  - dev.architectury.transformer.transformers.TransformForgeEnvironment$$Lambda/0x000002499b08e850@2bdcfcf
[Architectury Transformer DEBUG] Remapping Classes:
[Architectury Transformer DEBUG] net/fabricmc/api/EnvType -> net/minecraftforge/api/distmarker/Dist
[Architectury Transformer DEBUG] net/fabricmc/api/Environment -> net/minecraftforge/api/distmarker/OnlyIn
[Architectury Transformer DEBUG] Found class transformer
[Architectury Transformer DEBUG] Writing com/beigu/yunbeiuc/block/custom/pole/RoadRadarSpeedDetector with maxs=true frames=true
[Architectury Transformer DEBUG] Remapping refmap from intermediary to srg: yunbeiuc-forge-forge-refmap.json
[Architectury Transformer DEBUG] Transformed com/beigu/yunbeiuc/block/custom/pole/RoadRadarSpeedDetector in 86.21 ms
[Architectury Transformer DEBUG] Transforming from com/beigu/yunbeiuc/block/custom/gantry/GantryFrameConnection.class to com/beigu/yunbeiuc/block/custom/gantry/GantryFrameConnection.class with 8 transformer(s) on dev.architectury.transformer.handler.TinyRemapperPreparedTransformerHandler
[Architectury Transformer DEBUG] Remapping with 1 mapping provider(s):
[Architectury Transformer DEBUG]  - dev.architectury.transformer.transformers.TransformForgeEnvironment$$Lambda/0x000002499b08e850@2bdcfcf
[Architectury Transformer DEBUG] Remapping Classes:
[Architectury Transformer DEBUG] net/fabricmc/api/EnvType -> net/minecraftforge/api/distmarker/Dist
[Architectury Transformer DEBUG] net/fabricmc/api/Environment -> net/minecraftforge/api/distmarker/OnlyIn
[Architectury Transformer DEBUG] Found class transformer
[Architectury Transformer DEBUG] Writing com/beigu/yunbeiuc/block/custom/gantry/GantryFrameConnection with maxs=true frames=true
[Architectury Transformer DEBUG] Remapping refmap from intermediary to srg: yunbeiuc-forge-forge-refmap.json
[Architectury Transformer DEBUG] Transformed com/beigu/yunbeiuc/block/custom/gantry/GantryFrameConnection in 179.0 ms
[Architectury Transformer DEBUG] Transforming from com/beigu/yunbeiuc/block/custom/gantry/GantryFrameLadder.class to com/beigu/yunbeiuc/block/custom/gantry/GantryFrameLadder.class with 8 transformer(s) on dev.architectury.transformer.handler.TinyRemapperPreparedTransformerHandler
[Architectury Transformer DEBUG] Remapping with 1 mapping provider(s):
[Architectury Transformer DEBUG]  - dev.architectury.transformer.transformers.TransformForgeEnvironment$$Lambda/0x000002499b08e850@2bdcfcf
[Architectury Transformer DEBUG] Remapping Classes:
[Architectury Transformer DEBUG] net/fabricmc/api/EnvType -> net/minecraftforge/api/distmarker/Dist
[Architectury Transformer DEBUG] net/fabricmc/api/Environment -> net/minecraftforge/api/distmarker/OnlyIn
[Architectury Transformer DEBUG] Found class transformer
[Architectury Transformer DEBUG] Writing com/beigu/yunbeiuc/block/custom/gantry/GantryFrameLadder with maxs=true frames=true
[Architectury Transformer DEBUG] Remapping refmap from intermediary to srg: yunbeiuc-forge-forge-refmap.json
[Architectury Transformer DEBUG] Transformed com/beigu/yunbeiuc/block/custom/gantry/GantryFrameLadder in 101.7 ms
[Architectury Transformer DEBUG] Transforming from com/beigu/yunbeiuc/block/custom/VibrationMarkingLine.class to com/beigu/yunbeiuc/block/custom/VibrationMarkingLine.class with 8 transformer(s) on dev.architectury.transformer.handler.TinyRemapperPreparedTransformerHandler
[Architectury Transformer DEBUG] Remapping with 1 mapping provider(s):
[Architectury Transformer DEBUG]  - dev.architectury.transformer.transformers.TransformForgeEnvironment$$Lambda/0x000002499b08e850@2bdcfcf
[Architectury Transformer DEBUG] Remapping Classes:
[Architectury Transformer DEBUG] net/fabricmc/api/EnvType -> net/minecraftforge/api/distmarker/Dist
[Architectury Transformer DEBUG] net/fabricmc/api/Environment -> net/minecraftforge/api/distmarker/OnlyIn
[Architectury Transformer DEBUG] Found class transformer
[Architectury Transformer DEBUG] Writing com/beigu/yunbeiuc/block/custom/VibrationMarkingLine with maxs=true frames=true
[Architectury Transformer DEBUG] Remapping refmap from intermediary to srg: yunbeiuc-forge-forge-refmap.json
[Architectury Transformer DEBUG] Transformed com/beigu/yunbeiuc/block/custom/VibrationMarkingLine in 79.29 ms
[Architectury Transformer DEBUG] Transforming from com/beigu/yunbeiuc/block/custom/WaterSafetyBarrier.class to com/beigu/yunbeiuc/block/custom/WaterSafetyBarrier.class with 8 transformer(s) on dev.architectury.transformer.handler.TinyRemapperPreparedTransformerHandler
[Architectury Transformer DEBUG] Remapping with 1 mapping provider(s):
[Architectury Transformer DEBUG]  - dev.architectury.transformer.transformers.TransformForgeEnvironment$$Lambda/0x000002499b08e850@2bdcfcf
[Architectury Transformer DEBUG] Remapping Classes:
[Architectury Transformer DEBUG] net/fabricmc/api/EnvType -> net/minecraftforge/api/distmarker/Dist
[Architectury Transformer DEBUG] net/fabricmc/api/Environment -> net/minecraftforge/api/distmarker/OnlyIn
[Architectury Transformer DEBUG] Found class transformer
[Architectury Transformer DEBUG] Writing com/beigu/yunbeiuc/block/custom/WaterSafetyBarrier with maxs=true frames=true
[Architectury Transformer DEBUG] Remapping refmap from intermediary to srg: yunbeiuc-forge-forge-refmap.json
[Architectury Transformer DEBUG] Transformed com/beigu/yunbeiuc/block/custom/WaterSafetyBarrier in 52.18 ms
[Architectury Transformer DEBUG] Transforming from com/beigu/yunbeiuc/block/custom/pole/RoadDetectionCamera.class to com/beigu/yunbeiuc/block/custom/pole/RoadDetectionCamera.class with 8 transformer(s) on dev.architectury.transformer.handler.TinyRemapperPreparedTransformerHandler
[Architectury Transformer DEBUG] Remapping with 1 mapping provider(s):
[Architectury Transformer DEBUG]  - dev.architectury.transformer.transformers.TransformForgeEnvironment$$Lambda/0x000002499b08e850@2bdcfcf
[Architectury Transformer DEBUG] Remapping Classes:
[Architectury Transformer DEBUG] net/fabricmc/api/EnvType -> net/minecraftforge/api/distmarker/Dist
[Architectury Transformer DEBUG] net/fabricmc/api/Environment -> net/minecraftforge/api/distmarker/OnlyIn
[Architectury Transformer DEBUG] Found class transformer
[Architectury Transformer DEBUG] Writing com/beigu/yunbeiuc/block/custom/pole/RoadDetectionCamera with maxs=true frames=true
[Architectury Transformer DEBUG] Remapping refmap from intermediary to srg: yunbeiuc-forge-forge-refmap.json
[Architectury Transformer DEBUG] Transformed com/beigu/yunbeiuc/block/custom/pole/RoadDetectionCamera in 53.63 ms
[Architectury Transformer DEBUG] Transforming from com/beigu/yunbeiuc/block/custom/pole/RoadLight.class to com/beigu/yunbeiuc/block/custom/pole/RoadLight.class with 8 transformer(s) on dev.architectury.transformer.handler.TinyRemapperPreparedTransformerHandler
[Architectury Transformer DEBUG] Remapping with 1 mapping provider(s):
[Architectury Transformer DEBUG]  - dev.architectury.transformer.transformers.TransformForgeEnvironment$$Lambda/0x000002499b08e850@2bdcfcf
[Architectury Transformer DEBUG] Remapping Classes:
[Architectury Transformer DEBUG] net/fabricmc/api/EnvType -> net/minecraftforge/api/distmarker/Dist
[Architectury Transformer DEBUG] net/fabricmc/api/Environment -> net/minecraftforge/api/distmarker/OnlyIn
[Architectury Transformer DEBUG] Found class transformer
[Architectury Transformer DEBUG] Writing com/beigu/yunbeiuc/block/custom/pole/RoadLight with maxs=true frames=true
[Architectury Transformer DEBUG] Remapping refmap from intermediary to srg: yunbeiuc-forge-forge-refmap.json
[Architectury Transformer DEBUG] Transformed com/beigu/yunbeiuc/block/custom/pole/RoadLight in 37.74 ms
[Architectury Transformer DEBUG] Transforming from com/beigu/yunbeiuc/block/custom/pole/RoadLightHighMast.class to com/beigu/yunbeiuc/block/custom/pole/RoadLightHighMast.class with 8 transformer(s) on dev.architectury.transformer.handler.TinyRemapperPreparedTransformerHandler
[Architectury Transformer DEBUG] Remapping with 1 mapping provider(s):
[Architectury Transformer DEBUG]  - dev.architectury.transformer.transformers.TransformForgeEnvironment$$Lambda/0x000002499b08e850@2bdcfcf
[Architectury Transformer DEBUG] Remapping Classes:
[Architectury Transformer DEBUG] net/fabricmc/api/EnvType -> net/minecraftforge/api/distmarker/Dist
[Architectury Transformer DEBUG] net/fabricmc/api/Environment -> net/minecraftforge/api/distmarker/OnlyIn
[Architectury Transformer DEBUG] Found class transformer
[Architectury Transformer DEBUG] Writing com/beigu/yunbeiuc/block/custom/pole/RoadLightHighMast with maxs=true frames=true
[Architectury Transformer DEBUG] Remapping refmap from intermediary to srg: yunbeiuc-forge-forge-refmap.json
[Architectury Transformer DEBUG] Transformed com/beigu/yunbeiuc/block/custom/pole/RoadLightHighMast in 82.05 ms
[Architectury Transformer DEBUG] Transforming from com/beigu/yunbeiuc/block/custom/pole/RoadPoleLightLongitudinal.class to com/beigu/yunbeiuc/block/custom/pole/RoadPoleLightLongitudinal.class with 8 transformer(s) on dev.architectury.transformer.handler.TinyRemapperPreparedTransformerHandler
[Architectury Transformer DEBUG] Remapping with 1 mapping provider(s):
[Architectury Transformer DEBUG]  - dev.architectury.transformer.transformers.TransformForgeEnvironment$$Lambda/0x000002499b08e850@2bdcfcf
[Architectury Transformer DEBUG] Remapping Classes:
[Architectury Transformer DEBUG] net/fabricmc/api/EnvType -> net/minecraftforge/api/distmarker/Dist
[Architectury Transformer DEBUG] net/fabricmc/api/Environment -> net/minecraftforge/api/distmarker/OnlyIn
[Architectury Transformer DEBUG] Found class transformer
[Architectury Transformer DEBUG] Writing com/beigu/yunbeiuc/block/custom/pole/RoadPoleLightLongitudinal with maxs=true frames=true
[Architectury Transformer DEBUG] Remapping refmap from intermediary to srg: yunbeiuc-forge-forge-refmap.json
[Architectury Transformer DEBUG] Transformed com/beigu/yunbeiuc/block/custom/pole/RoadPoleLightLongitudinal in 63.86 ms
[Architectury Transformer DEBUG] Transforming from com/beigu/yunbeiuc/block/custom/pole/RoadPoleLightFoundationsSlab.class to com/beigu/yunbeiuc/block/custom/pole/RoadPoleLightFoundationsSlab.class with 8 transformer(s) on dev.architectury.transformer.handler.TinyRemapperPreparedTransformerHandler
[Architectury Transformer DEBUG] Remapping with 1 mapping provider(s):
[Architectury Transformer DEBUG]  - dev.architectury.transformer.transformers.TransformForgeEnvironment$$Lambda/0x000002499b08e850@2bdcfcf
[Architectury Transformer DEBUG] Remapping Classes:
[Architectury Transformer DEBUG] net/fabricmc/api/EnvType -> net/minecraftforge/api/distmarker/Dist
[Architectury Transformer DEBUG] net/fabricmc/api/Environment -> net/minecraftforge/api/distmarker/OnlyIn
[Architectury Transformer DEBUG] Found class transformer
[Architectury Transformer DEBUG] Writing com/beigu/yunbeiuc/block/custom/pole/RoadPoleLightFoundationsSlab with maxs=true frames=true
[Architectury Transformer DEBUG] Remapping refmap from intermediary to srg: yunbeiuc-forge-forge-refmap.json
[Architectury Transformer DEBUG] Transformed com/beigu/yunbeiuc/block/custom/pole/RoadPoleLightFoundationsSlab in 52.76 ms
[Architectury Transformer DEBUG] Transforming from com/beigu/yunbeiuc/block/custom/pole/RoadPoleTextDisplay.class to com/beigu/yunbeiuc/block/custom/pole/RoadPoleTextDisplay.class with 8 transformer(s) on dev.architectury.transformer.handler.TinyRemapperPreparedTransformerHandler
[Architectury Transformer DEBUG] Remapping with 1 mapping provider(s):
[Architectury Transformer DEBUG]  - dev.architectury.transformer.transformers.TransformForgeEnvironment$$Lambda/0x000002499b08e850@2bdcfcf
[Architectury Transformer DEBUG] Remapping Classes:
[Architectury Transformer DEBUG] net/fabricmc/api/EnvType -> net/minecraftforge/api/distmarker/Dist
[Architectury Transformer DEBUG] net/fabricmc/api/Environment -> net/minecraftforge/api/distmarker/OnlyIn
[Architectury Transformer DEBUG] Found class transformer
[Architectury Transformer DEBUG] Writing com/beigu/yunbeiuc/block/custom/pole/RoadPoleTextDisplay with maxs=true frames=true
[Architectury Transformer DEBUG] Remapping refmap from intermediary to srg: yunbeiuc-forge-forge-refmap.json
[Architectury Transformer DEBUG] Transformed com/beigu/yunbeiuc/block/custom/pole/RoadPoleTextDisplay in 58.53 ms
[Architectury Transformer DEBUG] Transforming from com/beigu/yunbeiuc/block/custom/pole/RoadPoleFlag.class to com/beigu/yunbeiuc/block/custom/pole/RoadPoleFlag.class with 8 transformer(s) on dev.architectury.transformer.handler.TinyRemapperPreparedTransformerHandler
[Architectury Transformer DEBUG] Remapping with 1 mapping provider(s):
[Architectury Transformer DEBUG]  - dev.architectury.transformer.transformers.TransformForgeEnvironment$$Lambda/0x000002499b08e850@2bdcfcf
[Architectury Transformer DEBUG] Remapping Classes:
[Architectury Transformer DEBUG] net/fabricmc/api/EnvType -> net/minecraftforge/api/distmarker/Dist
[Architectury Transformer DEBUG] net/fabricmc/api/Environment -> net/minecraftforge/api/distmarker/OnlyIn
[Architectury Transformer DEBUG] Found class transformer
[Architectury Transformer DEBUG] Writing com/beigu/yunbeiuc/block/custom/pole/RoadPoleFlag with maxs=true frames=true
[Architectury Transformer DEBUG] Remapping refmap from intermediary to srg: yunbeiuc-forge-forge-refmap.json
[Architectury Transformer DEBUG] Transformed com/beigu/yunbeiuc/block/custom/pole/RoadPoleFlag in 91.39 ms
[Architectury Transformer DEBUG] Transforming from com/beigu/yunbeiuc/block/custom/pole/RoadPoleLightBranch.class to com/beigu/yunbeiuc/block/custom/pole/RoadPoleLightBranch.class with 8 transformer(s) on dev.architectury.transformer.handler.TinyRemapperPreparedTransformerHandler
[Architectury Transformer DEBUG] Remapping with 1 mapping provider(s):
[Architectury Transformer DEBUG]  - dev.architectury.transformer.transformers.TransformForgeEnvironment$$Lambda/0x000002499b08e850@2bdcfcf
[Architectury Transformer DEBUG] Remapping Classes:
[Architectury Transformer DEBUG] net/fabricmc/api/EnvType -> net/minecraftforge/api/distmarker/Dist
[Architectury Transformer DEBUG] net/fabricmc/api/Environment -> net/minecraftforge/api/distmarker/OnlyIn
[Architectury Transformer DEBUG] Found class transformer
[Architectury Transformer DEBUG] Writing com/beigu/yunbeiuc/block/custom/pole/RoadPoleLightBranch with maxs=true frames=true
[Architectury Transformer DEBUG] Remapping refmap from intermediary to srg: yunbeiuc-forge-forge-refmap.json
[Architectury Transformer DEBUG] Transformed com/beigu/yunbeiuc/block/custom/pole/RoadPoleLightBranch in 60.17 ms
[Architectury Transformer DEBUG] Transforming from com/beigu/yunbeiuc/block/custom/pole/RoadSolarPanel.class to com/beigu/yunbeiuc/block/custom/pole/RoadSolarPanel.class with 8 transformer(s) on dev.architectury.transformer.handler.TinyRemapperPreparedTransformerHandler
[Architectury Transformer DEBUG] Remapping with 1 mapping provider(s):
[Architectury Transformer DEBUG]  - dev.architectury.transformer.transformers.TransformForgeEnvironment$$Lambda/0x000002499b08e850@2bdcfcf
[Architectury Transformer DEBUG] Remapping Classes:
[Architectury Transformer DEBUG] net/fabricmc/api/EnvType -> net/minecraftforge/api/distmarker/Dist
[Architectury Transformer DEBUG] net/fabricmc/api/Environment -> net/minecraftforge/api/distmarker/OnlyIn
[Architectury Transformer DEBUG] Found class transformer
[Architectury Transformer DEBUG] Writing com/beigu/yunbeiuc/block/custom/pole/RoadSolarPanel with maxs=true frames=true
[Architectury Transformer DEBUG] Remapping refmap from intermediary to srg: yunbeiuc-forge-forge-refmap.json
[Architectury Transformer DEBUG] Transformed com/beigu/yunbeiuc/block/custom/pole/RoadSolarPanel in 31.05 ms
[Architectury Transformer DEBUG] Transforming from com/beigu/yunbeiuc/block/custom/pole/RoadPoleLightFoundations.class to com/beigu/yunbeiuc/block/custom/pole/RoadPoleLightFoundations.class with 8 transformer(s) on dev.architectury.transformer.handler.TinyRemapperPreparedTransformerHandler
[Architectury Transformer DEBUG] Remapping with 1 mapping provider(s):
[Architectury Transformer DEBUG]  - dev.architectury.transformer.transformers.TransformForgeEnvironment$$Lambda/0x000002499b08e850@2bdcfcf
[Architectury Transformer DEBUG] Remapping Classes:
[Architectury Transformer DEBUG] net/fabricmc/api/EnvType -> net/minecraftforge/api/distmarker/Dist
[Architectury Transformer DEBUG] net/fabricmc/api/Environment -> net/minecraftforge/api/distmarker/OnlyIn
[Architectury Transformer DEBUG] Found class transformer
[Architectury Transformer DEBUG] Writing com/beigu/yunbeiuc/block/custom/pole/RoadPoleLightFoundations with maxs=true frames=true
[Architectury Transformer DEBUG] Remapping refmap from intermediary to srg: yunbeiuc-forge-forge-refmap.json
[Architectury Transformer DEBUG] Transformed com/beigu/yunbeiuc/block/custom/pole/RoadPoleLightFoundations in 40.03 ms
[Architectury Transformer DEBUG] Transforming from com/beigu/yunbeiuc/block/RoadBlocks.class to com/beigu/yunbeiuc/block/RoadBlocks.class with 8 transformer(s) on dev.architectury.transformer.handler.TinyRemapperPreparedTransformerHandler
[Architectury Transformer DEBUG] Remapping with 1 mapping provider(s):
[Architectury Transformer DEBUG]  - dev.architectury.transformer.transformers.TransformForgeEnvironment$$Lambda/0x000002499b08e850@2bdcfcf
[Architectury Transformer DEBUG] Remapping Classes:
[Architectury Transformer DEBUG] net/fabricmc/api/EnvType -> net/minecraftforge/api/distmarker/Dist
[Architectury Transformer DEBUG] net/fabricmc/api/Environment -> net/minecraftforge/api/distmarker/OnlyIn
[Architectury Transformer DEBUG] Found class transformer
[Architectury Transformer DEBUG] Writing com/beigu/yunbeiuc/block/RoadBlocks with maxs=true frames=true
[Architectury Transformer DEBUG] Remapping refmap from intermediary to srg: yunbeiuc-forge-forge-refmap.json
[Architectury Transformer DEBUG] Transformed com/beigu/yunbeiuc/block/RoadBlocks in 125.6 ms
[Architectury Transformer DEBUG] Transforming from com/beigu/yunbeiuc/block/custom/road/RoadBlockRotate90.class to com/beigu/yunbeiuc/block/custom/road/RoadBlockRotate90.class with 8 transformer(s) on dev.architectury.transformer.handler.TinyRemapperPreparedTransformerHandler
[Architectury Transformer DEBUG] Remapping with 1 mapping provider(s):
[Architectury Transformer DEBUG]  - dev.architectury.transformer.transformers.TransformForgeEnvironment$$Lambda/0x000002499b08e850@2bdcfcf
[Architectury Transformer DEBUG] Remapping Classes:
[Architectury Transformer DEBUG] net/fabricmc/api/EnvType -> net/minecraftforge/api/distmarker/Dist
[Architectury Transformer DEBUG] net/fabricmc/api/Environment -> net/minecraftforge/api/distmarker/OnlyIn
[Architectury Transformer DEBUG] Found class transformer
[Architectury Transformer DEBUG] Writing com/beigu/yunbeiuc/block/custom/road/RoadBlockRotate90 with maxs=true frames=true
[Architectury Transformer DEBUG] Remapping refmap from intermediary to srg: yunbeiuc-forge-forge-refmap.json
[Architectury Transformer DEBUG] Transformed com/beigu/yunbeiuc/block/custom/road/RoadBlockRotate90 in 58.92 ms
[Architectury Transformer DEBUG] Transforming from com/beigu/yunbeiuc/block/custom/road/RoadBlockRotate180.class to com/beigu/yunbeiuc/block/custom/road/RoadBlockRotate180.class with 8 transformer(s) on dev.architectury.transformer.handler.TinyRemapperPreparedTransformerHandler
[Architectury Transformer DEBUG] Remapping with 1 mapping provider(s):
[Architectury Transformer DEBUG]  - dev.architectury.transformer.transformers.TransformForgeEnvironment$$Lambda/0x000002499b08e850@2bdcfcf
[Architectury Transformer DEBUG] Remapping Classes:
[Architectury Transformer DEBUG] net/fabricmc/api/EnvType -> net/minecraftforge/api/distmarker/Dist
[Architectury Transformer DEBUG] net/fabricmc/api/Environment -> net/minecraftforge/api/distmarker/OnlyIn
[Architectury Transformer DEBUG] Found class transformer
[Architectury Transformer DEBUG] Writing com/beigu/yunbeiuc/block/custom/road/RoadBlockRotate180 with maxs=true frames=true
[Architectury Transformer DEBUG] Remapping refmap from intermediary to srg: yunbeiuc-forge-forge-refmap.json
[Architectury Transformer DEBUG] Transformed com/beigu/yunbeiuc/block/custom/road/RoadBlockRotate180 in 51.43 ms
[Architectury Transformer DEBUG] Transforming from com/beigu/yunbeiuc/block/custom/road/GroundMark1Block.class to com/beigu/yunbeiuc/block/custom/road/GroundMark1Block.class with 8 transformer(s) on dev.architectury.transformer.handler.TinyRemapperPreparedTransformerHandler
[Architectury Transformer DEBUG] Remapping with 1 mapping provider(s):
[Architectury Transformer DEBUG]  - dev.architectury.transformer.transformers.TransformForgeEnvironment$$Lambda/0x000002499b08e850@2bdcfcf
[Architectury Transformer DEBUG] Remapping Classes:
[Architectury Transformer DEBUG] net/fabricmc/api/EnvType -> net/minecraftforge/api/distmarker/Dist
[Architectury Transformer DEBUG] net/fabricmc/api/Environment -> net/minecraftforge/api/distmarker/OnlyIn
[Architectury Transformer DEBUG] Found class transformer
[Architectury Transformer DEBUG] Writing com/beigu/yunbeiuc/block/custom/road/GroundMark1Block with maxs=true frames=true
[Architectury Transformer DEBUG] Remapping refmap from intermediary to srg: yunbeiuc-forge-forge-refmap.json
[Architectury Transformer DEBUG] Transformed com/beigu/yunbeiuc/block/custom/road/GroundMark1Block in 39.20 ms
[Architectury Transformer DEBUG] Transforming from com/beigu/yunbeiuc/block/custom/road/GroundMark2Block.class to com/beigu/yunbeiuc/block/custom/road/GroundMark2Block.class with 8 transformer(s) on dev.architectury.transformer.handler.TinyRemapperPreparedTransformerHandler
[Architectury Transformer DEBUG] Remapping with 1 mapping provider(s):
[Architectury Transformer DEBUG]  - dev.architectury.transformer.transformers.TransformForgeEnvironment$$Lambda/0x000002499b08e850@2bdcfcf
[Architectury Transformer DEBUG] Remapping Classes:
[Architectury Transformer DEBUG] net/fabricmc/api/EnvType -> net/minecraftforge/api/distmarker/Dist
[Architectury Transformer DEBUG] net/fabricmc/api/Environment -> net/minecraftforge/api/distmarker/OnlyIn
[Architectury Transformer DEBUG] Found class transformer
[Architectury Transformer DEBUG] Writing com/beigu/yunbeiuc/block/custom/road/GroundMark2Block with maxs=true frames=true
[Architectury Transformer DEBUG] Remapping refmap from intermediary to srg: yunbeiuc-forge-forge-refmap.json
[Architectury Transformer DEBUG] Transformed com/beigu/yunbeiuc/block/custom/road/GroundMark2Block in 55.85 ms
[Architectury Transformer DEBUG] Transforming from com/beigu/yunbeiuc/block/SignBlocks.class to com/beigu/yunbeiuc/block/SignBlocks.class with 8 transformer(s) on dev.architectury.transformer.handler.TinyRemapperPreparedTransformerHandler
[Architectury Transformer DEBUG] Remapping with 1 mapping provider(s):
[Architectury Transformer DEBUG]  - dev.architectury.transformer.transformers.TransformForgeEnvironment$$Lambda/0x000002499b08e850@2bdcfcf
[Architectury Transformer DEBUG] Remapping Classes:
[Architectury Transformer DEBUG] net/fabricmc/api/EnvType -> net/minecraftforge/api/distmarker/Dist
[Architectury Transformer DEBUG] net/fabricmc/api/Environment -> net/minecraftforge/api/distmarker/OnlyIn
[Architectury Transformer DEBUG] Found class transformer
[Architectury Transformer DEBUG] Writing com/beigu/yunbeiuc/block/SignBlocks with maxs=true frames=true
[Architectury Transformer DEBUG] Remapping refmap from intermediary to srg: yunbeiuc-forge-forge-refmap.json
[Architectury Transformer DEBUG] Transformed com/beigu/yunbeiuc/block/SignBlocks in 455.3 ms
[Architectury Transformer DEBUG] Transforming from com/beigu/yunbeiuc/block/custom/sign/SignSimpleBlock.class to com/beigu/yunbeiuc/block/custom/sign/SignSimpleBlock.class with 8 transformer(s) on dev.architectury.transformer.handler.TinyRemapperPreparedTransformerHandler
[Architectury Transformer DEBUG] Remapping with 1 mapping provider(s):
[Architectury Transformer DEBUG]  - dev.architectury.transformer.transformers.TransformForgeEnvironment$$Lambda/0x000002499b08e850@2bdcfcf
[Architectury Transformer DEBUG] Remapping Classes:
[Architectury Transformer DEBUG] net/fabricmc/api/EnvType -> net/minecraftforge/api/distmarker/Dist
[Architectury Transformer DEBUG] net/fabricmc/api/Environment -> net/minecraftforge/api/distmarker/OnlyIn
[Architectury Transformer DEBUG] Found class transformer
[Architectury Transformer DEBUG] Writing com/beigu/yunbeiuc/block/custom/sign/SignSimpleBlock with maxs=true frames=true
[Architectury Transformer DEBUG] Remapping refmap from intermediary to srg: yunbeiuc-forge-forge-refmap.json
[Architectury Transformer DEBUG] Transformed com/beigu/yunbeiuc/block/custom/sign/SignSimpleBlock in 123.4 ms
[Architectury Transformer DEBUG] Transforming from com/beigu/yunbeiuc/block/custom/sign/ZonesBoard1.class to com/beigu/yunbeiuc/block/custom/sign/ZonesBoard1.class with 8 transformer(s) on dev.architectury.transformer.handler.TinyRemapperPreparedTransformerHandler
[Architectury Transformer DEBUG] Remapping with 1 mapping provider(s):
[Architectury Transformer DEBUG]  - dev.architectury.transformer.transformers.TransformForgeEnvironment$$Lambda/0x000002499b08e850@2bdcfcf
[Architectury Transformer DEBUG] Remapping Classes:
[Architectury Transformer DEBUG] net/fabricmc/api/EnvType -> net/minecraftforge/api/distmarker/Dist
[Architectury Transformer DEBUG] net/fabricmc/api/Environment -> net/minecraftforge/api/distmarker/OnlyIn
[Architectury Transformer DEBUG] Found class transformer
[Architectury Transformer DEBUG] Writing com/beigu/yunbeiuc/block/custom/sign/ZonesBoard1 with maxs=true frames=true
[Architectury Transformer DEBUG] Remapping refmap from intermediary to srg: yunbeiuc-forge-forge-refmap.json
[Architectury Transformer DEBUG] Transformed com/beigu/yunbeiuc/block/custom/sign/ZonesBoard1 in 77.32 ms
[Architectury Transformer DEBUG] Transforming from com/beigu/yunbeiuc/block/custom/sign/SignExpresswayEntranceAdvance7.class to com/beigu/yunbeiuc/block/custom/sign/SignExpresswayEntranceAdvance7.class with 8 transformer(s) on dev.architectury.transformer.handler.TinyRemapperPreparedTransformerHandler
[Architectury Transformer DEBUG] Remapping with 1 mapping provider(s):
[Architectury Transformer DEBUG]  - dev.architectury.transformer.transformers.TransformForgeEnvironment$$Lambda/0x000002499b08e850@2bdcfcf
[Architectury Transformer DEBUG] Remapping Classes:
[Architectury Transformer DEBUG] net/fabricmc/api/EnvType -> net/minecraftforge/api/distmarker/Dist
[Architectury Transformer DEBUG] net/fabricmc/api/Environment -> net/minecraftforge/api/distmarker/OnlyIn
[Architectury Transformer DEBUG] Found class transformer
[Architectury Transformer DEBUG] Writing com/beigu/yunbeiuc/block/custom/sign/SignExpresswayEntranceAdvance7 with maxs=true frames=true
[Architectury Transformer DEBUG] Remapping refmap from intermediary to srg: yunbeiuc-forge-forge-refmap.json
[Architectury Transformer DEBUG] Transformed com/beigu/yunbeiuc/block/custom/sign/SignExpresswayEntranceAdvance7 in 116.8 ms
[Architectury Transformer DEBUG] Transforming from com/beigu/yunbeiuc/block/custom/sign/SignExpresswayEntranceAdvance4.class to com/beigu/yunbeiuc/block/custom/sign/SignExpresswayEntranceAdvance4.class with 8 transformer(s) on dev.architectury.transformer.handler.TinyRemapperPreparedTransformerHandler
[Architectury Transformer DEBUG] Remapping with 1 mapping provider(s):
[Architectury Transformer DEBUG]  - dev.architectury.transformer.transformers.TransformForgeEnvironment$$Lambda/0x000002499b08e850@2bdcfcf
[Architectury Transformer DEBUG] Remapping Classes:
[Architectury Transformer DEBUG] net/fabricmc/api/EnvType -> net/minecraftforge/api/distmarker/Dist
[Architectury Transformer DEBUG] net/fabricmc/api/Environment -> net/minecraftforge/api/distmarker/OnlyIn
[Architectury Transformer DEBUG] Found class transformer
[Architectury Transformer DEBUG] Writing com/beigu/yunbeiuc/block/custom/sign/SignExpresswayEntranceAdvance4 with maxs=true frames=true
[Architectury Transformer DEBUG] Remapping refmap from intermediary to srg: yunbeiuc-forge-forge-refmap.json
[Architectury Transformer DEBUG] Transformed com/beigu/yunbeiuc/block/custom/sign/SignExpresswayEntranceAdvance4 in 64.41 ms
[Architectury Transformer DEBUG] Transforming from com/beigu/yunbeiuc/block/custom/sign/SignExpresswayEntranceAdvance1.class to com/beigu/yunbeiuc/block/custom/sign/SignExpresswayEntranceAdvance1.class with 8 transformer(s) on dev.architectury.transformer.handler.TinyRemapperPreparedTransformerHandler
[Architectury Transformer DEBUG] Remapping with 1 mapping provider(s):
[Architectury Transformer DEBUG]  - dev.architectury.transformer.transformers.TransformForgeEnvironment$$Lambda/0x000002499b08e850@2bdcfcf
[Architectury Transformer DEBUG] Remapping Classes:
[Architectury Transformer DEBUG] net/fabricmc/api/EnvType -> net/minecraftforge/api/distmarker/Dist
[Architectury Transformer DEBUG] net/fabricmc/api/Environment -> net/minecraftforge/api/distmarker/OnlyIn
[Architectury Transformer DEBUG] Found class transformer
[Architectury Transformer DEBUG] Writing com/beigu/yunbeiuc/block/custom/sign/SignExpresswayEntranceAdvance1 with maxs=true frames=true
[Architectury Transformer DEBUG] Remapping refmap from intermediary to srg: yunbeiuc-forge-forge-refmap.json
[Architectury Transformer DEBUG] Transformed com/beigu/yunbeiuc/block/custom/sign/SignExpresswayEntranceAdvance1 in 63.78 ms
[Architectury Transformer DEBUG] Transforming from com/beigu/yunbeiuc/block/custom/sign/SignExpresswayEntranceAdvance10.class to com/beigu/yunbeiuc/block/custom/sign/SignExpresswayEntranceAdvance10.class with 8 transformer(s) on dev.architectury.transformer.handler.TinyRemapperPreparedTransformerHandler
[Architectury Transformer DEBUG] Remapping with 1 mapping provider(s):
[Architectury Transformer DEBUG]  - dev.architectury.transformer.transformers.TransformForgeEnvironment$$Lambda/0x000002499b08e850@2bdcfcf
[Architectury Transformer DEBUG] Remapping Classes:
[Architectury Transformer DEBUG] net/fabricmc/api/EnvType -> net/minecraftforge/api/distmarker/Dist
[Architectury Transformer DEBUG] net/fabricmc/api/Environment -> net/minecraftforge/api/distmarker/OnlyIn
[Architectury Transformer DEBUG] Found class transformer
[Architectury Transformer DEBUG] Writing com/beigu/yunbeiuc/block/custom/sign/SignExpresswayEntranceAdvance10 with maxs=true frames=true
[Architectury Transformer DEBUG] Remapping refmap from intermediary to srg: yunbeiuc-forge-forge-refmap.json
[Architectury Transformer DEBUG] Transformed com/beigu/yunbeiuc/block/custom/sign/SignExpresswayEntranceAdvance10 in 41.82 ms
[Architectury Transformer DEBUG] Transforming from com/beigu/yunbeiuc/block/custom/sign/SignGuideIntersectionWarning1.class to com/beigu/yunbeiuc/block/custom/sign/SignGuideIntersectionWarning1.class with 8 transformer(s) on dev.architectury.transformer.handler.TinyRemapperPreparedTransformerHandler
[Architectury Transformer DEBUG] Remapping with 1 mapping provider(s):
[Architectury Transformer DEBUG]  - dev.architectury.transformer.transformers.TransformForgeEnvironment$$Lambda/0x000002499b08e850@2bdcfcf
[Architectury Transformer DEBUG] Remapping Classes:
[Architectury Transformer DEBUG] net/fabricmc/api/EnvType -> net/minecraftforge/api/distmarker/Dist
[Architectury Transformer DEBUG] net/fabricmc/api/Environment -> net/minecraftforge/api/distmarker/OnlyIn
[Architectury Transformer DEBUG] Found class transformer
[Architectury Transformer DEBUG] Writing com/beigu/yunbeiuc/block/custom/sign/SignGuideIntersectionWarning1 with maxs=true frames=true
[Architectury Transformer DEBUG] Remapping refmap from intermediary to srg: yunbeiuc-forge-forge-refmap.json
[Architectury Transformer DEBUG] Transformed com/beigu/yunbeiuc/block/custom/sign/SignGuideIntersectionWarning1 in 44.03 ms
[Architectury Transformer DEBUG] Transforming from com/beigu/yunbeiuc/block/custom/sign/SignGuideRoadsideFacilityOverloadCheckpoint1.class to com/beigu/yunbeiuc/block/custom/sign/SignGuideRoadsideFacilityOverloadCheckpoint1.class with 8 transformer(s) on dev.architectury.transformer.handler.TinyRemapperPreparedTransformerHandler
[Architectury Transformer DEBUG] Remapping with 1 mapping provider(s):
[Architectury Transformer DEBUG]  - dev.architectury.transformer.transformers.TransformForgeEnvironment$$Lambda/0x000002499b08e850@2bdcfcf
[Architectury Transformer DEBUG] Remapping Classes:
[Architectury Transformer DEBUG] net/fabricmc/api/EnvType -> net/minecraftforge/api/distmarker/Dist
[Architectury Transformer DEBUG] net/fabricmc/api/Environment -> net/minecraftforge/api/distmarker/OnlyIn
[Architectury Transformer DEBUG] Found class transformer
[Architectury Transformer DEBUG] Writing com/beigu/yunbeiuc/block/custom/sign/SignGuideRoadsideFacilityOverloadCheckpoint1 with maxs=true frames=true
[Architectury Transformer DEBUG] Remapping refmap from intermediary to srg: yunbeiuc-forge-forge-refmap.json
[Architectury Transformer DEBUG] Transformed com/beigu/yunbeiuc/block/custom/sign/SignGuideRoadsideFacilityOverloadCheckpoint1 in 28.66 ms
[Architectury Transformer DEBUG] Transforming from com/beigu/yunbeiuc/block/custom/sign/SignExpresswayExit8.class to com/beigu/yunbeiuc/block/custom/sign/SignExpresswayExit8.class with 8 transformer(s) on dev.architectury.transformer.handler.TinyRemapperPreparedTransformerHandler
[Architectury Transformer DEBUG] Remapping with 1 mapping provider(s):
[Architectury Transformer DEBUG]  - dev.architectury.transformer.transformers.TransformForgeEnvironment$$Lambda/0x000002499b08e850@2bdcfcf
[Architectury Transformer DEBUG] Remapping Classes:
[Architectury Transformer DEBUG] net/fabricmc/api/EnvType -> net/minecraftforge/api/distmarker/Dist
[Architectury Transformer DEBUG] net/fabricmc/api/Environment -> net/minecraftforge/api/distmarker/OnlyIn
[Architectury Transformer DEBUG] Found class transformer
[Architectury Transformer DEBUG] Writing com/beigu/yunbeiuc/block/custom/sign/SignExpresswayExit8 with maxs=true frames=true
[Architectury Transformer DEBUG] Remapping refmap from intermediary to srg: yunbeiuc-forge-forge-refmap.json
[Architectury Transformer DEBUG] Transformed com/beigu/yunbeiuc/block/custom/sign/SignExpresswayExit8 in 27.03 ms
[Architectury Transformer DEBUG] Transforming from com/beigu/yunbeiuc/block/custom/sign/SignExpresswayDirection5.class to com/beigu/yunbeiuc/block/custom/sign/SignExpresswayDirection5.class with 8 transformer(s) on dev.architectury.transformer.handler.TinyRemapperPreparedTransformerHandler
[Architectury Transformer DEBUG] Remapping with 1 mapping provider(s):
[Architectury Transformer DEBUG]  - dev.architectury.transformer.transformers.TransformForgeEnvironment$$Lambda/0x000002499b08e850@2bdcfcf
[Architectury Transformer DEBUG] Remapping Classes:
[Architectury Transformer DEBUG] net/fabricmc/api/EnvType -> net/minecraftforge/api/distmarker/Dist
[Architectury Transformer DEBUG] net/fabricmc/api/Environment -> net/minecraftforge/api/distmarker/OnlyIn
[Architectury Transformer DEBUG] Found class transformer
[Architectury Transformer DEBUG] Writing com/beigu/yunbeiuc/block/custom/sign/SignExpresswayDirection5 with maxs=true frames=true
[Architectury Transformer DEBUG] Remapping refmap from intermediary to srg: yunbeiuc-forge-forge-refmap.json
[Architectury Transformer DEBUG] Transformed com/beigu/yunbeiuc/block/custom/sign/SignExpresswayDirection5 in 25.97 ms
[Architectury Transformer DEBUG] Transforming from com/beigu/yunbeiuc/block/custom/sign/SignExpresswayDirection1.class to com/beigu/yunbeiuc/block/custom/sign/SignExpresswayDirection1.class with 8 transformer(s) on dev.architectury.transformer.handler.TinyRemapperPreparedTransformerHandler
[Architectury Transformer DEBUG] Remapping with 1 mapping provider(s):
[Architectury Transformer DEBUG]  - dev.architectury.transformer.transformers.TransformForgeEnvironment$$Lambda/0x000002499b08e850@2bdcfcf
[Architectury Transformer DEBUG] Remapping Classes:
[Architectury Transformer DEBUG] net/fabricmc/api/EnvType -> net/minecraftforge/api/distmarker/Dist
[Architectury Transformer DEBUG] net/fabricmc/api/Environment -> net/minecraftforge/api/distmarker/OnlyIn
[Architectury Transformer DEBUG] Found class transformer
[Architectury Transformer DEBUG] Writing com/beigu/yunbeiuc/block/custom/sign/SignExpresswayDirection1 with maxs=true frames=true
[Architectury Transformer DEBUG] Remapping refmap from intermediary to srg: yunbeiuc-forge-forge-refmap.json
[Architectury Transformer DEBUG] Transformed com/beigu/yunbeiuc/block/custom/sign/SignExpresswayDirection1 in 31.70 ms
[Architectury Transformer DEBUG] Transforming from com/beigu/yunbeiuc/block/custom/sign/SignExpresswayEntranceAdvance13.class to com/beigu/yunbeiuc/block/custom/sign/SignExpresswayEntranceAdvance13.class with 8 transformer(s) on dev.architectury.transformer.handler.TinyRemapperPreparedTransformerHandler
[Architectury Transformer DEBUG] Remapping with 1 mapping provider(s):
[Architectury Transformer DEBUG]  - dev.architectury.transformer.transformers.TransformForgeEnvironment$$Lambda/0x000002499b08e850@2bdcfcf
[Architectury Transformer DEBUG] Remapping Classes:
[Architectury Transformer DEBUG] net/fabricmc/api/EnvType -> net/minecraftforge/api/distmarker/Dist
[Architectury Transformer DEBUG] net/fabricmc/api/Environment -> net/minecraftforge/api/distmarker/OnlyIn
[Architectury Transformer DEBUG] Found class transformer
[Architectury Transformer DEBUG] Writing com/beigu/yunbeiuc/block/custom/sign/SignExpresswayEntranceAdvance13 with maxs=true frames=true
[Architectury Transformer DEBUG] Remapping refmap from intermediary to srg: yunbeiuc-forge-forge-refmap.json
[Architectury Transformer DEBUG] Transformed com/beigu/yunbeiuc/block/custom/sign/SignExpresswayEntranceAdvance13 in 49.74 ms
[Architectury Transformer DEBUG] Transforming from com/beigu/yunbeiuc/block/custom/sign/SignExpresswayDirection3.class to com/beigu/yunbeiuc/block/custom/sign/SignExpresswayDirection3.class with 8 transformer(s) on dev.architectury.transformer.handler.TinyRemapperPreparedTransformerHandler
[Architectury Transformer DEBUG] Remapping with 1 mapping provider(s):
[Architectury Transformer DEBUG]  - dev.architectury.transformer.transformers.TransformForgeEnvironment$$Lambda/0x000002499b08e850@2bdcfcf
[Architectury Transformer DEBUG] Remapping Classes:
[Architectury Transformer DEBUG] net/fabricmc/api/EnvType -> net/minecraftforge/api/distmarker/Dist
[Architectury Transformer DEBUG] net/fabricmc/api/Environment -> net/minecraftforge/api/distmarker/OnlyIn
[Architectury Transformer DEBUG] Found class transformer
[Architectury Transformer DEBUG] Writing com/beigu/yunbeiuc/block/custom/sign/SignExpresswayDirection3 with maxs=true frames=true
[Architectury Transformer DEBUG] Remapping refmap from intermediary to srg: yunbeiuc-forge-forge-refmap.json
[Architectury Transformer DEBUG] Transformed com/beigu/yunbeiuc/block/custom/sign/SignExpresswayDirection3 in 27.54 ms
[Architectury Transformer DEBUG] Transforming from com/beigu/yunbeiuc/block/custom/sign/SignGuideIntersectionAdvanceWarning5.class to com/beigu/yunbeiuc/block/custom/sign/SignGuideIntersectionAdvanceWarning5.class with 8 transformer(s) on dev.architectury.transformer.handler.TinyRemapperPreparedTransformerHandler
[Architectury Transformer DEBUG] Remapping with 1 mapping provider(s):
[Architectury Transformer DEBUG]  - dev.architectury.transformer.transformers.TransformForgeEnvironment$$Lambda/0x000002499b08e850@2bdcfcf
[Architectury Transformer DEBUG] Remapping Classes:
[Architectury Transformer DEBUG] net/fabricmc/api/EnvType -> net/minecraftforge/api/distmarker/Dist
[Architectury Transformer DEBUG] net/fabricmc/api/Environment -> net/minecraftforge/api/distmarker/OnlyIn
[Architectury Transformer DEBUG] Found class transformer
[Architectury Transformer DEBUG] Writing com/beigu/yunbeiuc/block/custom/sign/SignGuideIntersectionAdvanceWarning5 with maxs=true frames=true
[Architectury Transformer DEBUG] Remapping refmap from intermediary to srg: yunbeiuc-forge-forge-refmap.json
[Architectury Transformer DEBUG] Transformed com/beigu/yunbeiuc/block/custom/sign/SignGuideIntersectionAdvanceWarning5 in 39.64 ms
[Architectury Transformer DEBUG] Transforming from com/beigu/yunbeiuc/block/custom/sign/SignGuideIntersectionWarning4.class to com/beigu/yunbeiuc/block/custom/sign/SignGuideIntersectionWarning4.class with 8 transformer(s) on dev.architectury.transformer.handler.TinyRemapperPreparedTransformerHandler
[Architectury Transformer DEBUG] Remapping with 1 mapping provider(s):
[Architectury Transformer DEBUG]  - dev.architectury.transformer.transformers.TransformForgeEnvironment$$Lambda/0x000002499b08e850@2bdcfcf
[Architectury Transformer DEBUG] Remapping Classes:
[Architectury Transformer DEBUG] net/fabricmc/api/EnvType -> net/minecraftforge/api/distmarker/Dist
[Architectury Transformer DEBUG] net/fabricmc/api/Environment -> net/minecraftforge/api/distmarker/OnlyIn
[Architectury Transformer DEBUG] Found class transformer
[Architectury Transformer DEBUG] Writing com/beigu/yunbeiuc/block/custom/sign/SignGuideIntersectionWarning4 with maxs=true frames=true
[Architectury Transformer DEBUG] Remapping refmap from intermediary to srg: yunbeiuc-forge-forge-refmap.json
[Architectury Transformer DEBUG] Transformed com/beigu/yunbeiuc/block/custom/sign/SignGuideIntersectionWarning4 in 32.82 ms
[Architectury Transformer DEBUG] Transforming from com/beigu/yunbeiuc/block/custom/sign/SignGuideIntersectionAdvanceWarning6.class to com/beigu/yunbeiuc/block/custom/sign/SignGuideIntersectionAdvanceWarning6.class with 8 transformer(s) on dev.architectury.transformer.handler.TinyRemapperPreparedTransformerHandler
[Architectury Transformer DEBUG] Remapping with 1 mapping provider(s):
[Architectury Transformer DEBUG]  - dev.architectury.transformer.transformers.TransformForgeEnvironment$$Lambda/0x000002499b08e850@2bdcfcf
[Architectury Transformer DEBUG] Remapping Classes:
[Architectury Transformer DEBUG] net/fabricmc/api/EnvType -> net/minecraftforge/api/distmarker/Dist
[Architectury Transformer DEBUG] net/fabricmc/api/Environment -> net/minecraftforge/api/distmarker/OnlyIn
[Architectury Transformer DEBUG] Found class transformer
[Architectury Transformer DEBUG] Writing com/beigu/yunbeiuc/block/custom/sign/SignGuideIntersectionAdvanceWarning6 with maxs=true frames=true
[Architectury Transformer DEBUG] Remapping refmap from intermediary to srg: yunbeiuc-forge-forge-refmap.json
[Architectury Transformer DEBUG] Transformed com/beigu/yunbeiuc/block/custom/sign/SignGuideIntersectionAdvanceWarning6 in 43.28 ms
[Architectury Transformer DEBUG] Transforming from com/beigu/yunbeiuc/block/custom/sign/SignGuideConfirmation1.class to com/beigu/yunbeiuc/block/custom/sign/SignGuideConfirmation1.class with 8 transformer(s) on dev.architectury.transformer.handler.TinyRemapperPreparedTransformerHandler
[Architectury Transformer DEBUG] Remapping with 1 mapping provider(s):
[Architectury Transformer DEBUG]  - dev.architectury.transformer.transformers.TransformForgeEnvironment$$Lambda/0x000002499b08e850@2bdcfcf
[Architectury Transformer DEBUG] Remapping Classes:
[Architectury Transformer DEBUG] net/fabricmc/api/EnvType -> net/minecraftforge/api/distmarker/Dist
[Architectury Transformer DEBUG] net/fabricmc/api/Environment -> net/minecraftforge/api/distmarker/OnlyIn
[Architectury Transformer DEBUG] Found class transformer
[Architectury Transformer DEBUG] Writing com/beigu/yunbeiuc/block/custom/sign/SignGuideConfirmation1 with maxs=true frames=true
[Architectury Transformer DEBUG] Remapping refmap from intermediary to srg: yunbeiuc-forge-forge-refmap.json
[Architectury Transformer DEBUG] Transformed com/beigu/yunbeiuc/block/custom/sign/SignGuideConfirmation1 in 73.43 ms
[Architectury Transformer DEBUG] Transforming from com/beigu/yunbeiuc/block/custom/sign/SignGuideIntersectionAdvanceWarning1Wuhan.class to com/beigu/yunbeiuc/block/custom/sign/SignGuideIntersectionAdvanceWarning1Wuhan.class with 8 transformer(s) on dev.architectury.transformer.handler.TinyRemapperPreparedTransformerHandler
[Architectury Transformer DEBUG] Remapping with 1 mapping provider(s):
[Architectury Transformer DEBUG]  - dev.architectury.transformer.transformers.TransformForgeEnvironment$$Lambda/0x000002499b08e850@2bdcfcf
[Architectury Transformer DEBUG] Remapping Classes:
[Architectury Transformer DEBUG] net/fabricmc/api/EnvType -> net/minecraftforge/api/distmarker/Dist
[Architectury Transformer DEBUG] net/fabricmc/api/Environment -> net/minecraftforge/api/distmarker/OnlyIn
[Architectury Transformer DEBUG] Found class transformer
[Architectury Transformer DEBUG] Writing com/beigu/yunbeiuc/block/custom/sign/SignGuideIntersectionAdvanceWarning1Wuhan with maxs=true frames=true
[Architectury Transformer DEBUG] Remapping refmap from intermediary to srg: yunbeiuc-forge-forge-refmap.json
[Architectury Transformer DEBUG] Transformed com/beigu/yunbeiuc/block/custom/sign/SignGuideIntersectionAdvanceWarning1Wuhan in 43.78 ms
[Architectury Transformer DEBUG] Transforming from com/beigu/yunbeiuc/block/custom/sign/ZonesBoardOverWeight.class to com/beigu/yunbeiuc/block/custom/sign/ZonesBoardOverWeight.class with 8 transformer(s) on dev.architectury.transformer.handler.TinyRemapperPreparedTransformerHandler
[Architectury Transformer DEBUG] Remapping with 1 mapping provider(s):
[Architectury Transformer DEBUG]  - dev.architectury.transformer.transformers.TransformForgeEnvironment$$Lambda/0x000002499b08e850@2bdcfcf
[Architectury Transformer DEBUG] Remapping Classes:
[Architectury Transformer DEBUG] net/fabricmc/api/EnvType -> net/minecraftforge/api/distmarker/Dist
[Architectury Transformer DEBUG] net/fabricmc/api/Environment -> net/minecraftforge/api/distmarker/OnlyIn
[Architectury Transformer DEBUG] Found class transformer
[Architectury Transformer DEBUG] Writing com/beigu/yunbeiuc/block/custom/sign/ZonesBoardOverWeight with maxs=true frames=true
[Architectury Transformer DEBUG] Remapping refmap from intermediary to srg: yunbeiuc-forge-forge-refmap.json
[Architectury Transformer DEBUG] Transformed com/beigu/yunbeiuc/block/custom/sign/ZonesBoardOverWeight in 35.34 ms
[Architectury Transformer DEBUG] Transforming from com/beigu/yunbeiuc/block/custom/sign/SignGuideLaneIndicator1.class to com/beigu/yunbeiuc/block/custom/sign/SignGuideLaneIndicator1.class with 8 transformer(s) on dev.architectury.transformer.handler.TinyRemapperPreparedTransformerHandler
[Architectury Transformer DEBUG] Remapping with 1 mapping provider(s):
[Architectury Transformer DEBUG]  - dev.architectury.transformer.transformers.TransformForgeEnvironment$$Lambda/0x000002499b08e850@2bdcfcf
[Architectury Transformer DEBUG] Remapping Classes:
[Architectury Transformer DEBUG] net/fabricmc/api/EnvType -> net/minecraftforge/api/distmarker/Dist
[Architectury Transformer DEBUG] net/fabricmc/api/Environment -> net/minecraftforge/api/distmarker/OnlyIn
[Architectury Transformer DEBUG] Found class transformer
[Architectury Transformer DEBUG] Writing com/beigu/yunbeiuc/block/custom/sign/SignGuideLaneIndicator1 with maxs=true frames=true
[Architectury Transformer DEBUG] Remapping refmap from intermediary to srg: yunbeiuc-forge-forge-refmap.json
[Architectury Transformer DEBUG] Transformed com/beigu/yunbeiuc/block/custom/sign/SignGuideLaneIndicator1 in 33.99 ms
[Architectury Transformer DEBUG] Transforming from com/beigu/yunbeiuc/block/custom/sign/ZonesBoardImage.class to com/beigu/yunbeiuc/block/custom/sign/ZonesBoardImage.class with 8 transformer(s) on dev.architectury.transformer.handler.TinyRemapperPreparedTransformerHandler
[Architectury Transformer DEBUG] Remapping with 1 mapping provider(s):
[Architectury Transformer DEBUG]  - dev.architectury.transformer.transformers.TransformForgeEnvironment$$Lambda/0x000002499b08e850@2bdcfcf
[Architectury Transformer DEBUG] Remapping Classes:
[Architectury Transformer DEBUG] net/fabricmc/api/EnvType -> net/minecraftforge/api/distmarker/Dist
[Architectury Transformer DEBUG] net/fabricmc/api/Environment -> net/minecraftforge/api/distmarker/OnlyIn
[Architectury Transformer DEBUG] Found class transformer
[Architectury Transformer DEBUG] Writing com/beigu/yunbeiuc/block/custom/sign/ZonesBoardImage with maxs=true frames=true
[Architectury Transformer DEBUG] Remapping refmap from intermediary to srg: yunbeiuc-forge-forge-refmap.json
[Architectury Transformer DEBUG] Transformed com/beigu/yunbeiuc/block/custom/sign/ZonesBoardImage in 35.71 ms
[Architectury Transformer DEBUG] Transforming from com/beigu/yunbeiuc/block/custom/sign/SignGuideIntersectionAdvanceWarning7.class to com/beigu/yunbeiuc/block/custom/sign/SignGuideIntersectionAdvanceWarning7.class with 8 transformer(s) on dev.architectury.transformer.handler.TinyRemapperPreparedTransformerHandler
[Architectury Transformer DEBUG] Remapping with 1 mapping provider(s):
[Architectury Transformer DEBUG]  - dev.architectury.transformer.transformers.TransformForgeEnvironment$$Lambda/0x000002499b08e850@2bdcfcf
[Architectury Transformer DEBUG] Remapping Classes:
[Architectury Transformer DEBUG] net/fabricmc/api/EnvType -> net/minecraftforge/api/distmarker/Dist
[Architectury Transformer DEBUG] net/fabricmc/api/Environment -> net/minecraftforge/api/distmarker/OnlyIn
[Architectury Transformer DEBUG] Found class transformer
[Architectury Transformer DEBUG] Writing com/beigu/yunbeiuc/block/custom/sign/SignGuideIntersectionAdvanceWarning7 with maxs=true frames=true
[Architectury Transformer DEBUG] Remapping refmap from intermediary to srg: yunbeiuc-forge-forge-refmap.json
[Architectury Transformer DEBUG] Transformed com/beigu/yunbeiuc/block/custom/sign/SignGuideIntersectionAdvanceWarning7 in 32.35 ms
[Architectury Transformer DEBUG] Transforming from com/beigu/yunbeiuc/block/custom/sign/SignGuideIntersectionAdvanceWarning1.class to com/beigu/yunbeiuc/block/custom/sign/SignGuideIntersectionAdvanceWarning1.class with 8 transformer(s) on dev.architectury.transformer.handler.TinyRemapperPreparedTransformerHandler
[Architectury Transformer DEBUG] Remapping with 1 mapping provider(s):
[Architectury Transformer DEBUG]  - dev.architectury.transformer.transformers.TransformForgeEnvironment$$Lambda/0x000002499b08e850@2bdcfcf
[Architectury Transformer DEBUG] Remapping Classes:
[Architectury Transformer DEBUG] net/fabricmc/api/EnvType -> net/minecraftforge/api/distmarker/Dist
[Architectury Transformer DEBUG] net/fabricmc/api/Environment -> net/minecraftforge/api/distmarker/OnlyIn
[Architectury Transformer DEBUG] Found class transformer
[Architectury Transformer DEBUG] Writing com/beigu/yunbeiuc/block/custom/sign/SignGuideIntersectionAdvanceWarning1 with maxs=true frames=true
[Architectury Transformer DEBUG] Remapping refmap from intermediary to srg: yunbeiuc-forge-forge-refmap.json
[Architectury Transformer DEBUG] Transformed com/beigu/yunbeiuc/block/custom/sign/SignGuideIntersectionAdvanceWarning1 in 25.45 ms
[Architectury Transformer DEBUG] Transforming from com/beigu/yunbeiuc/block/custom/sign/ZonesBoardTimeRange2.class to com/beigu/yunbeiuc/block/custom/sign/ZonesBoardTimeRange2.class with 8 transformer(s) on dev.architectury.transformer.handler.TinyRemapperPreparedTransformerHandler
[Architectury Transformer DEBUG] Remapping with 1 mapping provider(s):
[Architectury Transformer DEBUG]  - dev.architectury.transformer.transformers.TransformForgeEnvironment$$Lambda/0x000002499b08e850@2bdcfcf
[Architectury Transformer DEBUG] Remapping Classes:
[Architectury Transformer DEBUG] net/fabricmc/api/EnvType -> net/minecraftforge/api/distmarker/Dist
[Architectury Transformer DEBUG] net/fabricmc/api/Environment -> net/minecraftforge/api/distmarker/OnlyIn
[Architectury Transformer DEBUG] Found class transformer
[Architectury Transformer DEBUG] Writing com/beigu/yunbeiuc/block/custom/sign/ZonesBoardTimeRange2 with maxs=true frames=true
[Architectury Transformer DEBUG] Remapping refmap from intermediary to srg: yunbeiuc-forge-forge-refmap.json
[Architectury Transformer DEBUG] Transformed com/beigu/yunbeiuc/block/custom/sign/ZonesBoardTimeRange2 in 27.39 ms
[Architectury Transformer DEBUG] Transforming from com/beigu/yunbeiuc/block/custom/sign/SignGuideIntersectionAdvanceWarning3.class to com/beigu/yunbeiuc/block/custom/sign/SignGuideIntersectionAdvanceWarning3.class with 8 transformer(s) on dev.architectury.transformer.handler.TinyRemapperPreparedTransformerHandler
[Architectury Transformer DEBUG] Remapping with 1 mapping provider(s):
[Architectury Transformer DEBUG]  - dev.architectury.transformer.transformers.TransformForgeEnvironment$$Lambda/0x000002499b08e850@2bdcfcf
[Architectury Transformer DEBUG] Remapping Classes:
[Architectury Transformer DEBUG] net/fabricmc/api/EnvType -> net/minecraftforge/api/distmarker/Dist
[Architectury Transformer DEBUG] net/fabricmc/api/Environment -> net/minecraftforge/api/distmarker/OnlyIn
[Architectury Transformer DEBUG] Found class transformer
[Architectury Transformer DEBUG] Writing com/beigu/yunbeiuc/block/custom/sign/SignGuideIntersectionAdvanceWarning3 with maxs=true frames=true
[Architectury Transformer DEBUG] Remapping refmap from intermediary to srg: yunbeiuc-forge-forge-refmap.json
[Architectury Transformer DEBUG] Transformed com/beigu/yunbeiuc/block/custom/sign/SignGuideIntersectionAdvanceWarning3 in 37.88 ms
[Architectury Transformer DEBUG] Transforming from com/beigu/yunbeiuc/block/custom/sign/ZonesBoardTimeRange1.class to com/beigu/yunbeiuc/block/custom/sign/ZonesBoardTimeRange1.class with 8 transformer(s) on dev.architectury.transformer.handler.TinyRemapperPreparedTransformerHandler
[Architectury Transformer DEBUG] Remapping with 1 mapping provider(s):
[Architectury Transformer DEBUG]  - dev.architectury.transformer.transformers.TransformForgeEnvironment$$Lambda/0x000002499b08e850@2bdcfcf
[Architectury Transformer DEBUG] Remapping Classes:
[Architectury Transformer DEBUG] net/fabricmc/api/EnvType -> net/minecraftforge/api/distmarker/Dist
[Architectury Transformer DEBUG] net/fabricmc/api/Environment -> net/minecraftforge/api/distmarker/OnlyIn
[Architectury Transformer DEBUG] Found class transformer
[Architectury Transformer DEBUG] Writing com/beigu/yunbeiuc/block/custom/sign/ZonesBoardTimeRange1 with maxs=true frames=true
[Architectury Transformer DEBUG] Remapping refmap from intermediary to srg: yunbeiuc-forge-forge-refmap.json
[Architectury Transformer DEBUG] Transformed com/beigu/yunbeiuc/block/custom/sign/ZonesBoardTimeRange1 in 33.35 ms
[Architectury Transformer DEBUG] Transforming from com/beigu/yunbeiuc/item/ModItems.class to com/beigu/yunbeiuc/item/ModItems.class with 8 transformer(s) on dev.architectury.transformer.handler.TinyRemapperPreparedTransformerHandler
[Architectury Transformer DEBUG] Remapping with 1 mapping provider(s):
[Architectury Transformer DEBUG]  - dev.architectury.transformer.transformers.TransformForgeEnvironment$$Lambda/0x000002499b08e850@2bdcfcf
[Architectury Transformer DEBUG] Remapping Classes:
[Architectury Transformer DEBUG] net/fabricmc/api/EnvType -> net/minecraftforge/api/distmarker/Dist
[Architectury Transformer DEBUG] net/fabricmc/api/Environment -> net/minecraftforge/api/distmarker/OnlyIn
[Architectury Transformer DEBUG] Found class transformer
[Architectury Transformer DEBUG] Writing com/beigu/yunbeiuc/item/ModItems with maxs=true frames=true
[Architectury Transformer DEBUG] Remapping refmap from intermediary to srg: yunbeiuc-forge-forge-refmap.json
[Architectury Transformer DEBUG] Transformed com/beigu/yunbeiuc/item/ModItems in 54.61 ms
[Architectury Transformer DEBUG] Transforming from com/beigu/yunbeiuc/item/custom/TreeWand.class to com/beigu/yunbeiuc/item/custom/TreeWand.class with 8 transformer(s) on dev.architectury.transformer.handler.TinyRemapperPreparedTransformerHandler
[Architectury Transformer DEBUG] Remapping with 1 mapping provider(s):
[Architectury Transformer DEBUG]  - dev.architectury.transformer.transformers.TransformForgeEnvironment$$Lambda/0x000002499b08e850@2bdcfcf
[Architectury Transformer DEBUG] Remapping Classes:
[Architectury Transformer DEBUG] net/fabricmc/api/EnvType -> net/minecraftforge/api/distmarker/Dist
[Architectury Transformer DEBUG] net/fabricmc/api/Environment -> net/minecraftforge/api/distmarker/OnlyIn
[Architectury Transformer DEBUG] Found class transformer
[Architectury Transformer DEBUG] Writing com/beigu/yunbeiuc/item/custom/TreeWand with maxs=true frames=true
[Architectury Transformer DEBUG] Remapping refmap from intermediary to srg: yunbeiuc-forge-forge-refmap.json
[Architectury Transformer DEBUG] Transformed com/beigu/yunbeiuc/item/custom/TreeWand in 20.90 ms
[Architectury Transformer DEBUG] Transforming from com/beigu/yunbeiuc/item/custom/WaterWand.class to com/beigu/yunbeiuc/item/custom/WaterWand.class with 8 transformer(s) on dev.architectury.transformer.handler.TinyRemapperPreparedTransformerHandler
[Architectury Transformer DEBUG] Remapping with 1 mapping provider(s):
[Architectury Transformer DEBUG]  - dev.architectury.transformer.transformers.TransformForgeEnvironment$$Lambda/0x000002499b08e850@2bdcfcf
[Architectury Transformer DEBUG] Remapping Classes:
[Architectury Transformer DEBUG] net/fabricmc/api/EnvType -> net/minecraftforge/api/distmarker/Dist
[Architectury Transformer DEBUG] net/fabricmc/api/Environment -> net/minecraftforge/api/distmarker/OnlyIn
[Architectury Transformer DEBUG] Found class transformer
[Architectury Transformer DEBUG] Writing com/beigu/yunbeiuc/item/custom/WaterWand with maxs=true frames=true
[Architectury Transformer DEBUG] Remapping refmap from intermediary to srg: yunbeiuc-forge-forge-refmap.json
[Architectury Transformer DEBUG] Transformed com/beigu/yunbeiuc/item/custom/WaterWand in 20.14 ms
[Architectury Transformer DEBUG] Transforming from com/beigu/yunbeiuc/item/custom/RotatedWand.class to com/beigu/yunbeiuc/item/custom/RotatedWand.class with 8 transformer(s) on dev.architectury.transformer.handler.TinyRemapperPreparedTransformerHandler
[Architectury Transformer DEBUG] Remapping with 1 mapping provider(s):
[Architectury Transformer DEBUG]  - dev.architectury.transformer.transformers.TransformForgeEnvironment$$Lambda/0x000002499b08e850@2bdcfcf
[Architectury Transformer DEBUG] Remapping Classes:
[Architectury Transformer DEBUG] net/fabricmc/api/EnvType -> net/minecraftforge/api/distmarker/Dist
[Architectury Transformer DEBUG] net/fabricmc/api/Environment -> net/minecraftforge/api/distmarker/OnlyIn
[Architectury Transformer DEBUG] Found class transformer
[Architectury Transformer DEBUG] Writing com/beigu/yunbeiuc/item/custom/RotatedWand with maxs=true frames=true
[Architectury Transformer DEBUG] Remapping refmap from intermediary to srg: yunbeiuc-forge-forge-refmap.json
[Architectury Transformer DEBUG] Transformed com/beigu/yunbeiuc/item/custom/RotatedWand in 20.46 ms
[Architectury Transformer DEBUG] Transforming from com/beigu/yunbeiuc/item/custom/LinkWand.class to com/beigu/yunbeiuc/item/custom/LinkWand.class with 8 transformer(s) on dev.architectury.transformer.handler.TinyRemapperPreparedTransformerHandler
[Architectury Transformer DEBUG] Remapping with 1 mapping provider(s):
[Architectury Transformer DEBUG]  - dev.architectury.transformer.transformers.TransformForgeEnvironment$$Lambda/0x000002499b08e850@2bdcfcf
[Architectury Transformer DEBUG] Remapping Classes:
[Architectury Transformer DEBUG] net/fabricmc/api/EnvType -> net/minecraftforge/api/distmarker/Dist
[Architectury Transformer DEBUG] net/fabricmc/api/Environment -> net/minecraftforge/api/distmarker/OnlyIn
[Architectury Transformer DEBUG] Found class transformer
[Architectury Transformer DEBUG] Writing com/beigu/yunbeiuc/item/custom/LinkWand with maxs=true frames=true
[Architectury Transformer DEBUG] Remapping refmap from intermediary to srg: yunbeiuc-forge-forge-refmap.json
[Architectury Transformer DEBUG] Transformed com/beigu/yunbeiuc/item/custom/LinkWand in 21.60 ms
[Architectury Transformer DEBUG] Transforming from com/beigu/yunbeiuc/entity/ModBlockEntities.class to com/beigu/yunbeiuc/entity/ModBlockEntities.class with 8 transformer(s) on dev.architectury.transformer.handler.TinyRemapperPreparedTransformerHandler
[Architectury Transformer DEBUG] Remapping with 1 mapping provider(s):
[Architectury Transformer DEBUG]  - dev.architectury.transformer.transformers.TransformForgeEnvironment$$Lambda/0x000002499b08e850@2bdcfcf
[Architectury Transformer DEBUG] Remapping Classes:
[Architectury Transformer DEBUG] net/fabricmc/api/EnvType -> net/minecraftforge/api/distmarker/Dist
[Architectury Transformer DEBUG] net/fabricmc/api/Environment -> net/minecraftforge/api/distmarker/OnlyIn
[Architectury Transformer DEBUG] Found class transformer
[Architectury Transformer DEBUG] Writing com/beigu/yunbeiuc/entity/ModBlockEntities with maxs=true frames=true
[Architectury Transformer DEBUG] Remapping refmap from intermediary to srg: yunbeiuc-forge-forge-refmap.json
[Architectury Transformer DEBUG] Transformed com/beigu/yunbeiuc/entity/ModBlockEntities in 31.04 ms
[Architectury Transformer DEBUG] Transforming from com/beigu/yunbeiuc/item/ModItemGroups.class to com/beigu/yunbeiuc/item/ModItemGroups.class with 8 transformer(s) on dev.architectury.transformer.handler.TinyRemapperPreparedTransformerHandler
[Architectury Transformer DEBUG] Remapping with 1 mapping provider(s):
[Architectury Transformer DEBUG]  - dev.architectury.transformer.transformers.TransformForgeEnvironment$$Lambda/0x000002499b08e850@2bdcfcf
[Architectury Transformer DEBUG] Remapping Classes:
[Architectury Transformer DEBUG] net/fabricmc/api/EnvType -> net/minecraftforge/api/distmarker/Dist
[Architectury Transformer DEBUG] net/fabricmc/api/Environment -> net/minecraftforge/api/distmarker/OnlyIn
[Architectury Transformer DEBUG] Found class transformer
[Architectury Transformer DEBUG] Writing com/beigu/yunbeiuc/item/ModItemGroups with maxs=true frames=true
[Architectury Transformer DEBUG] Remapping refmap from intermediary to srg: yunbeiuc-forge-forge-refmap.json
[Architectury Transformer DEBUG] Transformed com/beigu/yunbeiuc/item/ModItemGroups in 29.62 ms
[Architectury Transformer DEBUG] Transforming from com/beigu/yunbeiuc/network/ModMessages.class to com/beigu/yunbeiuc/network/ModMessages.class with 8 transformer(s) on dev.architectury.transformer.handler.TinyRemapperPreparedTransformerHandler
[Architectury Transformer DEBUG] Remapping with 1 mapping provider(s):
[Architectury Transformer DEBUG]  - dev.architectury.transformer.transformers.TransformForgeEnvironment$$Lambda/0x000002499b08e850@2bdcfcf
[Architectury Transformer DEBUG] Remapping Classes:
[Architectury Transformer DEBUG] net/fabricmc/api/EnvType -> net/minecraftforge/api/distmarker/Dist
[Architectury Transformer DEBUG] net/fabricmc/api/Environment -> net/minecraftforge/api/distmarker/OnlyIn
[Architectury Transformer DEBUG] Found class transformer
[Architectury Transformer DEBUG] Writing com/beigu/yunbeiuc/network/ModMessages with maxs=true frames=true
[Architectury Transformer DEBUG] Remapping refmap from intermediary to srg: yunbeiuc-forge-forge-refmap.json
[Architectury Transformer DEBUG] Transformed com/beigu/yunbeiuc/network/ModMessages in 45.65 ms
[Architectury Transformer DEBUG] Transforming from com/beigu/yunbeiuc/entity/RoadPoleTextDisplayEntity.class to com/beigu/yunbeiuc/entity/RoadPoleTextDisplayEntity.class with 8 transformer(s) on dev.architectury.transformer.handler.TinyRemapperPreparedTransformerHandler
[Architectury Transformer DEBUG] Remapping with 1 mapping provider(s):
[Architectury Transformer DEBUG]  - dev.architectury.transformer.transformers.TransformForgeEnvironment$$Lambda/0x000002499b08e850@2bdcfcf
[Architectury Transformer DEBUG] Remapping Classes:
[Architectury Transformer DEBUG] net/fabricmc/api/EnvType -> net/minecraftforge/api/distmarker/Dist
[Architectury Transformer DEBUG] net/fabricmc/api/Environment -> net/minecraftforge/api/distmarker/OnlyIn
[Architectury Transformer DEBUG] Found class transformer
[Architectury Transformer DEBUG] Writing com/beigu/yunbeiuc/entity/RoadPoleTextDisplayEntity with maxs=true frames=true
[Architectury Transformer DEBUG] Remapping refmap from intermediary to srg: yunbeiuc-forge-forge-refmap.json
[Architectury Transformer DEBUG] Transformed com/beigu/yunbeiuc/entity/RoadPoleTextDisplayEntity in 25.65 ms
[Architectury Transformer DEBUG] Transforming from com/beigu/yunbeiuc/screen/RoadPoleTextDisplayScreen.class to com/beigu/yunbeiuc/screen/RoadPoleTextDisplayScreen.class with 8 transformer(s) on dev.architectury.transformer.handler.TinyRemapperPreparedTransformerHandler
[Architectury Transformer DEBUG] Remapping with 1 mapping provider(s):
[Architectury Transformer DEBUG]  - dev.architectury.transformer.transformers.TransformForgeEnvironment$$Lambda/0x000002499b08e850@2bdcfcf
[Architectury Transformer DEBUG] Remapping Classes:
[Architectury Transformer DEBUG] net/fabricmc/api/EnvType -> net/minecraftforge/api/distmarker/Dist
[Architectury Transformer DEBUG] net/fabricmc/api/Environment -> net/minecraftforge/api/distmarker/OnlyIn
[Architectury Transformer DEBUG] Found class transformer
[Architectury Transformer DEBUG] Writing com/beigu/yunbeiuc/screen/RoadPoleTextDisplayScreen with maxs=true frames=true
[Architectury Transformer DEBUG] Remapping refmap from intermediary to srg: yunbeiuc-forge-forge-refmap.json
[Architectury Transformer DEBUG] Transformed com/beigu/yunbeiuc/screen/RoadPoleTextDisplayScreen in 50.00 ms
[Architectury Transformer DEBUG] Transforming from com/beigu/yunbeiuc/entity/FlagBlockEntity.class to com/beigu/yunbeiuc/entity/FlagBlockEntity.class with 8 transformer(s) on dev.architectury.transformer.handler.TinyRemapperPreparedTransformerHandler
[Architectury Transformer DEBUG] Remapping with 1 mapping provider(s):
[Architectury Transformer DEBUG]  - dev.architectury.transformer.transformers.TransformForgeEnvironment$$Lambda/0x000002499b08e850@2bdcfcf
[Architectury Transformer DEBUG] Remapping Classes:
[Architectury Transformer DEBUG] net/fabricmc/api/EnvType -> net/minecraftforge/api/distmarker/Dist
[Architectury Transformer DEBUG] net/fabricmc/api/Environment -> net/minecraftforge/api/distmarker/OnlyIn
[Architectury Transformer DEBUG] Found class transformer
[Architectury Transformer DEBUG] Writing com/beigu/yunbeiuc/entity/FlagBlockEntity with maxs=true frames=true
[Architectury Transformer DEBUG] Remapping refmap from intermediary to srg: yunbeiuc-forge-forge-refmap.json
[Architectury Transformer DEBUG] Transformed com/beigu/yunbeiuc/entity/FlagBlockEntity in 130.4 ms
[Architectury Transformer DEBUG] Transforming from com/beigu/yunbeiuc/screen/FlagSelectionScreen.class to com/beigu/yunbeiuc/screen/FlagSelectionScreen.class with 8 transformer(s) on dev.architectury.transformer.handler.TinyRemapperPreparedTransformerHandler
[Architectury Transformer DEBUG] Remapping with 1 mapping provider(s):
[Architectury Transformer DEBUG]  - dev.architectury.transformer.transformers.TransformForgeEnvironment$$Lambda/0x000002499b08e850@2bdcfcf
[Architectury Transformer DEBUG] Remapping Classes:
[Architectury Transformer DEBUG] net/fabricmc/api/EnvType -> net/minecraftforge/api/distmarker/Dist
[Architectury Transformer DEBUG] net/fabricmc/api/Environment -> net/minecraftforge/api/distmarker/OnlyIn
[Architectury Transformer DEBUG] Found class transformer
[Architectury Transformer DEBUG] Writing com/beigu/yunbeiuc/screen/FlagSelectionScreen with maxs=true frames=true
[Architectury Transformer DEBUG] Remapping refmap from intermediary to srg: yunbeiuc-forge-forge-refmap.json
[Architectury Transformer DEBUG] Transformed com/beigu/yunbeiuc/screen/FlagSelectionScreen in 54.12 ms
[Architectury Transformer DEBUG] Transforming from com/beigu/yunbeiuc/block/custom/pole/RoadPoleFlag$PoleType.class to com/beigu/yunbeiuc/block/custom/pole/RoadPoleFlag$PoleType.class with 8 transformer(s) on dev.architectury.transformer.handler.TinyRemapperPreparedTransformerHandler
[Architectury Transformer DEBUG] Remapping with 1 mapping provider(s):
[Architectury Transformer DEBUG]  - dev.architectury.transformer.transformers.TransformForgeEnvironment$$Lambda/0x000002499b08e850@2bdcfcf
[Architectury Transformer DEBUG] Remapping Classes:
[Architectury Transformer DEBUG] net/fabricmc/api/EnvType -> net/minecraftforge/api/distmarker/Dist
[Architectury Transformer DEBUG] net/fabricmc/api/Environment -> net/minecraftforge/api/distmarker/OnlyIn
[Architectury Transformer DEBUG] Found class transformer
[Architectury Transformer DEBUG] Writing com/beigu/yunbeiuc/block/custom/pole/RoadPoleFlag$PoleType with maxs=true frames=true
[Architectury Transformer DEBUG] Remapping refmap from intermediary to srg: yunbeiuc-forge-forge-refmap.json
[Architectury Transformer DEBUG] Transformed com/beigu/yunbeiuc/block/custom/pole/RoadPoleFlag$PoleType in 65.99 ms
[Architectury Transformer DEBUG] Transforming from com/beigu/yunbeiuc/block/custom/pole/RoadLightHighMast$TFType.class to com/beigu/yunbeiuc/block/custom/pole/RoadLightHighMast$TFType.class with 8 transformer(s) on dev.architectury.transformer.handler.TinyRemapperPreparedTransformerHandler
[Architectury Transformer DEBUG] Remapping with 1 mapping provider(s):
[Architectury Transformer DEBUG]  - dev.architectury.transformer.transformers.TransformForgeEnvironment$$Lambda/0x000002499b08e850@2bdcfcf
[Architectury Transformer DEBUG] Remapping Classes:
[Architectury Transformer DEBUG] net/fabricmc/api/EnvType -> net/minecraftforge/api/distmarker/Dist
[Architectury Transformer DEBUG] net/fabricmc/api/Environment -> net/minecraftforge/api/distmarker/OnlyIn
[Architectury Transformer DEBUG] Found class transformer
[Architectury Transformer DEBUG] Writing com/beigu/yunbeiuc/block/custom/pole/RoadLightHighMast$TFType with maxs=true frames=true
[Architectury Transformer DEBUG] Remapping refmap from intermediary to srg: yunbeiuc-forge-forge-refmap.json
[Architectury Transformer DEBUG] Transformed com/beigu/yunbeiuc/block/custom/pole/RoadLightHighMast$TFType in 48.79 ms
[Architectury Transformer DEBUG] Transforming from com/beigu/yunbeiuc/block/custom/pole/RoadLight$TFType.class to com/beigu/yunbeiuc/block/custom/pole/RoadLight$TFType.class with 8 transformer(s) on dev.architectury.transformer.handler.TinyRemapperPreparedTransformerHandler
[Architectury Transformer DEBUG] Remapping with 1 mapping provider(s):
[Architectury Transformer DEBUG]  - dev.architectury.transformer.transformers.TransformForgeEnvironment$$Lambda/0x000002499b08e850@2bdcfcf
[Architectury Transformer DEBUG] Remapping Classes:
[Architectury Transformer DEBUG] net/fabricmc/api/EnvType -> net/minecraftforge/api/distmarker/Dist
[Architectury Transformer DEBUG] net/fabricmc/api/Environment -> net/minecraftforge/api/distmarker/OnlyIn
[Architectury Transformer DEBUG] Found class transformer
[Architectury Transformer DEBUG] Writing com/beigu/yunbeiuc/block/custom/pole/RoadLight$TFType with maxs=true frames=true
[Architectury Transformer DEBUG] Remapping refmap from intermediary to srg: yunbeiuc-forge-forge-refmap.json
[Architectury Transformer DEBUG] Transformed com/beigu/yunbeiuc/block/custom/pole/RoadLight$TFType in 38.71 ms
[Architectury Transformer DEBUG] Transforming from com/beigu/yunbeiuc/block/custom/pole/RoadLightingLamp$LightTFState.class to com/beigu/yunbeiuc/block/custom/pole/RoadLightingLamp$LightTFState.class with 8 transformer(s) on dev.architectury.transformer.handler.TinyRemapperPreparedTransformerHandler
[Architectury Transformer DEBUG] Remapping with 1 mapping provider(s):
[Architectury Transformer DEBUG]  - dev.architectury.transformer.transformers.TransformForgeEnvironment$$Lambda/0x000002499b08e850@2bdcfcf
[Architectury Transformer DEBUG] Remapping Classes:
[Architectury Transformer DEBUG] net/fabricmc/api/EnvType -> net/minecraftforge/api/distmarker/Dist
[Architectury Transformer DEBUG] net/fabricmc/api/Environment -> net/minecraftforge/api/distmarker/OnlyIn
[Architectury Transformer DEBUG] Found class transformer
[Architectury Transformer DEBUG] Writing com/beigu/yunbeiuc/block/custom/pole/RoadLightingLamp$LightTFState with maxs=true frames=true
[Architectury Transformer DEBUG] Remapping refmap from intermediary to srg: yunbeiuc-forge-forge-refmap.json
[Architectury Transformer DEBUG] Transformed com/beigu/yunbeiuc/block/custom/pole/RoadLightingLamp$LightTFState in 63.50 ms
[Architectury Transformer DEBUG] Transforming from com/beigu/yunbeiuc/block/custom/pole/RoadRadarSpeedDetector$LightTFState.class to com/beigu/yunbeiuc/block/custom/pole/RoadRadarSpeedDetector$LightTFState.class with 8 transformer(s) on dev.architectury.transformer.handler.TinyRemapperPreparedTransformerHandler
[Architectury Transformer DEBUG] Remapping with 1 mapping provider(s):
[Architectury Transformer DEBUG]  - dev.architectury.transformer.transformers.TransformForgeEnvironment$$Lambda/0x000002499b08e850@2bdcfcf
[Architectury Transformer DEBUG] Remapping Classes:
[Architectury Transformer DEBUG] net/fabricmc/api/EnvType -> net/minecraftforge/api/distmarker/Dist
[Architectury Transformer DEBUG] net/fabricmc/api/Environment -> net/minecraftforge/api/distmarker/OnlyIn
[Architectury Transformer DEBUG] Found class transformer
[Architectury Transformer DEBUG] Writing com/beigu/yunbeiuc/block/custom/pole/RoadRadarSpeedDetector$LightTFState with maxs=true frames=true
[Architectury Transformer DEBUG] Remapping refmap from intermediary to srg: yunbeiuc-forge-forge-refmap.json
[Architectury Transformer DEBUG] Transformed com/beigu/yunbeiuc/block/custom/pole/RoadRadarSpeedDetector$LightTFState in 39.22 ms
[Architectury Transformer DEBUG] Transforming from com/beigu/yunbeiuc/entity/TrafficLightsBlockEntity.class to com/beigu/yunbeiuc/entity/TrafficLightsBlockEntity.class with 8 transformer(s) on dev.architectury.transformer.handler.TinyRemapperPreparedTransformerHandler
[Architectury Transformer DEBUG] Remapping with 1 mapping provider(s):
[Architectury Transformer DEBUG]  - dev.architectury.transformer.transformers.TransformForgeEnvironment$$Lambda/0x000002499b08e850@2bdcfcf
[Architectury Transformer DEBUG] Remapping Classes:
[Architectury Transformer DEBUG] net/fabricmc/api/EnvType -> net/minecraftforge/api/distmarker/Dist
[Architectury Transformer DEBUG] net/fabricmc/api/Environment -> net/minecraftforge/api/distmarker/OnlyIn
[Architectury Transformer DEBUG] Found class transformer
[Architectury Transformer DEBUG] Writing com/beigu/yunbeiuc/entity/TrafficLightsBlockEntity with maxs=true frames=true
[Architectury Transformer DEBUG] Remapping refmap from intermediary to srg: yunbeiuc-forge-forge-refmap.json
[Architectury Transformer DEBUG] Transformed com/beigu/yunbeiuc/entity/TrafficLightsBlockEntity in 86.11 ms
[Architectury Transformer DEBUG] Transforming from com/beigu/yunbeiuc/screen/TrafficLightsScreen.class to com/beigu/yunbeiuc/screen/TrafficLightsScreen.class with 8 transformer(s) on dev.architectury.transformer.handler.TinyRemapperPreparedTransformerHandler
[Architectury Transformer DEBUG] Remapping with 1 mapping provider(s):
[Architectury Transformer DEBUG]  - dev.architectury.transformer.transformers.TransformForgeEnvironment$$Lambda/0x000002499b08e850@2bdcfcf
[Architectury Transformer DEBUG] Remapping Classes:
[Architectury Transformer DEBUG] net/fabricmc/api/EnvType -> net/minecraftforge/api/distmarker/Dist
[Architectury Transformer DEBUG] net/fabricmc/api/Environment -> net/minecraftforge/api/distmarker/OnlyIn
[Architectury Transformer DEBUG] Found class transformer
[Architectury Transformer DEBUG] Writing com/beigu/yunbeiuc/screen/TrafficLightsScreen with maxs=true frames=true
[Architectury Transformer DEBUG] Remapping refmap from intermediary to srg: yunbeiuc-forge-forge-refmap.json
[Architectury Transformer DEBUG] Transformed com/beigu/yunbeiuc/screen/TrafficLightsScreen in 104.2 ms
[Architectury Transformer DEBUG] Transforming from com/beigu/yunbeiuc/block/custom/TrafficLightsBlock$LightState.class to com/beigu/yunbeiuc/block/custom/TrafficLightsBlock$LightState.class with 8 transformer(s) on dev.architectury.transformer.handler.TinyRemapperPreparedTransformerHandler
[Architectury Transformer DEBUG] Remapping with 1 mapping provider(s):
[Architectury Transformer DEBUG]  - dev.architectury.transformer.transformers.TransformForgeEnvironment$$Lambda/0x000002499b08e850@2bdcfcf
[Architectury Transformer DEBUG] Remapping Classes:
[Architectury Transformer DEBUG] net/fabricmc/api/EnvType -> net/minecraftforge/api/distmarker/Dist
[Architectury Transformer DEBUG] net/fabricmc/api/Environment -> net/minecraftforge/api/distmarker/OnlyIn
[Architectury Transformer DEBUG] Found class transformer
[Architectury Transformer DEBUG] Writing com/beigu/yunbeiuc/block/custom/TrafficLightsBlock$LightState with maxs=true frames=true
[Architectury Transformer DEBUG] Remapping refmap from intermediary to srg: yunbeiuc-forge-forge-refmap.json
[Architectury Transformer DEBUG] Transformed com/beigu/yunbeiuc/block/custom/TrafficLightsBlock$LightState in 52.68 ms
[Architectury Transformer DEBUG] Transforming from com/beigu/yunbeiuc/block/custom/SpeedBump$Type.class to com/beigu/yunbeiuc/block/custom/SpeedBump$Type.class with 8 transformer(s) on dev.architectury.transformer.handler.TinyRemapperPreparedTransformerHandler
[Architectury Transformer DEBUG] Remapping with 1 mapping provider(s):
[Architectury Transformer DEBUG]  - dev.architectury.transformer.transformers.TransformForgeEnvironment$$Lambda/0x000002499b08e850@2bdcfcf
[Architectury Transformer DEBUG] Remapping Classes:
[Architectury Transformer DEBUG] net/fabricmc/api/EnvType -> net/minecraftforge/api/distmarker/Dist
[Architectury Transformer DEBUG] net/fabricmc/api/Environment -> net/minecraftforge/api/distmarker/OnlyIn
[Architectury Transformer DEBUG] Found class transformer
[Architectury Transformer DEBUG] Writing com/beigu/yunbeiuc/block/custom/SpeedBump$Type with maxs=true frames=true
[Architectury Transformer DEBUG] Remapping refmap from intermediary to srg: yunbeiuc-forge-forge-refmap.json
[Architectury Transformer DEBUG] Transformed com/beigu/yunbeiuc/block/custom/SpeedBump$Type in 28.53 ms
[Architectury Transformer DEBUG] Transforming from com/beigu/yunbeiuc/block/custom/ParkingSpaceBarrier$Type.class to com/beigu/yunbeiuc/block/custom/ParkingSpaceBarrier$Type.class with 8 transformer(s) on dev.architectury.transformer.handler.TinyRemapperPreparedTransformerHandler
[Architectury Transformer DEBUG] Remapping with 1 mapping provider(s):
[Architectury Transformer DEBUG]  - dev.architectury.transformer.transformers.TransformForgeEnvironment$$Lambda/0x000002499b08e850@2bdcfcf
[Architectury Transformer DEBUG] Remapping Classes:
[Architectury Transformer DEBUG] net/fabricmc/api/EnvType -> net/minecraftforge/api/distmarker/Dist
[Architectury Transformer DEBUG] net/fabricmc/api/Environment -> net/minecraftforge/api/distmarker/OnlyIn
[Architectury Transformer DEBUG] Found class transformer
[Architectury Transformer DEBUG] Writing com/beigu/yunbeiuc/block/custom/ParkingSpaceBarrier$Type with maxs=true frames=true
[Architectury Transformer DEBUG] Remapping refmap from intermediary to srg: yunbeiuc-forge-forge-refmap.json
[Architectury Transformer DEBUG] Transformed com/beigu/yunbeiuc/block/custom/ParkingSpaceBarrier$Type in 29.37 ms
[Architectury Transformer DEBUG] Transforming from com/beigu/yunbeiuc/block/custom/gantry/GantryFrameSide$GantryFrameType.class to com/beigu/yunbeiuc/block/custom/gantry/GantryFrameSide$GantryFrameType.class with 8 transformer(s) on dev.architectury.transformer.handler.TinyRemapperPreparedTransformerHandler
[Architectury Transformer DEBUG] Remapping with 1 mapping provider(s):
[Architectury Transformer DEBUG]  - dev.architectury.transformer.transformers.TransformForgeEnvironment$$Lambda/0x000002499b08e850@2bdcfcf
[Architectury Transformer DEBUG] Remapping Classes:
[Architectury Transformer DEBUG] net/fabricmc/api/EnvType -> net/minecraftforge/api/distmarker/Dist
[Architectury Transformer DEBUG] net/fabricmc/api/Environment -> net/minecraftforge/api/distmarker/OnlyIn
[Architectury Transformer DEBUG] Found class transformer
[Architectury Transformer DEBUG] Writing com/beigu/yunbeiuc/block/custom/gantry/GantryFrameSide$GantryFrameType with maxs=true frames=true
[Architectury Transformer DEBUG] Remapping refmap from intermediary to srg: yunbeiuc-forge-forge-refmap.json
[Architectury Transformer DEBUG] Transformed com/beigu/yunbeiuc/block/custom/gantry/GantryFrameSide$GantryFrameType in 22.62 ms
[Architectury Transformer DEBUG] Transforming from com/beigu/yunbeiuc/block/custom/gantry/GantryFrameConnection$GantryFrameConnectionType.class to com/beigu/yunbeiuc/block/custom/gantry/GantryFrameConnection$GantryFrameConnectionType.class with 8 transformer(s) on dev.architectury.transformer.handler.TinyRemapperPreparedTransformerHandler
[Architectury Transformer DEBUG] Remapping with 1 mapping provider(s):
[Architectury Transformer DEBUG]  - dev.architectury.transformer.transformers.TransformForgeEnvironment$$Lambda/0x000002499b08e850@2bdcfcf
[Architectury Transformer DEBUG] Remapping Classes:
[Architectury Transformer DEBUG] net/fabricmc/api/EnvType -> net/minecraftforge/api/distmarker/Dist
[Architectury Transformer DEBUG] net/fabricmc/api/Environment -> net/minecraftforge/api/distmarker/OnlyIn
[Architectury Transformer DEBUG] Found class transformer
[Architectury Transformer DEBUG] Writing com/beigu/yunbeiuc/block/custom/gantry/GantryFrameConnection$GantryFrameConnectionType with maxs=true frames=true
[Architectury Transformer DEBUG] Remapping refmap from intermediary to srg: yunbeiuc-forge-forge-refmap.json
[Architectury Transformer DEBUG] Transformed com/beigu/yunbeiuc/block/custom/gantry/GantryFrameConnection$GantryFrameConnectionType in 16.62 ms
[Architectury Transformer DEBUG] Transforming from com/beigu/yunbeiuc/block/custom/gantry/GantryFrameMain$GantryFrameMainType.class to com/beigu/yunbeiuc/block/custom/gantry/GantryFrameMain$GantryFrameMainType.class with 8 transformer(s) on dev.architectury.transformer.handler.TinyRemapperPreparedTransformerHandler
[Architectury Transformer DEBUG] Remapping with 1 mapping provider(s):
[Architectury Transformer DEBUG]  - dev.architectury.transformer.transformers.TransformForgeEnvironment$$Lambda/0x000002499b08e850@2bdcfcf
[Architectury Transformer DEBUG] Remapping Classes:
[Architectury Transformer DEBUG] net/fabricmc/api/EnvType -> net/minecraftforge/api/distmarker/Dist
[Architectury Transformer DEBUG] net/fabricmc/api/Environment -> net/minecraftforge/api/distmarker/OnlyIn
[Architectury Transformer DEBUG] Found class transformer
[Architectury Transformer DEBUG] Writing com/beigu/yunbeiuc/block/custom/gantry/GantryFrameMain$GantryFrameMainType with maxs=true frames=true
[Architectury Transformer DEBUG] Remapping refmap from intermediary to srg: yunbeiuc-forge-forge-refmap.json
[Architectury Transformer DEBUG] Transformed com/beigu/yunbeiuc/block/custom/gantry/GantryFrameMain$GantryFrameMainType in 19.10 ms
[Architectury Transformer DEBUG] Transforming from com/beigu/yunbeiuc/block/custom/gantry/GantryFrameRailing$Type.class to com/beigu/yunbeiuc/block/custom/gantry/GantryFrameRailing$Type.class with 8 transformer(s) on dev.architectury.transformer.handler.TinyRemapperPreparedTransformerHandler
[Architectury Transformer DEBUG] Remapping with 1 mapping provider(s):
[Architectury Transformer DEBUG]  - dev.architectury.transformer.transformers.TransformForgeEnvironment$$Lambda/0x000002499b08e850@2bdcfcf
[Architectury Transformer DEBUG] Remapping Classes:
[Architectury Transformer DEBUG] net/fabricmc/api/EnvType -> net/minecraftforge/api/distmarker/Dist
[Architectury Transformer DEBUG] net/fabricmc/api/Environment -> net/minecraftforge/api/distmarker/OnlyIn
[Architectury Transformer DEBUG] Found class transformer
[Architectury Transformer DEBUG] Writing com/beigu/yunbeiuc/block/custom/gantry/GantryFrameRailing$Type with maxs=true frames=true
[Architectury Transformer DEBUG] Remapping refmap from intermediary to srg: yunbeiuc-forge-forge-refmap.json
[Architectury Transformer DEBUG] Transformed com/beigu/yunbeiuc/block/custom/gantry/GantryFrameRailing$Type in 22.32 ms
[Architectury Transformer DEBUG] Transforming from com/beigu/yunbeiuc/block/custom/gantry/GantryFrameLedSide$Type.class to com/beigu/yunbeiuc/block/custom/gantry/GantryFrameLedSide$Type.class with 8 transformer(s) on dev.architectury.transformer.handler.TinyRemapperPreparedTransformerHandler
[Architectury Transformer DEBUG] Remapping with 1 mapping provider(s):
[Architectury Transformer DEBUG]  - dev.architectury.transformer.transformers.TransformForgeEnvironment$$Lambda/0x000002499b08e850@2bdcfcf
[Architectury Transformer DEBUG] Remapping Classes:
[Architectury Transformer DEBUG] net/fabricmc/api/EnvType -> net/minecraftforge/api/distmarker/Dist
[Architectury Transformer DEBUG] net/fabricmc/api/Environment -> net/minecraftforge/api/distmarker/OnlyIn
[Architectury Transformer DEBUG] Found class transformer
[Architectury Transformer DEBUG] Writing com/beigu/yunbeiuc/block/custom/gantry/GantryFrameLedSide$Type with maxs=true frames=true
[Architectury Transformer DEBUG] Remapping refmap from intermediary to srg: yunbeiuc-forge-forge-refmap.json
[Architectury Transformer DEBUG] Transformed com/beigu/yunbeiuc/block/custom/gantry/GantryFrameLedSide$Type in 22.31 ms
[Architectury Transformer DEBUG] Transforming from com/beigu/yunbeiuc/block/custom/gantry/GantryFrameLed$Type.class to com/beigu/yunbeiuc/block/custom/gantry/GantryFrameLed$Type.class with 8 transformer(s) on dev.architectury.transformer.handler.TinyRemapperPreparedTransformerHandler
[Architectury Transformer DEBUG] Remapping with 1 mapping provider(s):
[Architectury Transformer DEBUG]  - dev.architectury.transformer.transformers.TransformForgeEnvironment$$Lambda/0x000002499b08e850@2bdcfcf
[Architectury Transformer DEBUG] Remapping Classes:
[Architectury Transformer DEBUG] net/fabricmc/api/EnvType -> net/minecraftforge/api/distmarker/Dist
[Architectury Transformer DEBUG] net/fabricmc/api/Environment -> net/minecraftforge/api/distmarker/OnlyIn
[Architectury Transformer DEBUG] Found class transformer
[Architectury Transformer DEBUG] Writing com/beigu/yunbeiuc/block/custom/gantry/GantryFrameLed$Type with maxs=true frames=true
[Architectury Transformer DEBUG] Remapping refmap from intermediary to srg: yunbeiuc-forge-forge-refmap.json
[Architectury Transformer DEBUG] Transformed com/beigu/yunbeiuc/block/custom/gantry/GantryFrameLed$Type in 18.93 ms
[Architectury Transformer DEBUG] Transforming from com/beigu/yunbeiuc/block/custom/gantry/GantryFrameLightingLamp$LightTFState.class to com/beigu/yunbeiuc/block/custom/gantry/GantryFrameLightingLamp$LightTFState.class with 8 transformer(s) on dev.architectury.transformer.handler.TinyRemapperPreparedTransformerHandler
[Architectury Transformer DEBUG] Remapping with 1 mapping provider(s):
[Architectury Transformer DEBUG]  - dev.architectury.transformer.transformers.TransformForgeEnvironment$$Lambda/0x000002499b08e850@2bdcfcf
[Architectury Transformer DEBUG] Remapping Classes:
[Architectury Transformer DEBUG] net/fabricmc/api/EnvType -> net/minecraftforge/api/distmarker/Dist
[Architectury Transformer DEBUG] net/fabricmc/api/Environment -> net/minecraftforge/api/distmarker/OnlyIn
[Architectury Transformer DEBUG] Found class transformer
[Architectury Transformer DEBUG] Writing com/beigu/yunbeiuc/block/custom/gantry/GantryFrameLightingLamp$LightTFState with maxs=true frames=true
[Architectury Transformer DEBUG] Remapping refmap from intermediary to srg: yunbeiuc-forge-forge-refmap.json
[Architectury Transformer DEBUG] Transformed com/beigu/yunbeiuc/block/custom/gantry/GantryFrameLightingLamp$LightTFState in 18.25 ms
[Architectury Transformer DEBUG] Transforming from com/beigu/yunbeiuc/block/custom/gantry/GantryFrameRadarSpeedDetector$LightTFState.class to com/beigu/yunbeiuc/block/custom/gantry/GantryFrameRadarSpeedDetector$LightTFState.class with 8 transformer(s) on dev.architectury.transformer.handler.TinyRemapperPreparedTransformerHandler
[Architectury Transformer DEBUG] Remapping with 1 mapping provider(s):
[Architectury Transformer DEBUG]  - dev.architectury.transformer.transformers.TransformForgeEnvironment$$Lambda/0x000002499b08e850@2bdcfcf
[Architectury Transformer DEBUG] Remapping Classes:
[Architectury Transformer DEBUG] net/fabricmc/api/EnvType -> net/minecraftforge/api/distmarker/Dist
[Architectury Transformer DEBUG] net/fabricmc/api/Environment -> net/minecraftforge/api/distmarker/OnlyIn
[Architectury Transformer DEBUG] Found class transformer
[Architectury Transformer DEBUG] Writing com/beigu/yunbeiuc/block/custom/gantry/GantryFrameRadarSpeedDetector$LightTFState with maxs=true frames=true
[Architectury Transformer DEBUG] Remapping refmap from intermediary to srg: yunbeiuc-forge-forge-refmap.json
[Architectury Transformer DEBUG] Transformed com/beigu/yunbeiuc/block/custom/gantry/GantryFrameRadarSpeedDetector$LightTFState in 15.66 ms
[Architectury Transformer DEBUG] Transforming from com/beigu/yunbeiuc/block/custom/waring/WarningNetworkPole$AntiGlareNetPoleType.class to com/beigu/yunbeiuc/block/custom/waring/WarningNetworkPole$AntiGlareNetPoleType.class with 8 transformer(s) on dev.architectury.transformer.handler.TinyRemapperPreparedTransformerHandler
[Architectury Transformer DEBUG] Remapping with 1 mapping provider(s):
[Architectury Transformer DEBUG]  - dev.architectury.transformer.transformers.TransformForgeEnvironment$$Lambda/0x000002499b08e850@2bdcfcf
[Architectury Transformer DEBUG] Remapping Classes:
[Architectury Transformer DEBUG] net/fabricmc/api/EnvType -> net/minecraftforge/api/distmarker/Dist
[Architectury Transformer DEBUG] net/fabricmc/api/Environment -> net/minecraftforge/api/distmarker/OnlyIn
[Architectury Transformer DEBUG] Found class transformer
[Architectury Transformer DEBUG] Writing com/beigu/yunbeiuc/block/custom/waring/WarningNetworkPole$AntiGlareNetPoleType with maxs=true frames=true
[Architectury Transformer DEBUG] Remapping refmap from intermediary to srg: yunbeiuc-forge-forge-refmap.json
[Architectury Transformer DEBUG] Transformed com/beigu/yunbeiuc/block/custom/waring/WarningNetworkPole$AntiGlareNetPoleType in 17.33 ms
[Architectury Transformer DEBUG] Transforming from com/beigu/yunbeiuc/block/custom/anti/AntiGlareNetPole$AntiGlareNetPoleType.class to com/beigu/yunbeiuc/block/custom/anti/AntiGlareNetPole$AntiGlareNetPoleType.class with 8 transformer(s) on dev.architectury.transformer.handler.TinyRemapperPreparedTransformerHandler
[Architectury Transformer DEBUG] Remapping with 1 mapping provider(s):
[Architectury Transformer DEBUG]  - dev.architectury.transformer.transformers.TransformForgeEnvironment$$Lambda/0x000002499b08e850@2bdcfcf
[Architectury Transformer DEBUG] Remapping Classes:
[Architectury Transformer DEBUG] net/fabricmc/api/EnvType -> net/minecraftforge/api/distmarker/Dist
[Architectury Transformer DEBUG] net/fabricmc/api/Environment -> net/minecraftforge/api/distmarker/OnlyIn
[Architectury Transformer DEBUG] Found class transformer
[Architectury Transformer DEBUG] Writing com/beigu/yunbeiuc/block/custom/anti/AntiGlareNetPole$AntiGlareNetPoleType with maxs=true frames=true
[Architectury Transformer DEBUG] Remapping refmap from intermediary to srg: yunbeiuc-forge-forge-refmap.json
[Architectury Transformer DEBUG] Transformed com/beigu/yunbeiuc/block/custom/anti/AntiGlareNetPole$AntiGlareNetPoleType in 19.33 ms
[Architectury Transformer DEBUG] Transforming from com/beigu/yunbeiuc/block/custom/barrier/TrafficBarrierBlock$Type.class to com/beigu/yunbeiuc/block/custom/barrier/TrafficBarrierBlock$Type.class with 8 transformer(s) on dev.architectury.transformer.handler.TinyRemapperPreparedTransformerHandler
[Architectury Transformer DEBUG] Remapping with 1 mapping provider(s):
[Architectury Transformer DEBUG]  - dev.architectury.transformer.transformers.TransformForgeEnvironment$$Lambda/0x000002499b08e850@2bdcfcf
[Architectury Transformer DEBUG] Remapping Classes:
[Architectury Transformer DEBUG] net/fabricmc/api/EnvType -> net/minecraftforge/api/distmarker/Dist
[Architectury Transformer DEBUG] net/fabricmc/api/Environment -> net/minecraftforge/api/distmarker/OnlyIn
[Architectury Transformer DEBUG] Found class transformer
[Architectury Transformer DEBUG] Writing com/beigu/yunbeiuc/block/custom/barrier/TrafficBarrierBlock$Type with maxs=true frames=true
[Architectury Transformer DEBUG] Remapping refmap from intermediary to srg: yunbeiuc-forge-forge-refmap.json
[Architectury Transformer DEBUG] Transformed com/beigu/yunbeiuc/block/custom/barrier/TrafficBarrierBlock$Type in 16.85 ms
[Architectury Transformer DEBUG] Transforming from com/beigu/yunbeiuc/block/custom/barrier/TrafficBarrierDoubleBlock$Type.class to com/beigu/yunbeiuc/block/custom/barrier/TrafficBarrierDoubleBlock$Type.class with 8 transformer(s) on dev.architectury.transformer.handler.TinyRemapperPreparedTransformerHandler
[Architectury Transformer DEBUG] Remapping with 1 mapping provider(s):
[Architectury Transformer DEBUG]  - dev.architectury.transformer.transformers.TransformForgeEnvironment$$Lambda/0x000002499b08e850@2bdcfcf
[Architectury Transformer DEBUG] Remapping Classes:
[Architectury Transformer DEBUG] net/fabricmc/api/EnvType -> net/minecraftforge/api/distmarker/Dist
[Architectury Transformer DEBUG] net/fabricmc/api/Environment -> net/minecraftforge/api/distmarker/OnlyIn
[Architectury Transformer DEBUG] Found class transformer
[Architectury Transformer DEBUG] Writing com/beigu/yunbeiuc/block/custom/barrier/TrafficBarrierDoubleBlock$Type with maxs=true frames=true
[Architectury Transformer DEBUG] Remapping refmap from intermediary to srg: yunbeiuc-forge-forge-refmap.json
[Architectury Transformer DEBUG] Transformed com/beigu/yunbeiuc/block/custom/barrier/TrafficBarrierDoubleBlock$Type in 16.10 ms
[Architectury Transformer DEBUG] Transforming from com/beigu/yunbeiuc/block/custom/barrier/TrafficBarrierObliqueBlock$Type.class to com/beigu/yunbeiuc/block/custom/barrier/TrafficBarrierObliqueBlock$Type.class with 8 transformer(s) on dev.architectury.transformer.handler.TinyRemapperPreparedTransformerHandler
[Architectury Transformer DEBUG] Remapping with 1 mapping provider(s):
[Architectury Transformer DEBUG]  - dev.architectury.transformer.transformers.TransformForgeEnvironment$$Lambda/0x000002499b08e850@2bdcfcf
[Architectury Transformer DEBUG] Remapping Classes:
[Architectury Transformer DEBUG] net/fabricmc/api/EnvType -> net/minecraftforge/api/distmarker/Dist
[Architectury Transformer DEBUG] net/fabricmc/api/Environment -> net/minecraftforge/api/distmarker/OnlyIn
[Architectury Transformer DEBUG] Found class transformer
[Architectury Transformer DEBUG] Writing com/beigu/yunbeiuc/block/custom/barrier/TrafficBarrierObliqueBlock$Type with maxs=true frames=true
[Architectury Transformer DEBUG] Remapping refmap from intermediary to srg: yunbeiuc-forge-forge-refmap.json
[Architectury Transformer DEBUG] Transformed com/beigu/yunbeiuc/block/custom/barrier/TrafficBarrierObliqueBlock$Type in 15.25 ms
[Architectury Transformer DEBUG] Transforming from com/beigu/yunbeiuc/block/custom/barrier/TrafficBarrierGrayBlock$Type.class to com/beigu/yunbeiuc/block/custom/barrier/TrafficBarrierGrayBlock$Type.class with 8 transformer(s) on dev.architectury.transformer.handler.TinyRemapperPreparedTransformerHandler
[Architectury Transformer DEBUG] Remapping with 1 mapping provider(s):
[Architectury Transformer DEBUG]  - dev.architectury.transformer.transformers.TransformForgeEnvironment$$Lambda/0x000002499b08e850@2bdcfcf
[Architectury Transformer DEBUG] Remapping Classes:
[Architectury Transformer DEBUG] net/fabricmc/api/EnvType -> net/minecraftforge/api/distmarker/Dist
[Architectury Transformer DEBUG] net/fabricmc/api/Environment -> net/minecraftforge/api/distmarker/OnlyIn
[Architectury Transformer DEBUG] Found class transformer
[Architectury Transformer DEBUG] Writing com/beigu/yunbeiuc/block/custom/barrier/TrafficBarrierGrayBlock$Type with maxs=true frames=true
[Architectury Transformer DEBUG] Remapping refmap from intermediary to srg: yunbeiuc-forge-forge-refmap.json
[Architectury Transformer DEBUG] Transformed com/beigu/yunbeiuc/block/custom/barrier/TrafficBarrierGrayBlock$Type in 16.42 ms
[Architectury Transformer DEBUG] Transforming from com/beigu/yunbeiuc/block/custom/barrier/TrafficBarrierGrayObliqueBlock$Type.class to com/beigu/yunbeiuc/block/custom/barrier/TrafficBarrierGrayObliqueBlock$Type.class with 8 transformer(s) on dev.architectury.transformer.handler.TinyRemapperPreparedTransformerHandler
[Architectury Transformer DEBUG] Remapping with 1 mapping provider(s):
[Architectury Transformer DEBUG]  - dev.architectury.transformer.transformers.TransformForgeEnvironment$$Lambda/0x000002499b08e850@2bdcfcf
[Architectury Transformer DEBUG] Remapping Classes:
[Architectury Transformer DEBUG] net/fabricmc/api/EnvType -> net/minecraftforge/api/distmarker/Dist
[Architectury Transformer DEBUG] net/fabricmc/api/Environment -> net/minecraftforge/api/distmarker/OnlyIn
[Architectury Transformer DEBUG] Found class transformer
[Architectury Transformer DEBUG] Writing com/beigu/yunbeiuc/block/custom/barrier/TrafficBarrierGrayObliqueBlock$Type with maxs=true frames=true
[Architectury Transformer DEBUG] Remapping refmap from intermediary to srg: yunbeiuc-forge-forge-refmap.json
[Architectury Transformer DEBUG] Transformed com/beigu/yunbeiuc/block/custom/barrier/TrafficBarrierGrayObliqueBlock$Type in 21.88 ms
[Architectury Transformer DEBUG] Transforming from com/beigu/yunbeiuc/entity/RoadNameSignBlockEntity.class to com/beigu/yunbeiuc/entity/RoadNameSignBlockEntity.class with 8 transformer(s) on dev.architectury.transformer.handler.TinyRemapperPreparedTransformerHandler
[Architectury Transformer DEBUG] Remapping with 1 mapping provider(s):
[Architectury Transformer DEBUG]  - dev.architectury.transformer.transformers.TransformForgeEnvironment$$Lambda/0x000002499b08e850@2bdcfcf
[Architectury Transformer DEBUG] Remapping Classes:
[Architectury Transformer DEBUG] net/fabricmc/api/EnvType -> net/minecraftforge/api/distmarker/Dist
[Architectury Transformer DEBUG] net/fabricmc/api/Environment -> net/minecraftforge/api/distmarker/OnlyIn
[Architectury Transformer DEBUG] Found class transformer
[Architectury Transformer DEBUG] Writing com/beigu/yunbeiuc/entity/RoadNameSignBlockEntity with maxs=true frames=true
[Architectury Transformer DEBUG] Remapping refmap from intermediary to srg: yunbeiuc-forge-forge-refmap.json
[Architectury Transformer DEBUG] Transformed com/beigu/yunbeiuc/entity/RoadNameSignBlockEntity in 16.27 ms
[Architectury Transformer DEBUG] Transforming from com/beigu/yunbeiuc/screen/RoadNameSignScreen.class to com/beigu/yunbeiuc/screen/RoadNameSignScreen.class with 8 transformer(s) on dev.architectury.transformer.handler.TinyRemapperPreparedTransformerHandler
[Architectury Transformer DEBUG] Remapping with 1 mapping provider(s):
[Architectury Transformer DEBUG]  - dev.architectury.transformer.transformers.TransformForgeEnvironment$$Lambda/0x000002499b08e850@2bdcfcf
[Architectury Transformer DEBUG] Remapping Classes:
[Architectury Transformer DEBUG] net/fabricmc/api/EnvType -> net/minecraftforge/api/distmarker/Dist
[Architectury Transformer DEBUG] net/fabricmc/api/Environment -> net/minecraftforge/api/distmarker/OnlyIn
[Architectury Transformer DEBUG] Found class transformer
[Architectury Transformer DEBUG] Writing com/beigu/yunbeiuc/screen/RoadNameSignScreen with maxs=true frames=true
[Architectury Transformer DEBUG] Remapping refmap from intermediary to srg: yunbeiuc-forge-forge-refmap.json
[Architectury Transformer DEBUG] Transformed com/beigu/yunbeiuc/screen/RoadNameSignScreen in 19.00 ms
[Architectury Transformer DEBUG] Transforming from com/beigu/yunbeiuc/block/custom/RoadNameSignBlock$BGType.class to com/beigu/yunbeiuc/block/custom/RoadNameSignBlock$BGType.class with 8 transformer(s) on dev.architectury.transformer.handler.TinyRemapperPreparedTransformerHandler
[Architectury Transformer DEBUG] Remapping with 1 mapping provider(s):
[Architectury Transformer DEBUG]  - dev.architectury.transformer.transformers.TransformForgeEnvironment$$Lambda/0x000002499b08e850@2bdcfcf
[Architectury Transformer DEBUG] Remapping Classes:
[Architectury Transformer DEBUG] net/fabricmc/api/EnvType -> net/minecraftforge/api/distmarker/Dist
[Architectury Transformer DEBUG] net/fabricmc/api/Environment -> net/minecraftforge/api/distmarker/OnlyIn
[Architectury Transformer DEBUG] Found class transformer
[Architectury Transformer DEBUG] Writing com/beigu/yunbeiuc/block/custom/RoadNameSignBlock$BGType with maxs=true frames=true
[Architectury Transformer DEBUG] Remapping refmap from intermediary to srg: yunbeiuc-forge-forge-refmap.json
[Architectury Transformer DEBUG] Transformed com/beigu/yunbeiuc/block/custom/RoadNameSignBlock$BGType in 20.49 ms
[Architectury Transformer DEBUG] Transforming from com/beigu/yunbeiuc/block/custom/instrument/InstrumentCamera$DirectionType.class to com/beigu/yunbeiuc/block/custom/instrument/InstrumentCamera$DirectionType.class with 8 transformer(s) on dev.architectury.transformer.handler.TinyRemapperPreparedTransformerHandler
[Architectury Transformer DEBUG] Remapping with 1 mapping provider(s):
[Architectury Transformer DEBUG]  - dev.architectury.transformer.transformers.TransformForgeEnvironment$$Lambda/0x000002499b08e850@2bdcfcf
[Architectury Transformer DEBUG] Remapping Classes:
[Architectury Transformer DEBUG] net/fabricmc/api/EnvType -> net/minecraftforge/api/distmarker/Dist
[Architectury Transformer DEBUG] net/fabricmc/api/Environment -> net/minecraftforge/api/distmarker/OnlyIn
[Architectury Transformer DEBUG] Found class transformer
[Architectury Transformer DEBUG] Writing com/beigu/yunbeiuc/block/custom/instrument/InstrumentCamera$DirectionType with maxs=true frames=true
[Architectury Transformer DEBUG] Remapping refmap from intermediary to srg: yunbeiuc-forge-forge-refmap.json
[Architectury Transformer DEBUG] Transformed com/beigu/yunbeiuc/block/custom/instrument/InstrumentCamera$DirectionType in 21.01 ms
[Architectury Transformer DEBUG] Transforming from com/beigu/yunbeiuc/block/custom/instrument/InstrumentFeeDisplay$DirectionType.class to com/beigu/yunbeiuc/block/custom/instrument/InstrumentFeeDisplay$DirectionType.class with 8 transformer(s) on dev.architectury.transformer.handler.TinyRemapperPreparedTransformerHandler
[Architectury Transformer DEBUG] Remapping with 1 mapping provider(s):
[Architectury Transformer DEBUG]  - dev.architectury.transformer.transformers.TransformForgeEnvironment$$Lambda/0x000002499b08e850@2bdcfcf
[Architectury Transformer DEBUG] Remapping Classes:
[Architectury Transformer DEBUG] net/fabricmc/api/EnvType -> net/minecraftforge/api/distmarker/Dist
[Architectury Transformer DEBUG] net/fabricmc/api/Environment -> net/minecraftforge/api/distmarker/OnlyIn
[Architectury Transformer DEBUG] Found class transformer
[Architectury Transformer DEBUG] Writing com/beigu/yunbeiuc/block/custom/instrument/InstrumentFeeDisplay$DirectionType with maxs=true frames=true
[Architectury Transformer DEBUG] Remapping refmap from intermediary to srg: yunbeiuc-forge-forge-refmap.json
[Architectury Transformer DEBUG] Transformed com/beigu/yunbeiuc/block/custom/instrument/InstrumentFeeDisplay$DirectionType in 20.40 ms
[Architectury Transformer DEBUG] Transforming from com/beigu/yunbeiuc/block/custom/instrument/InstrumentLaneIndicator$TFType.class to com/beigu/yunbeiuc/block/custom/instrument/InstrumentLaneIndicator$TFType.class with 8 transformer(s) on dev.architectury.transformer.handler.TinyRemapperPreparedTransformerHandler
[Architectury Transformer DEBUG] Remapping with 1 mapping provider(s):
[Architectury Transformer DEBUG]  - dev.architectury.transformer.transformers.TransformForgeEnvironment$$Lambda/0x000002499b08e850@2bdcfcf
[Architectury Transformer DEBUG] Remapping Classes:
[Architectury Transformer DEBUG] net/fabricmc/api/EnvType -> net/minecraftforge/api/distmarker/Dist
[Architectury Transformer DEBUG] net/fabricmc/api/Environment -> net/minecraftforge/api/distmarker/OnlyIn
[Architectury Transformer DEBUG] Found class transformer
[Architectury Transformer DEBUG] Writing com/beigu/yunbeiuc/block/custom/instrument/InstrumentLaneIndicator$TFType with maxs=true frames=true
[Architectury Transformer DEBUG] Remapping refmap from intermediary to srg: yunbeiuc-forge-forge-refmap.json
[Architectury Transformer DEBUG] Transformed com/beigu/yunbeiuc/block/custom/instrument/InstrumentLaneIndicator$TFType in 17.34 ms
[Architectury Transformer DEBUG] Transforming from com/beigu/yunbeiuc/block/custom/rubbish/RubbishBinWhite$NumberState.class to com/beigu/yunbeiuc/block/custom/rubbish/RubbishBinWhite$NumberState.class with 8 transformer(s) on dev.architectury.transformer.handler.TinyRemapperPreparedTransformerHandler
[Architectury Transformer DEBUG] Remapping with 1 mapping provider(s):
[Architectury Transformer DEBUG]  - dev.architectury.transformer.transformers.TransformForgeEnvironment$$Lambda/0x000002499b08e850@2bdcfcf
[Architectury Transformer DEBUG] Remapping Classes:
[Architectury Transformer DEBUG] net/fabricmc/api/EnvType -> net/minecraftforge/api/distmarker/Dist
[Architectury Transformer DEBUG] net/fabricmc/api/Environment -> net/minecraftforge/api/distmarker/OnlyIn
[Architectury Transformer DEBUG] Found class transformer
[Architectury Transformer DEBUG] Writing com/beigu/yunbeiuc/block/custom/rubbish/RubbishBinWhite$NumberState with maxs=true frames=true
[Architectury Transformer DEBUG] Remapping refmap from intermediary to srg: yunbeiuc-forge-forge-refmap.json
[Architectury Transformer DEBUG] Transformed com/beigu/yunbeiuc/block/custom/rubbish/RubbishBinWhite$NumberState in 19.74 ms
[Architectury Transformer DEBUG] Transforming from com/beigu/yunbeiuc/block/custom/rubbish/RubbishBinGrayGreen$NumberState.class to com/beigu/yunbeiuc/block/custom/rubbish/RubbishBinGrayGreen$NumberState.class with 8 transformer(s) on dev.architectury.transformer.handler.TinyRemapperPreparedTransformerHandler
[Architectury Transformer DEBUG] Remapping with 1 mapping provider(s):
[Architectury Transformer DEBUG]  - dev.architectury.transformer.transformers.TransformForgeEnvironment$$Lambda/0x000002499b08e850@2bdcfcf
[Architectury Transformer DEBUG] Remapping Classes:
[Architectury Transformer DEBUG] net/fabricmc/api/EnvType -> net/minecraftforge/api/distmarker/Dist
[Architectury Transformer DEBUG] net/fabricmc/api/Environment -> net/minecraftforge/api/distmarker/OnlyIn
[Architectury Transformer DEBUG] Found class transformer
[Architectury Transformer DEBUG] Writing com/beigu/yunbeiuc/block/custom/rubbish/RubbishBinGrayGreen$NumberState with maxs=true frames=true
[Architectury Transformer DEBUG] Remapping refmap from intermediary to srg: yunbeiuc-forge-forge-refmap.json
[Architectury Transformer DEBUG] Transformed com/beigu/yunbeiuc/block/custom/rubbish/RubbishBinGrayGreen$NumberState in 26.74 ms
[Architectury Transformer DEBUG] Transforming from com/beigu/yunbeiuc/block/custom/gate/BarrierGate1Main$PoleType.class to com/beigu/yunbeiuc/block/custom/gate/BarrierGate1Main$PoleType.class with 8 transformer(s) on dev.architectury.transformer.handler.TinyRemapperPreparedTransformerHandler
[Architectury Transformer DEBUG] Remapping with 1 mapping provider(s):
[Architectury Transformer DEBUG]  - dev.architectury.transformer.transformers.TransformForgeEnvironment$$Lambda/0x000002499b08e850@2bdcfcf
[Architectury Transformer DEBUG] Remapping Classes:
[Architectury Transformer DEBUG] net/fabricmc/api/EnvType -> net/minecraftforge/api/distmarker/Dist
[Architectury Transformer DEBUG] net/fabricmc/api/Environment -> net/minecraftforge/api/distmarker/OnlyIn
[Architectury Transformer DEBUG] Found class transformer
[Architectury Transformer DEBUG] Writing com/beigu/yunbeiuc/block/custom/gate/BarrierGate1Main$PoleType with maxs=true frames=true
[Architectury Transformer DEBUG] Remapping refmap from intermediary to srg: yunbeiuc-forge-forge-refmap.json
[Architectury Transformer DEBUG] Transformed com/beigu/yunbeiuc/block/custom/gate/BarrierGate1Main$PoleType in 19.11 ms
[Architectury Transformer DEBUG] Transforming from com/beigu/yunbeiuc/block/custom/gate/BarrierGate1MainSlab$PoleType.class to com/beigu/yunbeiuc/block/custom/gate/BarrierGate1MainSlab$PoleType.class with 8 transformer(s) on dev.architectury.transformer.handler.TinyRemapperPreparedTransformerHandler
[Architectury Transformer DEBUG] Remapping with 1 mapping provider(s):
[Architectury Transformer DEBUG]  - dev.architectury.transformer.transformers.TransformForgeEnvironment$$Lambda/0x000002499b08e850@2bdcfcf
[Architectury Transformer DEBUG] Remapping Classes:
[Architectury Transformer DEBUG] net/fabricmc/api/EnvType -> net/minecraftforge/api/distmarker/Dist
[Architectury Transformer DEBUG] net/fabricmc/api/Environment -> net/minecraftforge/api/distmarker/OnlyIn
[Architectury Transformer DEBUG] Found class transformer
[Architectury Transformer DEBUG] Writing com/beigu/yunbeiuc/block/custom/gate/BarrierGate1MainSlab$PoleType with maxs=true frames=true
[Architectury Transformer DEBUG] Remapping refmap from intermediary to srg: yunbeiuc-forge-forge-refmap.json
[Architectury Transformer DEBUG] Transformed com/beigu/yunbeiuc/block/custom/gate/BarrierGate1MainSlab$PoleType in 18.28 ms
[Architectury Transformer DEBUG] Transforming from com/beigu/yunbeiuc/block/custom/gate/BarrierGate1PoleHorizontal$Type.class to com/beigu/yunbeiuc/block/custom/gate/BarrierGate1PoleHorizontal$Type.class with 8 transformer(s) on dev.architectury.transformer.handler.TinyRemapperPreparedTransformerHandler
[Architectury Transformer DEBUG] Remapping with 1 mapping provider(s):
[Architectury Transformer DEBUG]  - dev.architectury.transformer.transformers.TransformForgeEnvironment$$Lambda/0x000002499b08e850@2bdcfcf
[Architectury Transformer DEBUG] Remapping Classes:
[Architectury Transformer DEBUG] net/fabricmc/api/EnvType -> net/minecraftforge/api/distmarker/Dist
[Architectury Transformer DEBUG] net/fabricmc/api/Environment -> net/minecraftforge/api/distmarker/OnlyIn
[Architectury Transformer DEBUG] Found class transformer
[Architectury Transformer DEBUG] Writing com/beigu/yunbeiuc/block/custom/gate/BarrierGate1PoleHorizontal$Type with maxs=true frames=true
[Architectury Transformer DEBUG] Remapping refmap from intermediary to srg: yunbeiuc-forge-forge-refmap.json
[Architectury Transformer DEBUG] Transformed com/beigu/yunbeiuc/block/custom/gate/BarrierGate1PoleHorizontal$Type in 20.95 ms
[Architectury Transformer DEBUG] Transforming from com/beigu/yunbeiuc/block/custom/gate/BarrierGate1PoleHorizontal$GateType.class to com/beigu/yunbeiuc/block/custom/gate/BarrierGate1PoleHorizontal$GateType.class with 8 transformer(s) on dev.architectury.transformer.handler.TinyRemapperPreparedTransformerHandler
[Architectury Transformer DEBUG] Remapping with 1 mapping provider(s):
[Architectury Transformer DEBUG]  - dev.architectury.transformer.transformers.TransformForgeEnvironment$$Lambda/0x000002499b08e850@2bdcfcf
[Architectury Transformer DEBUG] Remapping Classes:
[Architectury Transformer DEBUG] net/fabricmc/api/EnvType -> net/minecraftforge/api/distmarker/Dist
[Architectury Transformer DEBUG] net/fabricmc/api/Environment -> net/minecraftforge/api/distmarker/OnlyIn
[Architectury Transformer DEBUG] Found class transformer
[Architectury Transformer DEBUG] Writing com/beigu/yunbeiuc/block/custom/gate/BarrierGate1PoleHorizontal$GateType with maxs=true frames=true
[Architectury Transformer DEBUG] Remapping refmap from intermediary to srg: yunbeiuc-forge-forge-refmap.json
[Architectury Transformer DEBUG] Transformed com/beigu/yunbeiuc/block/custom/gate/BarrierGate1PoleHorizontal$GateType in 21.26 ms
[Architectury Transformer DEBUG] Transforming from com/beigu/yunbeiuc/block/custom/gate/BarrierGate1PoleLongitudinal$PoleType.class to com/beigu/yunbeiuc/block/custom/gate/BarrierGate1PoleLongitudinal$PoleType.class with 8 transformer(s) on dev.architectury.transformer.handler.TinyRemapperPreparedTransformerHandler
[Architectury Transformer DEBUG] Remapping with 1 mapping provider(s):
[Architectury Transformer DEBUG]  - dev.architectury.transformer.transformers.TransformForgeEnvironment$$Lambda/0x000002499b08e850@2bdcfcf
[Architectury Transformer DEBUG] Remapping Classes:
[Architectury Transformer DEBUG] net/fabricmc/api/EnvType -> net/minecraftforge/api/distmarker/Dist
[Architectury Transformer DEBUG] net/fabricmc/api/Environment -> net/minecraftforge/api/distmarker/OnlyIn
[Architectury Transformer DEBUG] Found class transformer
[Architectury Transformer DEBUG] Writing com/beigu/yunbeiuc/block/custom/gate/BarrierGate1PoleLongitudinal$PoleType with maxs=true frames=true
[Architectury Transformer DEBUG] Remapping refmap from intermediary to srg: yunbeiuc-forge-forge-refmap.json
[Architectury Transformer DEBUG] Transformed com/beigu/yunbeiuc/block/custom/gate/BarrierGate1PoleLongitudinal$PoleType in 22.27 ms
[Architectury Transformer DEBUG] Transforming from com/beigu/yunbeiuc/block/custom/sign/SignSimpleBlock$Type.class to com/beigu/yunbeiuc/block/custom/sign/SignSimpleBlock$Type.class with 8 transformer(s) on dev.architectury.transformer.handler.TinyRemapperPreparedTransformerHandler
[Architectury Transformer DEBUG] Remapping with 1 mapping provider(s):
[Architectury Transformer DEBUG]  - dev.architectury.transformer.transformers.TransformForgeEnvironment$$Lambda/0x000002499b08e850@2bdcfcf
[Architectury Transformer DEBUG] Remapping Classes:
[Architectury Transformer DEBUG] net/fabricmc/api/EnvType -> net/minecraftforge/api/distmarker/Dist
[Architectury Transformer DEBUG] net/fabricmc/api/Environment -> net/minecraftforge/api/distmarker/OnlyIn
[Architectury Transformer DEBUG] Found class transformer
[Architectury Transformer DEBUG] Writing com/beigu/yunbeiuc/block/custom/sign/SignSimpleBlock$Type with maxs=true frames=true
[Architectury Transformer DEBUG] Remapping refmap from intermediary to srg: yunbeiuc-forge-forge-refmap.json
[Architectury Transformer DEBUG] Transformed com/beigu/yunbeiuc/block/custom/sign/SignSimpleBlock$Type in 23.37 ms
[Architectury Transformer DEBUG] Transforming from com/beigu/yunbeiuc/entity/ZonesBoard1Entity.class to com/beigu/yunbeiuc/entity/ZonesBoard1Entity.class with 8 transformer(s) on dev.architectury.transformer.handler.TinyRemapperPreparedTransformerHandler
[Architectury Transformer DEBUG] Remapping with 1 mapping provider(s):
[Architectury Transformer DEBUG]  - dev.architectury.transformer.transformers.TransformForgeEnvironment$$Lambda/0x000002499b08e850@2bdcfcf
[Architectury Transformer DEBUG] Remapping Classes:
[Architectury Transformer DEBUG] net/fabricmc/api/EnvType -> net/minecraftforge/api/distmarker/Dist
[Architectury Transformer DEBUG] net/fabricmc/api/Environment -> net/minecraftforge/api/distmarker/OnlyIn
[Architectury Transformer DEBUG] Found class transformer
[Architectury Transformer DEBUG] Writing com/beigu/yunbeiuc/entity/ZonesBoard1Entity with maxs=true frames=true
[Architectury Transformer DEBUG] Remapping refmap from intermediary to srg: yunbeiuc-forge-forge-refmap.json
[Architectury Transformer DEBUG] Transformed com/beigu/yunbeiuc/entity/ZonesBoard1Entity in 22.55 ms
[Architectury Transformer DEBUG] Transforming from com/beigu/yunbeiuc/screen/ZonesBoard1Screen.class to com/beigu/yunbeiuc/screen/ZonesBoard1Screen.class with 8 transformer(s) on dev.architectury.transformer.handler.TinyRemapperPreparedTransformerHandler
[Architectury Transformer DEBUG] Remapping with 1 mapping provider(s):
[Architectury Transformer DEBUG]  - dev.architectury.transformer.transformers.TransformForgeEnvironment$$Lambda/0x000002499b08e850@2bdcfcf
[Architectury Transformer DEBUG] Remapping Classes:
[Architectury Transformer DEBUG] net/fabricmc/api/EnvType -> net/minecraftforge/api/distmarker/Dist
[Architectury Transformer DEBUG] net/fabricmc/api/Environment -> net/minecraftforge/api/distmarker/OnlyIn
[Architectury Transformer DEBUG] Found class transformer
[Architectury Transformer DEBUG] Writing com/beigu/yunbeiuc/screen/ZonesBoard1Screen with maxs=true frames=true
[Architectury Transformer DEBUG] Remapping refmap from intermediary to srg: yunbeiuc-forge-forge-refmap.json
[Architectury Transformer DEBUG] Transformed com/beigu/yunbeiuc/screen/ZonesBoard1Screen in 26.01 ms
[Architectury Transformer DEBUG] Transforming from com/beigu/yunbeiuc/block/custom/sign/ZonesBoard1$Type.class to com/beigu/yunbeiuc/block/custom/sign/ZonesBoard1$Type.class with 8 transformer(s) on dev.architectury.transformer.handler.TinyRemapperPreparedTransformerHandler
[Architectury Transformer DEBUG] Remapping with 1 mapping provider(s):
[Architectury Transformer DEBUG]  - dev.architectury.transformer.transformers.TransformForgeEnvironment$$Lambda/0x000002499b08e850@2bdcfcf
[Architectury Transformer DEBUG] Remapping Classes:
[Architectury Transformer DEBUG] net/fabricmc/api/EnvType -> net/minecraftforge/api/distmarker/Dist
[Architectury Transformer DEBUG] net/fabricmc/api/Environment -> net/minecraftforge/api/distmarker/OnlyIn
[Architectury Transformer DEBUG] Found class transformer
[Architectury Transformer DEBUG] Writing com/beigu/yunbeiuc/block/custom/sign/ZonesBoard1$Type with maxs=true frames=true
[Architectury Transformer DEBUG] Remapping refmap from intermediary to srg: yunbeiuc-forge-forge-refmap.json
[Architectury Transformer DEBUG] Transformed com/beigu/yunbeiuc/block/custom/sign/ZonesBoard1$Type in 23.27 ms
[Architectury Transformer DEBUG] Transforming from com/beigu/yunbeiuc/entity/ZonesBoardTimeRange1Entity.class to com/beigu/yunbeiuc/entity/ZonesBoardTimeRange1Entity.class with 8 transformer(s) on dev.architectury.transformer.handler.TinyRemapperPreparedTransformerHandler
[Architectury Transformer DEBUG] Remapping with 1 mapping provider(s):
[Architectury Transformer DEBUG]  - dev.architectury.transformer.transformers.TransformForgeEnvironment$$Lambda/0x000002499b08e850@2bdcfcf
[Architectury Transformer DEBUG] Remapping Classes:
[Architectury Transformer DEBUG] net/fabricmc/api/EnvType -> net/minecraftforge/api/distmarker/Dist
[Architectury Transformer DEBUG] net/fabricmc/api/Environment -> net/minecraftforge/api/distmarker/OnlyIn
[Architectury Transformer DEBUG] Found class transformer
[Architectury Transformer DEBUG] Writing com/beigu/yunbeiuc/entity/ZonesBoardTimeRange1Entity with maxs=true frames=true
[Architectury Transformer DEBUG] Remapping refmap from intermediary to srg: yunbeiuc-forge-forge-refmap.json
[Architectury Transformer DEBUG] Transformed com/beigu/yunbeiuc/entity/ZonesBoardTimeRange1Entity in 30.13 ms
[Architectury Transformer DEBUG] Transforming from com/beigu/yunbeiuc/screen/ZonesBoardTimeRange1Screen.class to com/beigu/yunbeiuc/screen/ZonesBoardTimeRange1Screen.class with 8 transformer(s) on dev.architectury.transformer.handler.TinyRemapperPreparedTransformerHandler
[Architectury Transformer DEBUG] Remapping with 1 mapping provider(s):
[Architectury Transformer DEBUG]  - dev.architectury.transformer.transformers.TransformForgeEnvironment$$Lambda/0x000002499b08e850@2bdcfcf
[Architectury Transformer DEBUG] Remapping Classes:
[Architectury Transformer DEBUG] net/fabricmc/api/EnvType -> net/minecraftforge/api/distmarker/Dist
[Architectury Transformer DEBUG] net/fabricmc/api/Environment -> net/minecraftforge/api/distmarker/OnlyIn
[Architectury Transformer DEBUG] Found class transformer
[Architectury Transformer DEBUG] Writing com/beigu/yunbeiuc/screen/ZonesBoardTimeRange1Screen with maxs=true frames=true
[Architectury Transformer DEBUG] Remapping refmap from intermediary to srg: yunbeiuc-forge-forge-refmap.json
[Architectury Transformer DEBUG] Transformed com/beigu/yunbeiuc/screen/ZonesBoardTimeRange1Screen in 22.83 ms
[Architectury Transformer DEBUG] Transforming from com/beigu/yunbeiuc/block/custom/sign/ZonesBoardTimeRange1$Type.class to com/beigu/yunbeiuc/block/custom/sign/ZonesBoardTimeRange1$Type.class with 8 transformer(s) on dev.architectury.transformer.handler.TinyRemapperPreparedTransformerHandler
[Architectury Transformer DEBUG] Remapping with 1 mapping provider(s):
[Architectury Transformer DEBUG]  - dev.architectury.transformer.transformers.TransformForgeEnvironment$$Lambda/0x000002499b08e850@2bdcfcf
[Architectury Transformer DEBUG] Remapping Classes:
[Architectury Transformer DEBUG] net/fabricmc/api/EnvType -> net/minecraftforge/api/distmarker/Dist
[Architectury Transformer DEBUG] net/fabricmc/api/Environment -> net/minecraftforge/api/distmarker/OnlyIn
[Architectury Transformer DEBUG] Found class transformer
[Architectury Transformer DEBUG] Writing com/beigu/yunbeiuc/block/custom/sign/ZonesBoardTimeRange1$Type with maxs=true frames=true
[Architectury Transformer DEBUG] Remapping refmap from intermediary to srg: yunbeiuc-forge-forge-refmap.json
[Architectury Transformer DEBUG] Transformed com/beigu/yunbeiuc/block/custom/sign/ZonesBoardTimeRange1$Type in 23.63 ms
[Architectury Transformer DEBUG] Transforming from com/beigu/yunbeiuc/entity/ZonesBoardTimeRange2Entity.class to com/beigu/yunbeiuc/entity/ZonesBoardTimeRange2Entity.class with 8 transformer(s) on dev.architectury.transformer.handler.TinyRemapperPreparedTransformerHandler
[Architectury Transformer DEBUG] Remapping with 1 mapping provider(s):
[Architectury Transformer DEBUG]  - dev.architectury.transformer.transformers.TransformForgeEnvironment$$Lambda/0x000002499b08e850@2bdcfcf
[Architectury Transformer DEBUG] Remapping Classes:
[Architectury Transformer DEBUG] net/fabricmc/api/EnvType -> net/minecraftforge/api/distmarker/Dist
[Architectury Transformer DEBUG] net/fabricmc/api/Environment -> net/minecraftforge/api/distmarker/OnlyIn
[Architectury Transformer DEBUG] Found class transformer
[Architectury Transformer DEBUG] Writing com/beigu/yunbeiuc/entity/ZonesBoardTimeRange2Entity with maxs=true frames=true
[Architectury Transformer DEBUG] Remapping refmap from intermediary to srg: yunbeiuc-forge-forge-refmap.json
[Architectury Transformer DEBUG] Transformed com/beigu/yunbeiuc/entity/ZonesBoardTimeRange2Entity in 30.45 ms
[Architectury Transformer DEBUG] Transforming from com/beigu/yunbeiuc/screen/ZonesBoardTimeRange2Screen.class to com/beigu/yunbeiuc/screen/ZonesBoardTimeRange2Screen.class with 8 transformer(s) on dev.architectury.transformer.handler.TinyRemapperPreparedTransformerHandler
[Architectury Transformer DEBUG] Remapping with 1 mapping provider(s):
[Architectury Transformer DEBUG]  - dev.architectury.transformer.transformers.TransformForgeEnvironment$$Lambda/0x000002499b08e850@2bdcfcf
[Architectury Transformer DEBUG] Remapping Classes:
[Architectury Transformer DEBUG] net/fabricmc/api/EnvType -> net/minecraftforge/api/distmarker/Dist
[Architectury Transformer DEBUG] net/fabricmc/api/Environment -> net/minecraftforge/api/distmarker/OnlyIn
[Architectury Transformer DEBUG] Found class transformer
[Architectury Transformer DEBUG] Writing com/beigu/yunbeiuc/screen/ZonesBoardTimeRange2Screen with maxs=true frames=true
[Architectury Transformer DEBUG] Remapping refmap from intermediary to srg: yunbeiuc-forge-forge-refmap.json
[Architectury Transformer DEBUG] Transformed com/beigu/yunbeiuc/screen/ZonesBoardTimeRange2Screen in 25.39 ms
[Architectury Transformer DEBUG] Transforming from com/beigu/yunbeiuc/block/custom/sign/ZonesBoardTimeRange2$Type.class to com/beigu/yunbeiuc/block/custom/sign/ZonesBoardTimeRange2$Type.class with 8 transformer(s) on dev.architectury.transformer.handler.TinyRemapperPreparedTransformerHandler
[Architectury Transformer DEBUG] Remapping with 1 mapping provider(s):
[Architectury Transformer DEBUG]  - dev.architectury.transformer.transformers.TransformForgeEnvironment$$Lambda/0x000002499b08e850@2bdcfcf
[Architectury Transformer DEBUG] Remapping Classes:
[Architectury Transformer DEBUG] net/fabricmc/api/EnvType -> net/minecraftforge/api/distmarker/Dist
[Architectury Transformer DEBUG] net/fabricmc/api/Environment -> net/minecraftforge/api/distmarker/OnlyIn
[Architectury Transformer DEBUG] Found class transformer
[Architectury Transformer DEBUG] Writing com/beigu/yunbeiuc/block/custom/sign/ZonesBoardTimeRange2$Type with maxs=true frames=true
[Architectury Transformer DEBUG] Remapping refmap from intermediary to srg: yunbeiuc-forge-forge-refmap.json
[Architectury Transformer DEBUG] Transformed com/beigu/yunbeiuc/block/custom/sign/ZonesBoardTimeRange2$Type in 22.04 ms
[Architectury Transformer DEBUG] Transforming from com/beigu/yunbeiuc/entity/ZonesBoardOverWeightEntity.class to com/beigu/yunbeiuc/entity/ZonesBoardOverWeightEntity.class with 8 transformer(s) on dev.architectury.transformer.handler.TinyRemapperPreparedTransformerHandler
[Architectury Transformer DEBUG] Remapping with 1 mapping provider(s):
[Architectury Transformer DEBUG]  - dev.architectury.transformer.transformers.TransformForgeEnvironment$$Lambda/0x000002499b08e850@2bdcfcf
[Architectury Transformer DEBUG] Remapping Classes:
[Architectury Transformer DEBUG] net/fabricmc/api/EnvType -> net/minecraftforge/api/distmarker/Dist
[Architectury Transformer DEBUG] net/fabricmc/api/Environment -> net/minecraftforge/api/distmarker/OnlyIn
[Architectury Transformer DEBUG] Found class transformer
[Architectury Transformer DEBUG] Writing com/beigu/yunbeiuc/entity/ZonesBoardOverWeightEntity with maxs=true frames=true
[Architectury Transformer DEBUG] Remapping refmap from intermediary to srg: yunbeiuc-forge-forge-refmap.json
[Architectury Transformer DEBUG] Transformed com/beigu/yunbeiuc/entity/ZonesBoardOverWeightEntity in 21.87 ms
[Architectury Transformer DEBUG] Transforming from com/beigu/yunbeiuc/screen/ZonesBoardOverWeightScreen.class to com/beigu/yunbeiuc/screen/ZonesBoardOverWeightScreen.class with 8 transformer(s) on dev.architectury.transformer.handler.TinyRemapperPreparedTransformerHandler
[Architectury Transformer DEBUG] Remapping with 1 mapping provider(s):
[Architectury Transformer DEBUG]  - dev.architectury.transformer.transformers.TransformForgeEnvironment$$Lambda/0x000002499b08e850@2bdcfcf
[Architectury Transformer DEBUG] Remapping Classes:
[Architectury Transformer DEBUG] net/fabricmc/api/EnvType -> net/minecraftforge/api/distmarker/Dist
[Architectury Transformer DEBUG] net/fabricmc/api/Environment -> net/minecraftforge/api/distmarker/OnlyIn
[Architectury Transformer DEBUG] Found class transformer
[Architectury Transformer DEBUG] Writing com/beigu/yunbeiuc/screen/ZonesBoardOverWeightScreen with maxs=true frames=true
[Architectury Transformer DEBUG] Remapping refmap from intermediary to srg: yunbeiuc-forge-forge-refmap.json
[Architectury Transformer DEBUG] Transformed com/beigu/yunbeiuc/screen/ZonesBoardOverWeightScreen in 21.12 ms
[Architectury Transformer DEBUG] Transforming from com/beigu/yunbeiuc/block/custom/sign/ZonesBoardOverWeight$Type.class to com/beigu/yunbeiuc/block/custom/sign/ZonesBoardOverWeight$Type.class with 8 transformer(s) on dev.architectury.transformer.handler.TinyRemapperPreparedTransformerHandler
[Architectury Transformer DEBUG] Remapping with 1 mapping provider(s):
[Architectury Transformer DEBUG]  - dev.architectury.transformer.transformers.TransformForgeEnvironment$$Lambda/0x000002499b08e850@2bdcfcf
[Architectury Transformer DEBUG] Remapping Classes:
[Architectury Transformer DEBUG] net/fabricmc/api/EnvType -> net/minecraftforge/api/distmarker/Dist
[Architectury Transformer DEBUG] net/fabricmc/api/Environment -> net/minecraftforge/api/distmarker/OnlyIn
[Architectury Transformer DEBUG] Found class transformer
[Architectury Transformer DEBUG] Writing com/beigu/yunbeiuc/block/custom/sign/ZonesBoardOverWeight$Type with maxs=true frames=true
[Architectury Transformer DEBUG] Remapping refmap from intermediary to srg: yunbeiuc-forge-forge-refmap.json
[Architectury Transformer DEBUG] Transformed com/beigu/yunbeiuc/block/custom/sign/ZonesBoardOverWeight$Type in 23.72 ms
[Architectury Transformer DEBUG] Transforming from com/beigu/yunbeiuc/entity/ZonesBoardImageEntity.class to com/beigu/yunbeiuc/entity/ZonesBoardImageEntity.class with 8 transformer(s) on dev.architectury.transformer.handler.TinyRemapperPreparedTransformerHandler
[Architectury Transformer DEBUG] Remapping with 1 mapping provider(s):
[Architectury Transformer DEBUG]  - dev.architectury.transformer.transformers.TransformForgeEnvironment$$Lambda/0x000002499b08e850@2bdcfcf
[Architectury Transformer DEBUG] Remapping Classes:
[Architectury Transformer DEBUG] net/fabricmc/api/EnvType -> net/minecraftforge/api/distmarker/Dist
[Architectury Transformer DEBUG] net/fabricmc/api/Environment -> net/minecraftforge/api/distmarker/OnlyIn
[Architectury Transformer DEBUG] Found class transformer
[Architectury Transformer DEBUG] Writing com/beigu/yunbeiuc/entity/ZonesBoardImageEntity with maxs=true frames=true
[Architectury Transformer DEBUG] Remapping refmap from intermediary to srg: yunbeiuc-forge-forge-refmap.json
[Architectury Transformer DEBUG] Transformed com/beigu/yunbeiuc/entity/ZonesBoardImageEntity in 50.29 ms
[Architectury Transformer DEBUG] Transforming from com/beigu/yunbeiuc/screen/ZonesBoardImageScreen.class to com/beigu/yunbeiuc/screen/ZonesBoardImageScreen.class with 8 transformer(s) on dev.architectury.transformer.handler.TinyRemapperPreparedTransformerHandler
[Architectury Transformer DEBUG] Remapping with 1 mapping provider(s):
[Architectury Transformer DEBUG]  - dev.architectury.transformer.transformers.TransformForgeEnvironment$$Lambda/0x000002499b08e850@2bdcfcf
[Architectury Transformer DEBUG] Remapping Classes:
[Architectury Transformer DEBUG] net/fabricmc/api/EnvType -> net/minecraftforge/api/distmarker/Dist
[Architectury Transformer DEBUG] net/fabricmc/api/Environment -> net/minecraftforge/api/distmarker/OnlyIn
[Architectury Transformer DEBUG] Found class transformer
[Architectury Transformer DEBUG] Writing com/beigu/yunbeiuc/screen/ZonesBoardImageScreen with maxs=true frames=true
[Architectury Transformer DEBUG] Remapping refmap from intermediary to srg: yunbeiuc-forge-forge-refmap.json
[Architectury Transformer DEBUG] Transformed com/beigu/yunbeiuc/screen/ZonesBoardImageScreen in 25.03 ms
[Architectury Transformer DEBUG] Transforming from com/beigu/yunbeiuc/block/custom/sign/ZonesBoardImage$Type.class to com/beigu/yunbeiuc/block/custom/sign/ZonesBoardImage$Type.class with 8 transformer(s) on dev.architectury.transformer.handler.TinyRemapperPreparedTransformerHandler
[Architectury Transformer DEBUG] Remapping with 1 mapping provider(s):
[Architectury Transformer DEBUG]  - dev.architectury.transformer.transformers.TransformForgeEnvironment$$Lambda/0x000002499b08e850@2bdcfcf
[Architectury Transformer DEBUG] Remapping Classes:
[Architectury Transformer DEBUG] net/fabricmc/api/EnvType -> net/minecraftforge/api/distmarker/Dist
[Architectury Transformer DEBUG] net/fabricmc/api/Environment -> net/minecraftforge/api/distmarker/OnlyIn
[Architectury Transformer DEBUG] Found class transformer
[Architectury Transformer DEBUG] Writing com/beigu/yunbeiuc/block/custom/sign/ZonesBoardImage$Type with maxs=true frames=true
[Architectury Transformer DEBUG] Remapping refmap from intermediary to srg: yunbeiuc-forge-forge-refmap.json
[Architectury Transformer DEBUG] Transformed com/beigu/yunbeiuc/block/custom/sign/ZonesBoardImage$Type in 22.13 ms
[Architectury Transformer DEBUG] Transforming from com/beigu/yunbeiuc/entity/SignGuideIntersectionAdvanceWarning1WuhanEntity.class to com/beigu/yunbeiuc/entity/SignGuideIntersectionAdvanceWarning1WuhanEntity.class with 8 transformer(s) on dev.architectury.transformer.handler.TinyRemapperPreparedTransformerHandler
[Architectury Transformer DEBUG] Remapping with 1 mapping provider(s):
[Architectury Transformer DEBUG]  - dev.architectury.transformer.transformers.TransformForgeEnvironment$$Lambda/0x000002499b08e850@2bdcfcf
[Architectury Transformer DEBUG] Remapping Classes:
[Architectury Transformer DEBUG] net/fabricmc/api/EnvType -> net/minecraftforge/api/distmarker/Dist
[Architectury Transformer DEBUG] net/fabricmc/api/Environment -> net/minecraftforge/api/distmarker/OnlyIn
[Architectury Transformer DEBUG] Found class transformer
[Architectury Transformer DEBUG] Writing com/beigu/yunbeiuc/entity/SignGuideIntersectionAdvanceWarning1WuhanEntity with maxs=true frames=true
[Architectury Transformer DEBUG] Remapping refmap from intermediary to srg: yunbeiuc-forge-forge-refmap.json
[Architectury Transformer DEBUG] Transformed com/beigu/yunbeiuc/entity/SignGuideIntersectionAdvanceWarning1WuhanEntity in 25.35 ms
[Architectury Transformer DEBUG] Transforming from com/beigu/yunbeiuc/screen/SignGuideIntersectionAdvanceWarning1WuhanScreen.class to com/beigu/yunbeiuc/screen/SignGuideIntersectionAdvanceWarning1WuhanScreen.class with 8 transformer(s) on dev.architectury.transformer.handler.TinyRemapperPreparedTransformerHandler
[Architectury Transformer DEBUG] Remapping with 1 mapping provider(s):
[Architectury Transformer DEBUG]  - dev.architectury.transformer.transformers.TransformForgeEnvironment$$Lambda/0x000002499b08e850@2bdcfcf
[Architectury Transformer DEBUG] Remapping Classes:
[Architectury Transformer DEBUG] net/fabricmc/api/EnvType -> net/minecraftforge/api/distmarker/Dist
[Architectury Transformer DEBUG] net/fabricmc/api/Environment -> net/minecraftforge/api/distmarker/OnlyIn
[Architectury Transformer DEBUG] Found class transformer
[Architectury Transformer DEBUG] Writing com/beigu/yunbeiuc/screen/SignGuideIntersectionAdvanceWarning1WuhanScreen with maxs=true frames=true
[Architectury Transformer DEBUG] Remapping refmap from intermediary to srg: yunbeiuc-forge-forge-refmap.json
[Architectury Transformer DEBUG] Transformed com/beigu/yunbeiuc/screen/SignGuideIntersectionAdvanceWarning1WuhanScreen in 34.65 ms
[Architectury Transformer DEBUG] Transforming from com/beigu/yunbeiuc/block/custom/sign/SignGuideIntersectionAdvanceWarning1Wuhan$Type.class to com/beigu/yunbeiuc/block/custom/sign/SignGuideIntersectionAdvanceWarning1Wuhan$Type.class with 8 transformer(s) on dev.architectury.transformer.handler.TinyRemapperPreparedTransformerHandler
[Architectury Transformer DEBUG] Remapping with 1 mapping provider(s):
[Architectury Transformer DEBUG]  - dev.architectury.transformer.transformers.TransformForgeEnvironment$$Lambda/0x000002499b08e850@2bdcfcf
[Architectury Transformer DEBUG] Remapping Classes:
[Architectury Transformer DEBUG] net/fabricmc/api/EnvType -> net/minecraftforge/api/distmarker/Dist
[Architectury Transformer DEBUG] net/fabricmc/api/Environment -> net/minecraftforge/api/distmarker/OnlyIn
[Architectury Transformer DEBUG] Found class transformer
[Architectury Transformer DEBUG] Writing com/beigu/yunbeiuc/block/custom/sign/SignGuideIntersectionAdvanceWarning1Wuhan$Type with maxs=true frames=true
[Architectury Transformer DEBUG] Remapping refmap from intermediary to srg: yunbeiuc-forge-forge-refmap.json
[Architectury Transformer DEBUG] Transformed com/beigu/yunbeiuc/block/custom/sign/SignGuideIntersectionAdvanceWarning1Wuhan$Type in 22.66 ms
[Architectury Transformer DEBUG] Transforming from com/beigu/yunbeiuc/entity/SignGuideIntersectionAdvanceWarning1Entity.class to com/beigu/yunbeiuc/entity/SignGuideIntersectionAdvanceWarning1Entity.class with 8 transformer(s) on dev.architectury.transformer.handler.TinyRemapperPreparedTransformerHandler
[Architectury Transformer DEBUG] Remapping with 1 mapping provider(s):
[Architectury Transformer DEBUG]  - dev.architectury.transformer.transformers.TransformForgeEnvironment$$Lambda/0x000002499b08e850@2bdcfcf
[Architectury Transformer DEBUG] Remapping Classes:
[Architectury Transformer DEBUG] net/fabricmc/api/EnvType -> net/minecraftforge/api/distmarker/Dist
[Architectury Transformer DEBUG] net/fabricmc/api/Environment -> net/minecraftforge/api/distmarker/OnlyIn
[Architectury Transformer DEBUG] Found class transformer
[Architectury Transformer DEBUG] Writing com/beigu/yunbeiuc/entity/SignGuideIntersectionAdvanceWarning1Entity with maxs=true frames=true
[Architectury Transformer DEBUG] Remapping refmap from intermediary to srg: yunbeiuc-forge-forge-refmap.json
[Architectury Transformer DEBUG] Transformed com/beigu/yunbeiuc/entity/SignGuideIntersectionAdvanceWarning1Entity in 19.39 ms
[Architectury Transformer DEBUG] Transforming from com/beigu/yunbeiuc/screen/SignGuideIntersectionAdvanceWarning1Screen.class to com/beigu/yunbeiuc/screen/SignGuideIntersectionAdvanceWarning1Screen.class with 8 transformer(s) on dev.architectury.transformer.handler.TinyRemapperPreparedTransformerHandler
[Architectury Transformer DEBUG] Remapping with 1 mapping provider(s):
[Architectury Transformer DEBUG]  - dev.architectury.transformer.transformers.TransformForgeEnvironment$$Lambda/0x000002499b08e850@2bdcfcf
[Architectury Transformer DEBUG] Remapping Classes:
[Architectury Transformer DEBUG] net/fabricmc/api/EnvType -> net/minecraftforge/api/distmarker/Dist
[Architectury Transformer DEBUG] net/fabricmc/api/Environment -> net/minecraftforge/api/distmarker/OnlyIn
[Architectury Transformer DEBUG] Found class transformer
[Architectury Transformer DEBUG] Writing com/beigu/yunbeiuc/screen/SignGuideIntersectionAdvanceWarning1Screen with maxs=true frames=true
[Architectury Transformer DEBUG] Remapping refmap from intermediary to srg: yunbeiuc-forge-forge-refmap.json
[Architectury Transformer DEBUG] Transformed com/beigu/yunbeiuc/screen/SignGuideIntersectionAdvanceWarning1Screen in 20.21 ms
[Architectury Transformer DEBUG] Transforming from com/beigu/yunbeiuc/block/custom/sign/SignGuideIntersectionAdvanceWarning1$Type.class to com/beigu/yunbeiuc/block/custom/sign/SignGuideIntersectionAdvanceWarning1$Type.class with 8 transformer(s) on dev.architectury.transformer.handler.TinyRemapperPreparedTransformerHandler
[Architectury Transformer DEBUG] Remapping with 1 mapping provider(s):
[Architectury Transformer DEBUG]  - dev.architectury.transformer.transformers.TransformForgeEnvironment$$Lambda/0x000002499b08e850@2bdcfcf
[Architectury Transformer DEBUG] Remapping Classes:
[Architectury Transformer DEBUG] net/fabricmc/api/EnvType -> net/minecraftforge/api/distmarker/Dist
[Architectury Transformer DEBUG] net/fabricmc/api/Environment -> net/minecraftforge/api/distmarker/OnlyIn
[Architectury Transformer DEBUG] Found class transformer
[Architectury Transformer DEBUG] Writing com/beigu/yunbeiuc/block/custom/sign/SignGuideIntersectionAdvanceWarning1$Type with maxs=true frames=true
[Architectury Transformer DEBUG] Remapping refmap from intermediary to srg: yunbeiuc-forge-forge-refmap.json
[Architectury Transformer DEBUG] Transformed com/beigu/yunbeiuc/block/custom/sign/SignGuideIntersectionAdvanceWarning1$Type in 21.20 ms
[Architectury Transformer DEBUG] Transforming from com/beigu/yunbeiuc/entity/SignGuideIntersectionAdvanceWarning3Entity.class to com/beigu/yunbeiuc/entity/SignGuideIntersectionAdvanceWarning3Entity.class with 8 transformer(s) on dev.architectury.transformer.handler.TinyRemapperPreparedTransformerHandler
[Architectury Transformer DEBUG] Remapping with 1 mapping provider(s):
[Architectury Transformer DEBUG]  - dev.architectury.transformer.transformers.TransformForgeEnvironment$$Lambda/0x000002499b08e850@2bdcfcf
[Architectury Transformer DEBUG] Remapping Classes:
[Architectury Transformer DEBUG] net/fabricmc/api/EnvType -> net/minecraftforge/api/distmarker/Dist
[Architectury Transformer DEBUG] net/fabricmc/api/Environment -> net/minecraftforge/api/distmarker/OnlyIn
[Architectury Transformer DEBUG] Found class transformer
[Architectury Transformer DEBUG] Writing com/beigu/yunbeiuc/entity/SignGuideIntersectionAdvanceWarning3Entity with maxs=true frames=true
[Architectury Transformer DEBUG] Remapping refmap from intermediary to srg: yunbeiuc-forge-forge-refmap.json
[Architectury Transformer DEBUG] Transformed com/beigu/yunbeiuc/entity/SignGuideIntersectionAdvanceWarning3Entity in 21.57 ms
[Architectury Transformer DEBUG] Transforming from com/beigu/yunbeiuc/screen/SignGuideIntersectionAdvanceWarning3Screen.class to com/beigu/yunbeiuc/screen/SignGuideIntersectionAdvanceWarning3Screen.class with 8 transformer(s) on dev.architectury.transformer.handler.TinyRemapperPreparedTransformerHandler
[Architectury Transformer DEBUG] Remapping with 1 mapping provider(s):
[Architectury Transformer DEBUG]  - dev.architectury.transformer.transformers.TransformForgeEnvironment$$Lambda/0x000002499b08e850@2bdcfcf
[Architectury Transformer DEBUG] Remapping Classes:
[Architectury Transformer DEBUG] net/fabricmc/api/EnvType -> net/minecraftforge/api/distmarker/Dist
[Architectury Transformer DEBUG] net/fabricmc/api/Environment -> net/minecraftforge/api/distmarker/OnlyIn
[Architectury Transformer DEBUG] Found class transformer
[Architectury Transformer DEBUG] Writing com/beigu/yunbeiuc/screen/SignGuideIntersectionAdvanceWarning3Screen with maxs=true frames=true
[Architectury Transformer DEBUG] Remapping refmap from intermediary to srg: yunbeiuc-forge-forge-refmap.json
[Architectury Transformer DEBUG] Transformed com/beigu/yunbeiuc/screen/SignGuideIntersectionAdvanceWarning3Screen in 24.07 ms
[Architectury Transformer DEBUG] Transforming from com/beigu/yunbeiuc/block/custom/sign/SignGuideIntersectionAdvanceWarning3$Type.class to com/beigu/yunbeiuc/block/custom/sign/SignGuideIntersectionAdvanceWarning3$Type.class with 8 transformer(s) on dev.architectury.transformer.handler.TinyRemapperPreparedTransformerHandler
[Architectury Transformer DEBUG] Remapping with 1 mapping provider(s):
[Architectury Transformer DEBUG]  - dev.architectury.transformer.transformers.TransformForgeEnvironment$$Lambda/0x000002499b08e850@2bdcfcf
[Architectury Transformer DEBUG] Remapping Classes:
[Architectury Transformer DEBUG] net/fabricmc/api/EnvType -> net/minecraftforge/api/distmarker/Dist
[Architectury Transformer DEBUG] net/fabricmc/api/Environment -> net/minecraftforge/api/distmarker/OnlyIn
[Architectury Transformer DEBUG] Found class transformer
[Architectury Transformer DEBUG] Writing com/beigu/yunbeiuc/block/custom/sign/SignGuideIntersectionAdvanceWarning3$Type with maxs=true frames=true
[Architectury Transformer DEBUG] Remapping refmap from intermediary to srg: yunbeiuc-forge-forge-refmap.json
[Architectury Transformer DEBUG] Transformed com/beigu/yunbeiuc/block/custom/sign/SignGuideIntersectionAdvanceWarning3$Type in 46.10 ms
[Architectury Transformer DEBUG] Transforming from com/beigu/yunbeiuc/entity/SignGuideIntersectionAdvanceWarning5Entity.class to com/beigu/yunbeiuc/entity/SignGuideIntersectionAdvanceWarning5Entity.class with 8 transformer(s) on dev.architectury.transformer.handler.TinyRemapperPreparedTransformerHandler
[Architectury Transformer DEBUG] Remapping with 1 mapping provider(s):
[Architectury Transformer DEBUG]  - dev.architectury.transformer.transformers.TransformForgeEnvironment$$Lambda/0x000002499b08e850@2bdcfcf
[Architectury Transformer DEBUG] Remapping Classes:
[Architectury Transformer DEBUG] net/fabricmc/api/EnvType -> net/minecraftforge/api/distmarker/Dist
[Architectury Transformer DEBUG] net/fabricmc/api/Environment -> net/minecraftforge/api/distmarker/OnlyIn
[Architectury Transformer DEBUG] Found class transformer
[Architectury Transformer DEBUG] Writing com/beigu/yunbeiuc/entity/SignGuideIntersectionAdvanceWarning5Entity with maxs=true frames=true
[Architectury Transformer DEBUG] Remapping refmap from intermediary to srg: yunbeiuc-forge-forge-refmap.json
[Architectury Transformer DEBUG] Transformed com/beigu/yunbeiuc/entity/SignGuideIntersectionAdvanceWarning5Entity in 26.91 ms
[Architectury Transformer DEBUG] Transforming from com/beigu/yunbeiuc/screen/SignGuideIntersectionAdvanceWarning5Screen.class to com/beigu/yunbeiuc/screen/SignGuideIntersectionAdvanceWarning5Screen.class with 8 transformer(s) on dev.architectury.transformer.handler.TinyRemapperPreparedTransformerHandler
[Architectury Transformer DEBUG] Remapping with 1 mapping provider(s):
[Architectury Transformer DEBUG]  - dev.architectury.transformer.transformers.TransformForgeEnvironment$$Lambda/0x000002499b08e850@2bdcfcf
[Architectury Transformer DEBUG] Remapping Classes:
[Architectury Transformer DEBUG] net/fabricmc/api/EnvType -> net/minecraftforge/api/distmarker/Dist
[Architectury Transformer DEBUG] net/fabricmc/api/Environment -> net/minecraftforge/api/distmarker/OnlyIn
[Architectury Transformer DEBUG] Found class transformer
[Architectury Transformer DEBUG] Writing com/beigu/yunbeiuc/screen/SignGuideIntersectionAdvanceWarning5Screen with maxs=true frames=true
[Architectury Transformer DEBUG] Remapping refmap from intermediary to srg: yunbeiuc-forge-forge-refmap.json
[Architectury Transformer DEBUG] Transformed com/beigu/yunbeiuc/screen/SignGuideIntersectionAdvanceWarning5Screen in 41.03 ms
[Architectury Transformer DEBUG] Transforming from com/beigu/yunbeiuc/block/custom/sign/SignGuideIntersectionAdvanceWarning5$Type.class to com/beigu/yunbeiuc/block/custom/sign/SignGuideIntersectionAdvanceWarning5$Type.class with 8 transformer(s) on dev.architectury.transformer.handler.TinyRemapperPreparedTransformerHandler
[Architectury Transformer DEBUG] Remapping with 1 mapping provider(s):
[Architectury Transformer DEBUG]  - dev.architectury.transformer.transformers.TransformForgeEnvironment$$Lambda/0x000002499b08e850@2bdcfcf
[Architectury Transformer DEBUG] Remapping Classes:
[Architectury Transformer DEBUG] net/fabricmc/api/EnvType -> net/minecraftforge/api/distmarker/Dist
[Architectury Transformer DEBUG] net/fabricmc/api/Environment -> net/minecraftforge/api/distmarker/OnlyIn
[Architectury Transformer DEBUG] Found class transformer
[Architectury Transformer DEBUG] Writing com/beigu/yunbeiuc/block/custom/sign/SignGuideIntersectionAdvanceWarning5$Type with maxs=true frames=true
[Architectury Transformer DEBUG] Remapping refmap from intermediary to srg: yunbeiuc-forge-forge-refmap.json
[Architectury Transformer DEBUG] Transformed com/beigu/yunbeiuc/block/custom/sign/SignGuideIntersectionAdvanceWarning5$Type in 27.22 ms
[Architectury Transformer DEBUG] Transforming from com/beigu/yunbeiuc/entity/SignGuideIntersectionAdvanceWarning6Entity.class to com/beigu/yunbeiuc/entity/SignGuideIntersectionAdvanceWarning6Entity.class with 8 transformer(s) on dev.architectury.transformer.handler.TinyRemapperPreparedTransformerHandler
[Architectury Transformer DEBUG] Remapping with 1 mapping provider(s):
[Architectury Transformer DEBUG]  - dev.architectury.transformer.transformers.TransformForgeEnvironment$$Lambda/0x000002499b08e850@2bdcfcf
[Architectury Transformer DEBUG] Remapping Classes:
[Architectury Transformer DEBUG] net/fabricmc/api/EnvType -> net/minecraftforge/api/distmarker/Dist
[Architectury Transformer DEBUG] net/fabricmc/api/Environment -> net/minecraftforge/api/distmarker/OnlyIn
[Architectury Transformer DEBUG] Found class transformer
[Architectury Transformer DEBUG] Writing com/beigu/yunbeiuc/entity/SignGuideIntersectionAdvanceWarning6Entity with maxs=true frames=true
[Architectury Transformer DEBUG] Remapping refmap from intermediary to srg: yunbeiuc-forge-forge-refmap.json
[Architectury Transformer DEBUG] Transformed com/beigu/yunbeiuc/entity/SignGuideIntersectionAdvanceWarning6Entity in 20.62 ms
[Architectury Transformer DEBUG] Transforming from com/beigu/yunbeiuc/screen/SignGuideIntersectionAdvanceWarning6Screen.class to com/beigu/yunbeiuc/screen/SignGuideIntersectionAdvanceWarning6Screen.class with 8 transformer(s) on dev.architectury.transformer.handler.TinyRemapperPreparedTransformerHandler
[Architectury Transformer DEBUG] Remapping with 1 mapping provider(s):
[Architectury Transformer DEBUG]  - dev.architectury.transformer.transformers.TransformForgeEnvironment$$Lambda/0x000002499b08e850@2bdcfcf
[Architectury Transformer DEBUG] Remapping Classes:
[Architectury Transformer DEBUG] net/fabricmc/api/EnvType -> net/minecraftforge/api/distmarker/Dist
[Architectury Transformer DEBUG] net/fabricmc/api/Environment -> net/minecraftforge/api/distmarker/OnlyIn
[Architectury Transformer DEBUG] Found class transformer
[Architectury Transformer DEBUG] Writing com/beigu/yunbeiuc/screen/SignGuideIntersectionAdvanceWarning6Screen with maxs=true frames=true
[Architectury Transformer DEBUG] Remapping refmap from intermediary to srg: yunbeiuc-forge-forge-refmap.json
[Architectury Transformer DEBUG] Transformed com/beigu/yunbeiuc/screen/SignGuideIntersectionAdvanceWarning6Screen in 23.90 ms
[Architectury Transformer DEBUG] Transforming from com/beigu/yunbeiuc/block/custom/sign/SignGuideIntersectionAdvanceWarning6$Type.class to com/beigu/yunbeiuc/block/custom/sign/SignGuideIntersectionAdvanceWarning6$Type.class with 8 transformer(s) on dev.architectury.transformer.handler.TinyRemapperPreparedTransformerHandler
[Architectury Transformer DEBUG] Remapping with 1 mapping provider(s):
[Architectury Transformer DEBUG]  - dev.architectury.transformer.transformers.TransformForgeEnvironment$$Lambda/0x000002499b08e850@2bdcfcf
[Architectury Transformer DEBUG] Remapping Classes:
[Architectury Transformer DEBUG] net/fabricmc/api/EnvType -> net/minecraftforge/api/distmarker/Dist
[Architectury Transformer DEBUG] net/fabricmc/api/Environment -> net/minecraftforge/api/distmarker/OnlyIn
[Architectury Transformer DEBUG] Found class transformer
[Architectury Transformer DEBUG] Writing com/beigu/yunbeiuc/block/custom/sign/SignGuideIntersectionAdvanceWarning6$Type with maxs=true frames=true
[Architectury Transformer DEBUG] Remapping refmap from intermediary to srg: yunbeiuc-forge-forge-refmap.json
[Architectury Transformer DEBUG] Transformed com/beigu/yunbeiuc/block/custom/sign/SignGuideIntersectionAdvanceWarning6$Type in 18.92 ms
[Architectury Transformer DEBUG] Transforming from com/beigu/yunbeiuc/entity/SignGuideIntersectionAdvanceWarning7Entity.class to com/beigu/yunbeiuc/entity/SignGuideIntersectionAdvanceWarning7Entity.class with 8 transformer(s) on dev.architectury.transformer.handler.TinyRemapperPreparedTransformerHandler
[Architectury Transformer DEBUG] Remapping with 1 mapping provider(s):
[Architectury Transformer DEBUG]  - dev.architectury.transformer.transformers.TransformForgeEnvironment$$Lambda/0x000002499b08e850@2bdcfcf
[Architectury Transformer DEBUG] Remapping Classes:
[Architectury Transformer DEBUG] net/fabricmc/api/EnvType -> net/minecraftforge/api/distmarker/Dist
[Architectury Transformer DEBUG] net/fabricmc/api/Environment -> net/minecraftforge/api/distmarker/OnlyIn
[Architectury Transformer DEBUG] Found class transformer
[Architectury Transformer DEBUG] Writing com/beigu/yunbeiuc/entity/SignGuideIntersectionAdvanceWarning7Entity with maxs=true frames=true
[Architectury Transformer DEBUG] Remapping refmap from intermediary to srg: yunbeiuc-forge-forge-refmap.json
[Architectury Transformer DEBUG] Transformed com/beigu/yunbeiuc/entity/SignGuideIntersectionAdvanceWarning7Entity in 19.87 ms
[Architectury Transformer DEBUG] Transforming from com/beigu/yunbeiuc/screen/SignGuideIntersectionAdvanceWarning7Screen.class to com/beigu/yunbeiuc/screen/SignGuideIntersectionAdvanceWarning7Screen.class with 8 transformer(s) on dev.architectury.transformer.handler.TinyRemapperPreparedTransformerHandler
[Architectury Transformer DEBUG] Remapping with 1 mapping provider(s):
[Architectury Transformer DEBUG]  - dev.architectury.transformer.transformers.TransformForgeEnvironment$$Lambda/0x000002499b08e850@2bdcfcf
[Architectury Transformer DEBUG] Remapping Classes:
[Architectury Transformer DEBUG] net/fabricmc/api/EnvType -> net/minecraftforge/api/distmarker/Dist
[Architectury Transformer DEBUG] net/fabricmc/api/Environment -> net/minecraftforge/api/distmarker/OnlyIn
[Architectury Transformer DEBUG] Found class transformer
[Architectury Transformer DEBUG] Writing com/beigu/yunbeiuc/screen/SignGuideIntersectionAdvanceWarning7Screen with maxs=true frames=true
[Architectury Transformer DEBUG] Remapping refmap from intermediary to srg: yunbeiuc-forge-forge-refmap.json
[Architectury Transformer DEBUG] Transformed com/beigu/yunbeiuc/screen/SignGuideIntersectionAdvanceWarning7Screen in 27.93 ms
[Architectury Transformer DEBUG] Transforming from com/beigu/yunbeiuc/block/custom/sign/SignGuideIntersectionAdvanceWarning7$Type.class to com/beigu/yunbeiuc/block/custom/sign/SignGuideIntersectionAdvanceWarning7$Type.class with 8 transformer(s) on dev.architectury.transformer.handler.TinyRemapperPreparedTransformerHandler
[Architectury Transformer DEBUG] Remapping with 1 mapping provider(s):
[Architectury Transformer DEBUG]  - dev.architectury.transformer.transformers.TransformForgeEnvironment$$Lambda/0x000002499b08e850@2bdcfcf
[Architectury Transformer DEBUG] Remapping Classes:
[Architectury Transformer DEBUG] net/fabricmc/api/EnvType -> net/minecraftforge/api/distmarker/Dist
[Architectury Transformer DEBUG] net/fabricmc/api/Environment -> net/minecraftforge/api/distmarker/OnlyIn
[Architectury Transformer DEBUG] Found class transformer
[Architectury Transformer DEBUG] Writing com/beigu/yunbeiuc/block/custom/sign/SignGuideIntersectionAdvanceWarning7$Type with maxs=true frames=true
[Architectury Transformer DEBUG] Remapping refmap from intermediary to srg: yunbeiuc-forge-forge-refmap.json
[Architectury Transformer DEBUG] Transformed com/beigu/yunbeiuc/block/custom/sign/SignGuideIntersectionAdvanceWarning7$Type in 33.48 ms
[Architectury Transformer DEBUG] Transforming from com/beigu/yunbeiuc/entity/SignGuideIntersectionWarning1Entity.class to com/beigu/yunbeiuc/entity/SignGuideIntersectionWarning1Entity.class with 8 transformer(s) on dev.architectury.transformer.handler.TinyRemapperPreparedTransformerHandler
[Architectury Transformer DEBUG] Remapping with 1 mapping provider(s):
[Architectury Transformer DEBUG]  - dev.architectury.transformer.transformers.TransformForgeEnvironment$$Lambda/0x000002499b08e850@2bdcfcf
[Architectury Transformer DEBUG] Remapping Classes:
[Architectury Transformer DEBUG] net/fabricmc/api/EnvType -> net/minecraftforge/api/distmarker/Dist
[Architectury Transformer DEBUG] net/fabricmc/api/Environment -> net/minecraftforge/api/distmarker/OnlyIn
[Architectury Transformer DEBUG] Found class transformer
[Architectury Transformer DEBUG] Writing com/beigu/yunbeiuc/entity/SignGuideIntersectionWarning1Entity with maxs=true frames=true
[Architectury Transformer DEBUG] Remapping refmap from intermediary to srg: yunbeiuc-forge-forge-refmap.json
[Architectury Transformer DEBUG] Transformed com/beigu/yunbeiuc/entity/SignGuideIntersectionWarning1Entity in 39.30 ms
[Architectury Transformer DEBUG] Transforming from com/beigu/yunbeiuc/screen/SignGuideIntersectionWarning1Screen.class to com/beigu/yunbeiuc/screen/SignGuideIntersectionWarning1Screen.class with 8 transformer(s) on dev.architectury.transformer.handler.TinyRemapperPreparedTransformerHandler
[Architectury Transformer DEBUG] Remapping with 1 mapping provider(s):
[Architectury Transformer DEBUG]  - dev.architectury.transformer.transformers.TransformForgeEnvironment$$Lambda/0x000002499b08e850@2bdcfcf
[Architectury Transformer DEBUG] Remapping Classes:
[Architectury Transformer DEBUG] net/fabricmc/api/EnvType -> net/minecraftforge/api/distmarker/Dist
[Architectury Transformer DEBUG] net/fabricmc/api/Environment -> net/minecraftforge/api/distmarker/OnlyIn
[Architectury Transformer DEBUG] Found class transformer
[Architectury Transformer DEBUG] Writing com/beigu/yunbeiuc/screen/SignGuideIntersectionWarning1Screen with maxs=true frames=true
[Architectury Transformer DEBUG] Remapping refmap from intermediary to srg: yunbeiuc-forge-forge-refmap.json
[Architectury Transformer DEBUG] Transformed com/beigu/yunbeiuc/screen/SignGuideIntersectionWarning1Screen in 29.35 ms
[Architectury Transformer DEBUG] Transforming from com/beigu/yunbeiuc/block/custom/sign/SignGuideIntersectionWarning1$Type.class to com/beigu/yunbeiuc/block/custom/sign/SignGuideIntersectionWarning1$Type.class with 8 transformer(s) on dev.architectury.transformer.handler.TinyRemapperPreparedTransformerHandler
[Architectury Transformer DEBUG] Remapping with 1 mapping provider(s):
[Architectury Transformer DEBUG]  - dev.architectury.transformer.transformers.TransformForgeEnvironment$$Lambda/0x000002499b08e850@2bdcfcf
[Architectury Transformer DEBUG] Remapping Classes:
[Architectury Transformer DEBUG] net/fabricmc/api/EnvType -> net/minecraftforge/api/distmarker/Dist
[Architectury Transformer DEBUG] net/fabricmc/api/Environment -> net/minecraftforge/api/distmarker/OnlyIn
[Architectury Transformer DEBUG] Found class transformer
[Architectury Transformer DEBUG] Writing com/beigu/yunbeiuc/block/custom/sign/SignGuideIntersectionWarning1$Type with maxs=true frames=true
[Architectury Transformer DEBUG] Remapping refmap from intermediary to srg: yunbeiuc-forge-forge-refmap.json
[Architectury Transformer DEBUG] Transformed com/beigu/yunbeiuc/block/custom/sign/SignGuideIntersectionWarning1$Type in 24.51 ms
[Architectury Transformer DEBUG] Transforming from com/beigu/yunbeiuc/entity/SignGuideIntersectionWarning4Entity.class to com/beigu/yunbeiuc/entity/SignGuideIntersectionWarning4Entity.class with 8 transformer(s) on dev.architectury.transformer.handler.TinyRemapperPreparedTransformerHandler
[Architectury Transformer DEBUG] Remapping with 1 mapping provider(s):
[Architectury Transformer DEBUG]  - dev.architectury.transformer.transformers.TransformForgeEnvironment$$Lambda/0x000002499b08e850@2bdcfcf
[Architectury Transformer DEBUG] Remapping Classes:
[Architectury Transformer DEBUG] net/fabricmc/api/EnvType -> net/minecraftforge/api/distmarker/Dist
[Architectury Transformer DEBUG] net/fabricmc/api/Environment -> net/minecraftforge/api/distmarker/OnlyIn
[Architectury Transformer DEBUG] Found class transformer
[Architectury Transformer DEBUG] Writing com/beigu/yunbeiuc/entity/SignGuideIntersectionWarning4Entity with maxs=true frames=true
[Architectury Transformer DEBUG] Remapping refmap from intermediary to srg: yunbeiuc-forge-forge-refmap.json
[Architectury Transformer DEBUG] Transformed com/beigu/yunbeiuc/entity/SignGuideIntersectionWarning4Entity in 23.08 ms
[Architectury Transformer DEBUG] Transforming from com/beigu/yunbeiuc/screen/SignGuideIntersectionWarning4Screen.class to com/beigu/yunbeiuc/screen/SignGuideIntersectionWarning4Screen.class with 8 transformer(s) on dev.architectury.transformer.handler.TinyRemapperPreparedTransformerHandler
[Architectury Transformer DEBUG] Remapping with 1 mapping provider(s):
[Architectury Transformer DEBUG]  - dev.architectury.transformer.transformers.TransformForgeEnvironment$$Lambda/0x000002499b08e850@2bdcfcf
[Architectury Transformer DEBUG] Remapping Classes:
[Architectury Transformer DEBUG] net/fabricmc/api/EnvType -> net/minecraftforge/api/distmarker/Dist
[Architectury Transformer DEBUG] net/fabricmc/api/Environment -> net/minecraftforge/api/distmarker/OnlyIn
[Architectury Transformer DEBUG] Found class transformer
[Architectury Transformer DEBUG] Writing com/beigu/yunbeiuc/screen/SignGuideIntersectionWarning4Screen with maxs=true frames=true
[Architectury Transformer DEBUG] Remapping refmap from intermediary to srg: yunbeiuc-forge-forge-refmap.json
[Architectury Transformer DEBUG] Transformed com/beigu/yunbeiuc/screen/SignGuideIntersectionWarning4Screen in 25.32 ms
[Architectury Transformer DEBUG] Transforming from com/beigu/yunbeiuc/block/custom/sign/SignGuideIntersectionWarning4$Type.class to com/beigu/yunbeiuc/block/custom/sign/SignGuideIntersectionWarning4$Type.class with 8 transformer(s) on dev.architectury.transformer.handler.TinyRemapperPreparedTransformerHandler
[Architectury Transformer DEBUG] Remapping with 1 mapping provider(s):
[Architectury Transformer DEBUG]  - dev.architectury.transformer.transformers.TransformForgeEnvironment$$Lambda/0x000002499b08e850@2bdcfcf
[Architectury Transformer DEBUG] Remapping Classes:
[Architectury Transformer DEBUG] net/fabricmc/api/EnvType -> net/minecraftforge/api/distmarker/Dist
[Architectury Transformer DEBUG] net/fabricmc/api/Environment -> net/minecraftforge/api/distmarker/OnlyIn
[Architectury Transformer DEBUG] Found class transformer
[Architectury Transformer DEBUG] Writing com/beigu/yunbeiuc/block/custom/sign/SignGuideIntersectionWarning4$Type with maxs=true frames=true
[Architectury Transformer DEBUG] Remapping refmap from intermediary to srg: yunbeiuc-forge-forge-refmap.json
[Architectury Transformer DEBUG] Transformed com/beigu/yunbeiuc/block/custom/sign/SignGuideIntersectionWarning4$Type in 22.81 ms
[Architectury Transformer DEBUG] Transforming from com/beigu/yunbeiuc/entity/SignGuideConfirmation1Entity.class to com/beigu/yunbeiuc/entity/SignGuideConfirmation1Entity.class with 8 transformer(s) on dev.architectury.transformer.handler.TinyRemapperPreparedTransformerHandler
[Architectury Transformer DEBUG] Remapping with 1 mapping provider(s):
[Architectury Transformer DEBUG]  - dev.architectury.transformer.transformers.TransformForgeEnvironment$$Lambda/0x000002499b08e850@2bdcfcf
[Architectury Transformer DEBUG] Remapping Classes:
[Architectury Transformer DEBUG] net/fabricmc/api/EnvType -> net/minecraftforge/api/distmarker/Dist
[Architectury Transformer DEBUG] net/fabricmc/api/Environment -> net/minecraftforge/api/distmarker/OnlyIn
[Architectury Transformer DEBUG] Found class transformer
[Architectury Transformer DEBUG] Writing com/beigu/yunbeiuc/entity/SignGuideConfirmation1Entity with maxs=true frames=true
[Architectury Transformer DEBUG] Remapping refmap from intermediary to srg: yunbeiuc-forge-forge-refmap.json
[Architectury Transformer DEBUG] Transformed com/beigu/yunbeiuc/entity/SignGuideConfirmation1Entity in 22.55 ms
[Architectury Transformer DEBUG] Transforming from com/beigu/yunbeiuc/screen/SignGuideConfirmation1Screen.class to com/beigu/yunbeiuc/screen/SignGuideConfirmation1Screen.class with 8 transformer(s) on dev.architectury.transformer.handler.TinyRemapperPreparedTransformerHandler
[Architectury Transformer DEBUG] Remapping with 1 mapping provider(s):
[Architectury Transformer DEBUG]  - dev.architectury.transformer.transformers.TransformForgeEnvironment$$Lambda/0x000002499b08e850@2bdcfcf
[Architectury Transformer DEBUG] Remapping Classes:
[Architectury Transformer DEBUG] net/fabricmc/api/EnvType -> net/minecraftforge/api/distmarker/Dist
[Architectury Transformer DEBUG] net/fabricmc/api/Environment -> net/minecraftforge/api/distmarker/OnlyIn
[Architectury Transformer DEBUG] Found class transformer
[Architectury Transformer DEBUG] Writing com/beigu/yunbeiuc/screen/SignGuideConfirmation1Screen with maxs=true frames=true
[Architectury Transformer DEBUG] Remapping refmap from intermediary to srg: yunbeiuc-forge-forge-refmap.json
[Architectury Transformer DEBUG] Transformed com/beigu/yunbeiuc/screen/SignGuideConfirmation1Screen in 24.84 ms
[Architectury Transformer DEBUG] Transforming from com/beigu/yunbeiuc/block/custom/sign/SignGuideConfirmation1$Type.class to com/beigu/yunbeiuc/block/custom/sign/SignGuideConfirmation1$Type.class with 8 transformer(s) on dev.architectury.transformer.handler.TinyRemapperPreparedTransformerHandler
[Architectury Transformer DEBUG] Remapping with 1 mapping provider(s):
[Architectury Transformer DEBUG]  - dev.architectury.transformer.transformers.TransformForgeEnvironment$$Lambda/0x000002499b08e850@2bdcfcf
[Architectury Transformer DEBUG] Remapping Classes:
[Architectury Transformer DEBUG] net/fabricmc/api/EnvType -> net/minecraftforge/api/distmarker/Dist
[Architectury Transformer DEBUG] net/fabricmc/api/Environment -> net/minecraftforge/api/distmarker/OnlyIn
[Architectury Transformer DEBUG] Found class transformer
[Architectury Transformer DEBUG] Writing com/beigu/yunbeiuc/block/custom/sign/SignGuideConfirmation1$Type with maxs=true frames=true
[Architectury Transformer DEBUG] Remapping refmap from intermediary to srg: yunbeiuc-forge-forge-refmap.json
[Architectury Transformer DEBUG] Transformed com/beigu/yunbeiuc/block/custom/sign/SignGuideConfirmation1$Type in 22.37 ms
[Architectury Transformer DEBUG] Transforming from com/beigu/yunbeiuc/entity/SignGuideLaneIndicator1Entity.class to com/beigu/yunbeiuc/entity/SignGuideLaneIndicator1Entity.class with 8 transformer(s) on dev.architectury.transformer.handler.TinyRemapperPreparedTransformerHandler
[Architectury Transformer DEBUG] Remapping with 1 mapping provider(s):
[Architectury Transformer DEBUG]  - dev.architectury.transformer.transformers.TransformForgeEnvironment$$Lambda/0x000002499b08e850@2bdcfcf
[Architectury Transformer DEBUG] Remapping Classes:
[Architectury Transformer DEBUG] net/fabricmc/api/EnvType -> net/minecraftforge/api/distmarker/Dist
[Architectury Transformer DEBUG] net/fabricmc/api/Environment -> net/minecraftforge/api/distmarker/OnlyIn
[Architectury Transformer DEBUG] Found class transformer
[Architectury Transformer DEBUG] Writing com/beigu/yunbeiuc/entity/SignGuideLaneIndicator1Entity with maxs=true frames=true
[Architectury Transformer DEBUG] Remapping refmap from intermediary to srg: yunbeiuc-forge-forge-refmap.json
[Architectury Transformer DEBUG] Transformed com/beigu/yunbeiuc/entity/SignGuideLaneIndicator1Entity in 21.60 ms
[Architectury Transformer DEBUG] Transforming from com/beigu/yunbeiuc/screen/SignGuideLaneIndicator1Screen.class to com/beigu/yunbeiuc/screen/SignGuideLaneIndicator1Screen.class with 8 transformer(s) on dev.architectury.transformer.handler.TinyRemapperPreparedTransformerHandler
[Architectury Transformer DEBUG] Remapping with 1 mapping provider(s):
[Architectury Transformer DEBUG]  - dev.architectury.transformer.transformers.TransformForgeEnvironment$$Lambda/0x000002499b08e850@2bdcfcf
[Architectury Transformer DEBUG] Remapping Classes:
[Architectury Transformer DEBUG] net/fabricmc/api/EnvType -> net/minecraftforge/api/distmarker/Dist
[Architectury Transformer DEBUG] net/fabricmc/api/Environment -> net/minecraftforge/api/distmarker/OnlyIn
[Architectury Transformer DEBUG] Found class transformer
[Architectury Transformer DEBUG] Writing com/beigu/yunbeiuc/screen/SignGuideLaneIndicator1Screen with maxs=true frames=true
[Architectury Transformer DEBUG] Remapping refmap from intermediary to srg: yunbeiuc-forge-forge-refmap.json
[Architectury Transformer DEBUG] Transformed com/beigu/yunbeiuc/screen/SignGuideLaneIndicator1Screen in 21.43 ms
[Architectury Transformer DEBUG] Transforming from com/beigu/yunbeiuc/block/custom/sign/SignGuideLaneIndicator1$Type.class to com/beigu/yunbeiuc/block/custom/sign/SignGuideLaneIndicator1$Type.class with 8 transformer(s) on dev.architectury.transformer.handler.TinyRemapperPreparedTransformerHandler
[Architectury Transformer DEBUG] Remapping with 1 mapping provider(s):
[Architectury Transformer DEBUG]  - dev.architectury.transformer.transformers.TransformForgeEnvironment$$Lambda/0x000002499b08e850@2bdcfcf
[Architectury Transformer DEBUG] Remapping Classes:
[Architectury Transformer DEBUG] net/fabricmc/api/EnvType -> net/minecraftforge/api/distmarker/Dist
[Architectury Transformer DEBUG] net/fabricmc/api/Environment -> net/minecraftforge/api/distmarker/OnlyIn
[Architectury Transformer DEBUG] Found class transformer
[Architectury Transformer DEBUG] Writing com/beigu/yunbeiuc/block/custom/sign/SignGuideLaneIndicator1$Type with maxs=true frames=true
[Architectury Transformer DEBUG] Remapping refmap from intermediary to srg: yunbeiuc-forge-forge-refmap.json
[Architectury Transformer DEBUG] Transformed com/beigu/yunbeiuc/block/custom/sign/SignGuideLaneIndicator1$Type in 21.95 ms
[Architectury Transformer DEBUG] Transforming from com/beigu/yunbeiuc/entity/SignGuideRoadsideFacilityOverloadCheckpoint1Entity.class to com/beigu/yunbeiuc/entity/SignGuideRoadsideFacilityOverloadCheckpoint1Entity.class with 8 transformer(s) on dev.architectury.transformer.handler.TinyRemapperPreparedTransformerHandler
[Architectury Transformer DEBUG] Remapping with 1 mapping provider(s):
[Architectury Transformer DEBUG]  - dev.architectury.transformer.transformers.TransformForgeEnvironment$$Lambda/0x000002499b08e850@2bdcfcf
[Architectury Transformer DEBUG] Remapping Classes:
[Architectury Transformer DEBUG] net/fabricmc/api/EnvType -> net/minecraftforge/api/distmarker/Dist
[Architectury Transformer DEBUG] net/fabricmc/api/Environment -> net/minecraftforge/api/distmarker/OnlyIn
[Architectury Transformer DEBUG] Found class transformer
[Architectury Transformer DEBUG] Writing com/beigu/yunbeiuc/entity/SignGuideRoadsideFacilityOverloadCheckpoint1Entity with maxs=true frames=true
[Architectury Transformer DEBUG] Remapping refmap from intermediary to srg: yunbeiuc-forge-forge-refmap.json
[Architectury Transformer DEBUG] Transformed com/beigu/yunbeiuc/entity/SignGuideRoadsideFacilityOverloadCheckpoint1Entity in 21.27 ms
[Architectury Transformer DEBUG] Transforming from com/beigu/yunbeiuc/screen/SignGuideRoadsideFacilityOverloadCheckpoint1Screen.class to com/beigu/yunbeiuc/screen/SignGuideRoadsideFacilityOverloadCheckpoint1Screen.class with 8 transformer(s) on dev.architectury.transformer.handler.TinyRemapperPreparedTransformerHandler
[Architectury Transformer DEBUG] Remapping with 1 mapping provider(s):
[Architectury Transformer DEBUG]  - dev.architectury.transformer.transformers.TransformForgeEnvironment$$Lambda/0x000002499b08e850@2bdcfcf
[Architectury Transformer DEBUG] Remapping Classes:
[Architectury Transformer DEBUG] net/fabricmc/api/EnvType -> net/minecraftforge/api/distmarker/Dist
[Architectury Transformer DEBUG] net/fabricmc/api/Environment -> net/minecraftforge/api/distmarker/OnlyIn
[Architectury Transformer DEBUG] Found class transformer
[Architectury Transformer DEBUG] Writing com/beigu/yunbeiuc/screen/SignGuideRoadsideFacilityOverloadCheckpoint1Screen with maxs=true frames=true
[Architectury Transformer DEBUG] Remapping refmap from intermediary to srg: yunbeiuc-forge-forge-refmap.json
[Architectury Transformer DEBUG] Transformed com/beigu/yunbeiuc/screen/SignGuideRoadsideFacilityOverloadCheckpoint1Screen in 20.95 ms
[Architectury Transformer DEBUG] Transforming from com/beigu/yunbeiuc/block/custom/sign/SignGuideRoadsideFacilityOverloadCheckpoint1$Type.class to com/beigu/yunbeiuc/block/custom/sign/SignGuideRoadsideFacilityOverloadCheckpoint1$Type.class with 8 transformer(s) on dev.architectury.transformer.handler.TinyRemapperPreparedTransformerHandler
[Architectury Transformer DEBUG] Remapping with 1 mapping provider(s):
[Architectury Transformer DEBUG]  - dev.architectury.transformer.transformers.TransformForgeEnvironment$$Lambda/0x000002499b08e850@2bdcfcf
[Architectury Transformer DEBUG] Remapping Classes:
[Architectury Transformer DEBUG] net/fabricmc/api/EnvType -> net/minecraftforge/api/distmarker/Dist
[Architectury Transformer DEBUG] net/fabricmc/api/Environment -> net/minecraftforge/api/distmarker/OnlyIn
[Architectury Transformer DEBUG] Found class transformer
[Architectury Transformer DEBUG] Writing com/beigu/yunbeiuc/block/custom/sign/SignGuideRoadsideFacilityOverloadCheckpoint1$Type with maxs=true frames=true
[Architectury Transformer DEBUG] Remapping refmap from intermediary to srg: yunbeiuc-forge-forge-refmap.json
[Architectury Transformer DEBUG] Transformed com/beigu/yunbeiuc/block/custom/sign/SignGuideRoadsideFacilityOverloadCheckpoint1$Type in 17.57 ms
[Architectury Transformer DEBUG] Transforming from com/beigu/yunbeiuc/entity/SignExpresswayEntranceAdvance1Entity.class to com/beigu/yunbeiuc/entity/SignExpresswayEntranceAdvance1Entity.class with 8 transformer(s) on dev.architectury.transformer.handler.TinyRemapperPreparedTransformerHandler
[Architectury Transformer DEBUG] Remapping with 1 mapping provider(s):
[Architectury Transformer DEBUG]  - dev.architectury.transformer.transformers.TransformForgeEnvironment$$Lambda/0x000002499b08e850@2bdcfcf
[Architectury Transformer DEBUG] Remapping Classes:
[Architectury Transformer DEBUG] net/fabricmc/api/EnvType -> net/minecraftforge/api/distmarker/Dist
[Architectury Transformer DEBUG] net/fabricmc/api/Environment -> net/minecraftforge/api/distmarker/OnlyIn
[Architectury Transformer DEBUG] Found class transformer
[Architectury Transformer DEBUG] Writing com/beigu/yunbeiuc/entity/SignExpresswayEntranceAdvance1Entity with maxs=true frames=true
[Architectury Transformer DEBUG] Remapping refmap from intermediary to srg: yunbeiuc-forge-forge-refmap.json
[Architectury Transformer DEBUG] Transformed com/beigu/yunbeiuc/entity/SignExpresswayEntranceAdvance1Entity in 21.68 ms
[Architectury Transformer DEBUG] Transforming from com/beigu/yunbeiuc/screen/SignExpresswayEntranceAdvance1Screen.class to com/beigu/yunbeiuc/screen/SignExpresswayEntranceAdvance1Screen.class with 8 transformer(s) on dev.architectury.transformer.handler.TinyRemapperPreparedTransformerHandler
[Architectury Transformer DEBUG] Remapping with 1 mapping provider(s):
[Architectury Transformer DEBUG]  - dev.architectury.transformer.transformers.TransformForgeEnvironment$$Lambda/0x000002499b08e850@2bdcfcf
[Architectury Transformer DEBUG] Remapping Classes:
[Architectury Transformer DEBUG] net/fabricmc/api/EnvType -> net/minecraftforge/api/distmarker/Dist
[Architectury Transformer DEBUG] net/fabricmc/api/Environment -> net/minecraftforge/api/distmarker/OnlyIn
[Architectury Transformer DEBUG] Found class transformer
[Architectury Transformer DEBUG] Writing com/beigu/yunbeiuc/screen/SignExpresswayEntranceAdvance1Screen with maxs=true frames=true
[Architectury Transformer DEBUG] Remapping refmap from intermediary to srg: yunbeiuc-forge-forge-refmap.json
[Architectury Transformer DEBUG] Transformed com/beigu/yunbeiuc/screen/SignExpresswayEntranceAdvance1Screen in 21.23 ms
[Architectury Transformer DEBUG] Transforming from com/beigu/yunbeiuc/block/custom/sign/SignExpresswayEntranceAdvance1$Type.class to com/beigu/yunbeiuc/block/custom/sign/SignExpresswayEntranceAdvance1$Type.class with 8 transformer(s) on dev.architectury.transformer.handler.TinyRemapperPreparedTransformerHandler
[Architectury Transformer DEBUG] Remapping with 1 mapping provider(s):
[Architectury Transformer DEBUG]  - dev.architectury.transformer.transformers.TransformForgeEnvironment$$Lambda/0x000002499b08e850@2bdcfcf
[Architectury Transformer DEBUG] Remapping Classes:
[Architectury Transformer DEBUG] net/fabricmc/api/EnvType -> net/minecraftforge/api/distmarker/Dist
[Architectury Transformer DEBUG] net/fabricmc/api/Environment -> net/minecraftforge/api/distmarker/OnlyIn
[Architectury Transformer DEBUG] Found class transformer
[Architectury Transformer DEBUG] Writing com/beigu/yunbeiuc/block/custom/sign/SignExpresswayEntranceAdvance1$Type with maxs=true frames=true
[Architectury Transformer DEBUG] Remapping refmap from intermediary to srg: yunbeiuc-forge-forge-refmap.json
[Architectury Transformer DEBUG] Transformed com/beigu/yunbeiuc/block/custom/sign/SignExpresswayEntranceAdvance1$Type in 20.26 ms
[Architectury Transformer DEBUG] Transforming from com/beigu/yunbeiuc/entity/SignExpresswayEntranceAdvance4Entity.class to com/beigu/yunbeiuc/entity/SignExpresswayEntranceAdvance4Entity.class with 8 transformer(s) on dev.architectury.transformer.handler.TinyRemapperPreparedTransformerHandler
[Architectury Transformer DEBUG] Remapping with 1 mapping provider(s):
[Architectury Transformer DEBUG]  - dev.architectury.transformer.transformers.TransformForgeEnvironment$$Lambda/0x000002499b08e850@2bdcfcf
[Architectury Transformer DEBUG] Remapping Classes:
[Architectury Transformer DEBUG] net/fabricmc/api/EnvType -> net/minecraftforge/api/distmarker/Dist
[Architectury Transformer DEBUG] net/fabricmc/api/Environment -> net/minecraftforge/api/distmarker/OnlyIn
[Architectury Transformer DEBUG] Found class transformer
[Architectury Transformer DEBUG] Writing com/beigu/yunbeiuc/entity/SignExpresswayEntranceAdvance4Entity with maxs=true frames=true
[Architectury Transformer DEBUG] Remapping refmap from intermediary to srg: yunbeiuc-forge-forge-refmap.json
[Architectury Transformer DEBUG] Transformed com/beigu/yunbeiuc/entity/SignExpresswayEntranceAdvance4Entity in 22.16 ms
[Architectury Transformer DEBUG] Transforming from com/beigu/yunbeiuc/screen/SignExpresswayEntranceAdvance4Screen.class to com/beigu/yunbeiuc/screen/SignExpresswayEntranceAdvance4Screen.class with 8 transformer(s) on dev.architectury.transformer.handler.TinyRemapperPreparedTransformerHandler
[Architectury Transformer DEBUG] Remapping with 1 mapping provider(s):
[Architectury Transformer DEBUG]  - dev.architectury.transformer.transformers.TransformForgeEnvironment$$Lambda/0x000002499b08e850@2bdcfcf
[Architectury Transformer DEBUG] Remapping Classes:
[Architectury Transformer DEBUG] net/fabricmc/api/EnvType -> net/minecraftforge/api/distmarker/Dist
[Architectury Transformer DEBUG] net/fabricmc/api/Environment -> net/minecraftforge/api/distmarker/OnlyIn
[Architectury Transformer DEBUG] Found class transformer
[Architectury Transformer DEBUG] Writing com/beigu/yunbeiuc/screen/SignExpresswayEntranceAdvance4Screen with maxs=true frames=true
[Architectury Transformer DEBUG] Remapping refmap from intermediary to srg: yunbeiuc-forge-forge-refmap.json
[Architectury Transformer DEBUG] Transformed com/beigu/yunbeiuc/screen/SignExpresswayEntranceAdvance4Screen in 28.50 ms
[Architectury Transformer DEBUG] Transforming from com/beigu/yunbeiuc/block/custom/sign/SignExpresswayEntranceAdvance4$Type.class to com/beigu/yunbeiuc/block/custom/sign/SignExpresswayEntranceAdvance4$Type.class with 8 transformer(s) on dev.architectury.transformer.handler.TinyRemapperPreparedTransformerHandler
[Architectury Transformer DEBUG] Remapping with 1 mapping provider(s):
[Architectury Transformer DEBUG]  - dev.architectury.transformer.transformers.TransformForgeEnvironment$$Lambda/0x000002499b08e850@2bdcfcf
[Architectury Transformer DEBUG] Remapping Classes:
[Architectury Transformer DEBUG] net/fabricmc/api/EnvType -> net/minecraftforge/api/distmarker/Dist
[Architectury Transformer DEBUG] net/fabricmc/api/Environment -> net/minecraftforge/api/distmarker/OnlyIn
[Architectury Transformer DEBUG] Found class transformer
[Architectury Transformer DEBUG] Writing com/beigu/yunbeiuc/block/custom/sign/SignExpresswayEntranceAdvance4$Type with maxs=true frames=true
[Architectury Transformer DEBUG] Remapping refmap from intermediary to srg: yunbeiuc-forge-forge-refmap.json
[Architectury Transformer DEBUG] Transformed com/beigu/yunbeiuc/block/custom/sign/SignExpresswayEntranceAdvance4$Type in 20.67 ms
[Architectury Transformer DEBUG] Transforming from com/beigu/yunbeiuc/entity/SignExpresswayEntranceAdvance7Entity.class to com/beigu/yunbeiuc/entity/SignExpresswayEntranceAdvance7Entity.class with 8 transformer(s) on dev.architectury.transformer.handler.TinyRemapperPreparedTransformerHandler
[Architectury Transformer DEBUG] Remapping with 1 mapping provider(s):
[Architectury Transformer DEBUG]  - dev.architectury.transformer.transformers.TransformForgeEnvironment$$Lambda/0x000002499b08e850@2bdcfcf
[Architectury Transformer DEBUG] Remapping Classes:
[Architectury Transformer DEBUG] net/fabricmc/api/EnvType -> net/minecraftforge/api/distmarker/Dist
[Architectury Transformer DEBUG] net/fabricmc/api/Environment -> net/minecraftforge/api/distmarker/OnlyIn
[Architectury Transformer DEBUG] Found class transformer
[Architectury Transformer DEBUG] Writing com/beigu/yunbeiuc/entity/SignExpresswayEntranceAdvance7Entity with maxs=true frames=true
[Architectury Transformer DEBUG] Remapping refmap from intermediary to srg: yunbeiuc-forge-forge-refmap.json
[Architectury Transformer DEBUG] Transformed com/beigu/yunbeiuc/entity/SignExpresswayEntranceAdvance7Entity in 21.95 ms
[Architectury Transformer DEBUG] Transforming from com/beigu/yunbeiuc/screen/SignExpresswayEntranceAdvance7Screen.class to com/beigu/yunbeiuc/screen/SignExpresswayEntranceAdvance7Screen.class with 8 transformer(s) on dev.architectury.transformer.handler.TinyRemapperPreparedTransformerHandler
[Architectury Transformer DEBUG] Remapping with 1 mapping provider(s):
[Architectury Transformer DEBUG]  - dev.architectury.transformer.transformers.TransformForgeEnvironment$$Lambda/0x000002499b08e850@2bdcfcf
[Architectury Transformer DEBUG] Remapping Classes:
[Architectury Transformer DEBUG] net/fabricmc/api/EnvType -> net/minecraftforge/api/distmarker/Dist
[Architectury Transformer DEBUG] net/fabricmc/api/Environment -> net/minecraftforge/api/distmarker/OnlyIn
[Architectury Transformer DEBUG] Found class transformer
[Architectury Transformer DEBUG] Writing com/beigu/yunbeiuc/screen/SignExpresswayEntranceAdvance7Screen with maxs=true frames=true
[Architectury Transformer DEBUG] Remapping refmap from intermediary to srg: yunbeiuc-forge-forge-refmap.json
[Architectury Transformer DEBUG] Transformed com/beigu/yunbeiuc/screen/SignExpresswayEntranceAdvance7Screen in 101.1 ms
[Architectury Transformer DEBUG] Transforming from com/beigu/yunbeiuc/block/custom/sign/SignExpresswayEntranceAdvance7$Type.class to com/beigu/yunbeiuc/block/custom/sign/SignExpresswayEntranceAdvance7$Type.class with 8 transformer(s) on dev.architectury.transformer.handler.TinyRemapperPreparedTransformerHandler
[Architectury Transformer DEBUG] Remapping with 1 mapping provider(s):
[Architectury Transformer DEBUG]  - dev.architectury.transformer.transformers.TransformForgeEnvironment$$Lambda/0x000002499b08e850@2bdcfcf
[Architectury Transformer DEBUG] Remapping Classes:
[Architectury Transformer DEBUG] net/fabricmc/api/EnvType -> net/minecraftforge/api/distmarker/Dist
[Architectury Transformer DEBUG] net/fabricmc/api/Environment -> net/minecraftforge/api/distmarker/OnlyIn
[Architectury Transformer DEBUG] Found class transformer
[Architectury Transformer DEBUG] Writing com/beigu/yunbeiuc/block/custom/sign/SignExpresswayEntranceAdvance7$Type with maxs=true frames=true
[Architectury Transformer DEBUG] Remapping refmap from intermediary to srg: yunbeiuc-forge-forge-refmap.json
[Architectury Transformer DEBUG] Transformed com/beigu/yunbeiuc/block/custom/sign/SignExpresswayEntranceAdvance7$Type in 32.37 ms
[Architectury Transformer DEBUG] Transforming from com/beigu/yunbeiuc/entity/SignExpresswayEntranceAdvance10Entity.class to com/beigu/yunbeiuc/entity/SignExpresswayEntranceAdvance10Entity.class with 8 transformer(s) on dev.architectury.transformer.handler.TinyRemapperPreparedTransformerHandler
[Architectury Transformer DEBUG] Remapping with 1 mapping provider(s):
[Architectury Transformer DEBUG]  - dev.architectury.transformer.transformers.TransformForgeEnvironment$$Lambda/0x000002499b08e850@2bdcfcf
[Architectury Transformer DEBUG] Remapping Classes:
[Architectury Transformer DEBUG] net/fabricmc/api/EnvType -> net/minecraftforge/api/distmarker/Dist
[Architectury Transformer DEBUG] net/fabricmc/api/Environment -> net/minecraftforge/api/distmarker/OnlyIn
[Architectury Transformer DEBUG] Found class transformer
[Architectury Transformer DEBUG] Writing com/beigu/yunbeiuc/entity/SignExpresswayEntranceAdvance10Entity with maxs=true frames=true
[Architectury Transformer DEBUG] Remapping refmap from intermediary to srg: yunbeiuc-forge-forge-refmap.json
[Architectury Transformer DEBUG] Transformed com/beigu/yunbeiuc/entity/SignExpresswayEntranceAdvance10Entity in 29.35 ms
[Architectury Transformer DEBUG] Transforming from com/beigu/yunbeiuc/screen/SignExpresswayEntranceAdvance10Screen.class to com/beigu/yunbeiuc/screen/SignExpresswayEntranceAdvance10Screen.class with 8 transformer(s) on dev.architectury.transformer.handler.TinyRemapperPreparedTransformerHandler
[Architectury Transformer DEBUG] Remapping with 1 mapping provider(s):
[Architectury Transformer DEBUG]  - dev.architectury.transformer.transformers.TransformForgeEnvironment$$Lambda/0x000002499b08e850@2bdcfcf
[Architectury Transformer DEBUG] Remapping Classes:
[Architectury Transformer DEBUG] net/fabricmc/api/EnvType -> net/minecraftforge/api/distmarker/Dist
[Architectury Transformer DEBUG] net/fabricmc/api/Environment -> net/minecraftforge/api/distmarker/OnlyIn
[Architectury Transformer DEBUG] Found class transformer
[Architectury Transformer DEBUG] Writing com/beigu/yunbeiuc/screen/SignExpresswayEntranceAdvance10Screen with maxs=true frames=true
[Architectury Transformer DEBUG] Remapping refmap from intermediary to srg: yunbeiuc-forge-forge-refmap.json
[Architectury Transformer DEBUG] Transformed com/beigu/yunbeiuc/screen/SignExpresswayEntranceAdvance10Screen in 47.68 ms
[Architectury Transformer DEBUG] Transforming from com/beigu/yunbeiuc/block/custom/sign/SignExpresswayEntranceAdvance10$Type.class to com/beigu/yunbeiuc/block/custom/sign/SignExpresswayEntranceAdvance10$Type.class with 8 transformer(s) on dev.architectury.transformer.handler.TinyRemapperPreparedTransformerHandler
[Architectury Transformer DEBUG] Remapping with 1 mapping provider(s):
[Architectury Transformer DEBUG]  - dev.architectury.transformer.transformers.TransformForgeEnvironment$$Lambda/0x000002499b08e850@2bdcfcf
[Architectury Transformer DEBUG] Remapping Classes:
[Architectury Transformer DEBUG] net/fabricmc/api/EnvType -> net/minecraftforge/api/distmarker/Dist
[Architectury Transformer DEBUG] net/fabricmc/api/Environment -> net/minecraftforge/api/distmarker/OnlyIn
[Architectury Transformer DEBUG] Found class transformer
[Architectury Transformer DEBUG] Writing com/beigu/yunbeiuc/block/custom/sign/SignExpresswayEntranceAdvance10$Type with maxs=true frames=true
[Architectury Transformer DEBUG] Remapping refmap from intermediary to srg: yunbeiuc-forge-forge-refmap.json
[Architectury Transformer DEBUG] Transformed com/beigu/yunbeiuc/block/custom/sign/SignExpresswayEntranceAdvance10$Type in 27.29 ms
[Architectury Transformer DEBUG] Transforming from com/beigu/yunbeiuc/entity/SignExpresswayEntranceAdvance13Entity.class to com/beigu/yunbeiuc/entity/SignExpresswayEntranceAdvance13Entity.class with 8 transformer(s) on dev.architectury.transformer.handler.TinyRemapperPreparedTransformerHandler
[Architectury Transformer DEBUG] Remapping with 1 mapping provider(s):
[Architectury Transformer DEBUG]  - dev.architectury.transformer.transformers.TransformForgeEnvironment$$Lambda/0x000002499b08e850@2bdcfcf
[Architectury Transformer DEBUG] Remapping Classes:
[Architectury Transformer DEBUG] net/fabricmc/api/EnvType -> net/minecraftforge/api/distmarker/Dist
[Architectury Transformer DEBUG] net/fabricmc/api/Environment -> net/minecraftforge/api/distmarker/OnlyIn
[Architectury Transformer DEBUG] Found class transformer
[Architectury Transformer DEBUG] Writing com/beigu/yunbeiuc/entity/SignExpresswayEntranceAdvance13Entity with maxs=true frames=true
[Architectury Transformer DEBUG] Remapping refmap from intermediary to srg: yunbeiuc-forge-forge-refmap.json
[Architectury Transformer DEBUG] Transformed com/beigu/yunbeiuc/entity/SignExpresswayEntranceAdvance13Entity in 49.64 ms
[Architectury Transformer DEBUG] Transforming from com/beigu/yunbeiuc/screen/SignExpresswayEntranceAdvance13Screen.class to com/beigu/yunbeiuc/screen/SignExpresswayEntranceAdvance13Screen.class with 8 transformer(s) on dev.architectury.transformer.handler.TinyRemapperPreparedTransformerHandler
[Architectury Transformer DEBUG] Remapping with 1 mapping provider(s):
[Architectury Transformer DEBUG]  - dev.architectury.transformer.transformers.TransformForgeEnvironment$$Lambda/0x000002499b08e850@2bdcfcf
[Architectury Transformer DEBUG] Remapping Classes:
[Architectury Transformer DEBUG] net/fabricmc/api/EnvType -> net/minecraftforge/api/distmarker/Dist
[Architectury Transformer DEBUG] net/fabricmc/api/Environment -> net/minecraftforge/api/distmarker/OnlyIn
[Architectury Transformer DEBUG] Found class transformer
[Architectury Transformer DEBUG] Writing com/beigu/yunbeiuc/screen/SignExpresswayEntranceAdvance13Screen with maxs=true frames=true
[Architectury Transformer DEBUG] Remapping refmap from intermediary to srg: yunbeiuc-forge-forge-refmap.json
[Architectury Transformer DEBUG] Transformed com/beigu/yunbeiuc/screen/SignExpresswayEntranceAdvance13Screen in 107.5 ms
[Architectury Transformer DEBUG] Transforming from com/beigu/yunbeiuc/block/custom/sign/SignExpresswayEntranceAdvance13$Type.class to com/beigu/yunbeiuc/block/custom/sign/SignExpresswayEntranceAdvance13$Type.class with 8 transformer(s) on dev.architectury.transformer.handler.TinyRemapperPreparedTransformerHandler
[Architectury Transformer DEBUG] Remapping with 1 mapping provider(s):
[Architectury Transformer DEBUG]  - dev.architectury.transformer.transformers.TransformForgeEnvironment$$Lambda/0x000002499b08e850@2bdcfcf
[Architectury Transformer DEBUG] Remapping Classes:
[Architectury Transformer DEBUG] net/fabricmc/api/EnvType -> net/minecraftforge/api/distmarker/Dist
[Architectury Transformer DEBUG] net/fabricmc/api/Environment -> net/minecraftforge/api/distmarker/OnlyIn
[Architectury Transformer DEBUG] Found class transformer
[Architectury Transformer DEBUG] Writing com/beigu/yunbeiuc/block/custom/sign/SignExpresswayEntranceAdvance13$Type with maxs=true frames=true
[Architectury Transformer DEBUG] Remapping refmap from intermediary to srg: yunbeiuc-forge-forge-refmap.json
[Architectury Transformer DEBUG] Transformed com/beigu/yunbeiuc/block/custom/sign/SignExpresswayEntranceAdvance13$Type in 38.59 ms
[Architectury Transformer DEBUG] Transforming from com/beigu/yunbeiuc/entity/SignExpresswayDirection1Entity.class to com/beigu/yunbeiuc/entity/SignExpresswayDirection1Entity.class with 8 transformer(s) on dev.architectury.transformer.handler.TinyRemapperPreparedTransformerHandler
[Architectury Transformer DEBUG] Remapping with 1 mapping provider(s):
[Architectury Transformer DEBUG]  - dev.architectury.transformer.transformers.TransformForgeEnvironment$$Lambda/0x000002499b08e850@2bdcfcf
[Architectury Transformer DEBUG] Remapping Classes:
[Architectury Transformer DEBUG] net/fabricmc/api/EnvType -> net/minecraftforge/api/distmarker/Dist
[Architectury Transformer DEBUG] net/fabricmc/api/Environment -> net/minecraftforge/api/distmarker/OnlyIn
[Architectury Transformer DEBUG] Found class transformer
[Architectury Transformer DEBUG] Writing com/beigu/yunbeiuc/entity/SignExpresswayDirection1Entity with maxs=true frames=true
[Architectury Transformer DEBUG] Remapping refmap from intermediary to srg: yunbeiuc-forge-forge-refmap.json
[Architectury Transformer DEBUG] Transformed com/beigu/yunbeiuc/entity/SignExpresswayDirection1Entity in 42.12 ms
[Architectury Transformer DEBUG] Transforming from com/beigu/yunbeiuc/screen/SignExpresswayDirection1Screen.class to com/beigu/yunbeiuc/screen/SignExpresswayDirection1Screen.class with 8 transformer(s) on dev.architectury.transformer.handler.TinyRemapperPreparedTransformerHandler
[Architectury Transformer DEBUG] Remapping with 1 mapping provider(s):
[Architectury Transformer DEBUG]  - dev.architectury.transformer.transformers.TransformForgeEnvironment$$Lambda/0x000002499b08e850@2bdcfcf
[Architectury Transformer DEBUG] Remapping Classes:
[Architectury Transformer DEBUG] net/fabricmc/api/EnvType -> net/minecraftforge/api/distmarker/Dist
[Architectury Transformer DEBUG] net/fabricmc/api/Environment -> net/minecraftforge/api/distmarker/OnlyIn
[Architectury Transformer DEBUG] Found class transformer
[Architectury Transformer DEBUG] Writing com/beigu/yunbeiuc/screen/SignExpresswayDirection1Screen with maxs=true frames=true
[Architectury Transformer DEBUG] Remapping refmap from intermediary to srg: yunbeiuc-forge-forge-refmap.json
[Architectury Transformer DEBUG] Transformed com/beigu/yunbeiuc/screen/SignExpresswayDirection1Screen in 34.06 ms
[Architectury Transformer DEBUG] Transforming from com/beigu/yunbeiuc/block/custom/sign/SignExpresswayDirection1$Type.class to com/beigu/yunbeiuc/block/custom/sign/SignExpresswayDirection1$Type.class with 8 transformer(s) on dev.architectury.transformer.handler.TinyRemapperPreparedTransformerHandler
[Architectury Transformer DEBUG] Remapping with 1 mapping provider(s):
[Architectury Transformer DEBUG]  - dev.architectury.transformer.transformers.TransformForgeEnvironment$$Lambda/0x000002499b08e850@2bdcfcf
[Architectury Transformer DEBUG] Remapping Classes:
[Architectury Transformer DEBUG] net/fabricmc/api/EnvType -> net/minecraftforge/api/distmarker/Dist
[Architectury Transformer DEBUG] net/fabricmc/api/Environment -> net/minecraftforge/api/distmarker/OnlyIn
[Architectury Transformer DEBUG] Found class transformer
[Architectury Transformer DEBUG] Writing com/beigu/yunbeiuc/block/custom/sign/SignExpresswayDirection1$Type with maxs=true frames=true
[Architectury Transformer DEBUG] Remapping refmap from intermediary to srg: yunbeiuc-forge-forge-refmap.json
[Architectury Transformer DEBUG] Transformed com/beigu/yunbeiuc/block/custom/sign/SignExpresswayDirection1$Type in 35.14 ms
[Architectury Transformer DEBUG] Transforming from com/beigu/yunbeiuc/entity/SignExpresswayDirection3Entity.class to com/beigu/yunbeiuc/entity/SignExpresswayDirection3Entity.class with 8 transformer(s) on dev.architectury.transformer.handler.TinyRemapperPreparedTransformerHandler
[Architectury Transformer DEBUG] Remapping with 1 mapping provider(s):
[Architectury Transformer DEBUG]  - dev.architectury.transformer.transformers.TransformForgeEnvironment$$Lambda/0x000002499b08e850@2bdcfcf
[Architectury Transformer DEBUG] Remapping Classes:
[Architectury Transformer DEBUG] net/fabricmc/api/EnvType -> net/minecraftforge/api/distmarker/Dist
[Architectury Transformer DEBUG] net/fabricmc/api/Environment -> net/minecraftforge/api/distmarker/OnlyIn
[Architectury Transformer DEBUG] Found class transformer
[Architectury Transformer DEBUG] Writing com/beigu/yunbeiuc/entity/SignExpresswayDirection3Entity with maxs=true frames=true
[Architectury Transformer DEBUG] Remapping refmap from intermediary to srg: yunbeiuc-forge-forge-refmap.json
[Architectury Transformer DEBUG] Transformed com/beigu/yunbeiuc/entity/SignExpresswayDirection3Entity in 29.12 ms
[Architectury Transformer DEBUG] Transforming from com/beigu/yunbeiuc/screen/SignExpresswayDirection3Screen.class to com/beigu/yunbeiuc/screen/SignExpresswayDirection3Screen.class with 8 transformer(s) on dev.architectury.transformer.handler.TinyRemapperPreparedTransformerHandler
[Architectury Transformer DEBUG] Remapping with 1 mapping provider(s):
[Architectury Transformer DEBUG]  - dev.architectury.transformer.transformers.TransformForgeEnvironment$$Lambda/0x000002499b08e850@2bdcfcf
[Architectury Transformer DEBUG] Remapping Classes:
[Architectury Transformer DEBUG] net/fabricmc/api/EnvType -> net/minecraftforge/api/distmarker/Dist
[Architectury Transformer DEBUG] net/fabricmc/api/Environment -> net/minecraftforge/api/distmarker/OnlyIn
[Architectury Transformer DEBUG] Found class transformer
[Architectury Transformer DEBUG] Writing com/beigu/yunbeiuc/screen/SignExpresswayDirection3Screen with maxs=true frames=true
[Architectury Transformer DEBUG] Remapping refmap from intermediary to srg: yunbeiuc-forge-forge-refmap.json
[Architectury Transformer DEBUG] Transformed com/beigu/yunbeiuc/screen/SignExpresswayDirection3Screen in 35.10 ms
[Architectury Transformer DEBUG] Transforming from com/beigu/yunbeiuc/block/custom/sign/SignExpresswayDirection3$Type.class to com/beigu/yunbeiuc/block/custom/sign/SignExpresswayDirection3$Type.class with 8 transformer(s) on dev.architectury.transformer.handler.TinyRemapperPreparedTransformerHandler
[Architectury Transformer DEBUG] Remapping with 1 mapping provider(s):
[Architectury Transformer DEBUG]  - dev.architectury.transformer.transformers.TransformForgeEnvironment$$Lambda/0x000002499b08e850@2bdcfcf
[Architectury Transformer DEBUG] Remapping Classes:
[Architectury Transformer DEBUG] net/fabricmc/api/EnvType -> net/minecraftforge/api/distmarker/Dist
[Architectury Transformer DEBUG] net/fabricmc/api/Environment -> net/minecraftforge/api/distmarker/OnlyIn
[Architectury Transformer DEBUG] Found class transformer
[Architectury Transformer DEBUG] Writing com/beigu/yunbeiuc/block/custom/sign/SignExpresswayDirection3$Type with maxs=true frames=true
[Architectury Transformer DEBUG] Remapping refmap from intermediary to srg: yunbeiuc-forge-forge-refmap.json
[Architectury Transformer DEBUG] Transformed com/beigu/yunbeiuc/block/custom/sign/SignExpresswayDirection3$Type in 33.48 ms
[Architectury Transformer DEBUG] Transforming from com/beigu/yunbeiuc/entity/SignExpresswayDirection5Entity.class to com/beigu/yunbeiuc/entity/SignExpresswayDirection5Entity.class with 8 transformer(s) on dev.architectury.transformer.handler.TinyRemapperPreparedTransformerHandler
[Architectury Transformer DEBUG] Remapping with 1 mapping provider(s):
[Architectury Transformer DEBUG]  - dev.architectury.transformer.transformers.TransformForgeEnvironment$$Lambda/0x000002499b08e850@2bdcfcf
[Architectury Transformer DEBUG] Remapping Classes:
[Architectury Transformer DEBUG] net/fabricmc/api/EnvType -> net/minecraftforge/api/distmarker/Dist
[Architectury Transformer DEBUG] net/fabricmc/api/Environment -> net/minecraftforge/api/distmarker/OnlyIn
[Architectury Transformer DEBUG] Found class transformer
[Architectury Transformer DEBUG] Writing com/beigu/yunbeiuc/entity/SignExpresswayDirection5Entity with maxs=true frames=true
[Architectury Transformer DEBUG] Remapping refmap from intermediary to srg: yunbeiuc-forge-forge-refmap.json
[Architectury Transformer DEBUG] Transformed com/beigu/yunbeiuc/entity/SignExpresswayDirection5Entity in 30.01 ms
[Architectury Transformer DEBUG] Transforming from com/beigu/yunbeiuc/screen/SignExpresswayDirection5Screen.class to com/beigu/yunbeiuc/screen/SignExpresswayDirection5Screen.class with 8 transformer(s) on dev.architectury.transformer.handler.TinyRemapperPreparedTransformerHandler
[Architectury Transformer DEBUG] Remapping with 1 mapping provider(s):
[Architectury Transformer DEBUG]  - dev.architectury.transformer.transformers.TransformForgeEnvironment$$Lambda/0x000002499b08e850@2bdcfcf
[Architectury Transformer DEBUG] Remapping Classes:
[Architectury Transformer DEBUG] net/fabricmc/api/EnvType -> net/minecraftforge/api/distmarker/Dist
[Architectury Transformer DEBUG] net/fabricmc/api/Environment -> net/minecraftforge/api/distmarker/OnlyIn
[Architectury Transformer DEBUG] Found class transformer
[Architectury Transformer DEBUG] Writing com/beigu/yunbeiuc/screen/SignExpresswayDirection5Screen with maxs=true frames=true
[Architectury Transformer DEBUG] Remapping refmap from intermediary to srg: yunbeiuc-forge-forge-refmap.json
[Architectury Transformer DEBUG] Transformed com/beigu/yunbeiuc/screen/SignExpresswayDirection5Screen in 33.31 ms
[Architectury Transformer DEBUG] Transforming from com/beigu/yunbeiuc/block/custom/sign/SignExpresswayDirection5$Type.class to com/beigu/yunbeiuc/block/custom/sign/SignExpresswayDirection5$Type.class with 8 transformer(s) on dev.architectury.transformer.handler.TinyRemapperPreparedTransformerHandler
[Architectury Transformer DEBUG] Remapping with 1 mapping provider(s):
[Architectury Transformer DEBUG]  - dev.architectury.transformer.transformers.TransformForgeEnvironment$$Lambda/0x000002499b08e850@2bdcfcf
[Architectury Transformer DEBUG] Remapping Classes:
[Architectury Transformer DEBUG] net/fabricmc/api/EnvType -> net/minecraftforge/api/distmarker/Dist
[Architectury Transformer DEBUG] net/fabricmc/api/Environment -> net/minecraftforge/api/distmarker/OnlyIn
[Architectury Transformer DEBUG] Found class transformer
[Architectury Transformer DEBUG] Writing com/beigu/yunbeiuc/block/custom/sign/SignExpresswayDirection5$Type with maxs=true frames=true
[Architectury Transformer DEBUG] Remapping refmap from intermediary to srg: yunbeiuc-forge-forge-refmap.json
[Architectury Transformer DEBUG] Transformed com/beigu/yunbeiuc/block/custom/sign/SignExpresswayDirection5$Type in 30.54 ms
[Architectury Transformer DEBUG] Transforming from com/beigu/yunbeiuc/entity/SignExpresswayExit8Entity.class to com/beigu/yunbeiuc/entity/SignExpresswayExit8Entity.class with 8 transformer(s) on dev.architectury.transformer.handler.TinyRemapperPreparedTransformerHandler
[Architectury Transformer DEBUG] Remapping with 1 mapping provider(s):
[Architectury Transformer DEBUG]  - dev.architectury.transformer.transformers.TransformForgeEnvironment$$Lambda/0x000002499b08e850@2bdcfcf
[Architectury Transformer DEBUG] Remapping Classes:
[Architectury Transformer DEBUG] net/fabricmc/api/EnvType -> net/minecraftforge/api/distmarker/Dist
[Architectury Transformer DEBUG] net/fabricmc/api/Environment -> net/minecraftforge/api/distmarker/OnlyIn
[Architectury Transformer DEBUG] Found class transformer
[Architectury Transformer DEBUG] Writing com/beigu/yunbeiuc/entity/SignExpresswayExit8Entity with maxs=true frames=true
[Architectury Transformer DEBUG] Remapping refmap from intermediary to srg: yunbeiuc-forge-forge-refmap.json
[Architectury Transformer DEBUG] Transformed com/beigu/yunbeiuc/entity/SignExpresswayExit8Entity in 25.65 ms
[Architectury Transformer DEBUG] Transforming from com/beigu/yunbeiuc/screen/SignExpresswayExit8Screen.class to com/beigu/yunbeiuc/screen/SignExpresswayExit8Screen.class with 8 transformer(s) on dev.architectury.transformer.handler.TinyRemapperPreparedTransformerHandler
[Architectury Transformer DEBUG] Remapping with 1 mapping provider(s):
[Architectury Transformer DEBUG]  - dev.architectury.transformer.transformers.TransformForgeEnvironment$$Lambda/0x000002499b08e850@2bdcfcf
[Architectury Transformer DEBUG] Remapping Classes:
[Architectury Transformer DEBUG] net/fabricmc/api/EnvType -> net/minecraftforge/api/distmarker/Dist
[Architectury Transformer DEBUG] net/fabricmc/api/Environment -> net/minecraftforge/api/distmarker/OnlyIn
[Architectury Transformer DEBUG] Found class transformer
[Architectury Transformer DEBUG] Writing com/beigu/yunbeiuc/screen/SignExpresswayExit8Screen with maxs=true frames=true
[Architectury Transformer DEBUG] Remapping refmap from intermediary to srg: yunbeiuc-forge-forge-refmap.json
[Architectury Transformer DEBUG] Transformed com/beigu/yunbeiuc/screen/SignExpresswayExit8Screen in 29.87 ms
[Architectury Transformer DEBUG] Transforming from com/beigu/yunbeiuc/block/custom/sign/SignExpresswayExit8$Type.class to com/beigu/yunbeiuc/block/custom/sign/SignExpresswayExit8$Type.class with 8 transformer(s) on dev.architectury.transformer.handler.TinyRemapperPreparedTransformerHandler
[Architectury Transformer DEBUG] Remapping with 1 mapping provider(s):
[Architectury Transformer DEBUG]  - dev.architectury.transformer.transformers.TransformForgeEnvironment$$Lambda/0x000002499b08e850@2bdcfcf
[Architectury Transformer DEBUG] Remapping Classes:
[Architectury Transformer DEBUG] net/fabricmc/api/EnvType -> net/minecraftforge/api/distmarker/Dist
[Architectury Transformer DEBUG] net/fabricmc/api/Environment -> net/minecraftforge/api/distmarker/OnlyIn
[Architectury Transformer DEBUG] Found class transformer
[Architectury Transformer DEBUG] Writing com/beigu/yunbeiuc/block/custom/sign/SignExpresswayExit8$Type with maxs=true frames=true
[Architectury Transformer DEBUG] Remapping refmap from intermediary to srg: yunbeiuc-forge-forge-refmap.json
[Architectury Transformer DEBUG] Transformed com/beigu/yunbeiuc/block/custom/sign/SignExpresswayExit8$Type in 27.06 ms
[Architectury Transformer DEBUG] Transforming from com/beigu/yunbeiuc/render/RoadPoleTextDisplayBlockEntityRenderer.class to com/beigu/yunbeiuc/render/RoadPoleTextDisplayBlockEntityRenderer.class with 8 transformer(s) on dev.architectury.transformer.handler.TinyRemapperPreparedTransformerHandler
[Architectury Transformer DEBUG] Remapping with 1 mapping provider(s):
[Architectury Transformer DEBUG]  - dev.architectury.transformer.transformers.TransformForgeEnvironment$$Lambda/0x000002499b08e850@2bdcfcf
[Architectury Transformer DEBUG] Remapping Classes:
[Architectury Transformer DEBUG] net/fabricmc/api/EnvType -> net/minecraftforge/api/distmarker/Dist
[Architectury Transformer DEBUG] net/fabricmc/api/Environment -> net/minecraftforge/api/distmarker/OnlyIn
[Architectury Transformer DEBUG] Found class transformer
[Architectury Transformer DEBUG] Writing com/beigu/yunbeiuc/render/RoadPoleTextDisplayBlockEntityRenderer with maxs=true frames=true
[Architectury Transformer DEBUG] Remapping refmap from intermediary to srg: yunbeiuc-forge-forge-refmap.json
[Architectury Transformer DEBUG] Transformed com/beigu/yunbeiuc/render/RoadPoleTextDisplayBlockEntityRenderer in 32.18 ms
[Architectury Transformer DEBUG] Transforming from com/beigu/yunbeiuc/render/FlagBlockEntityRenderer.class to com/beigu/yunbeiuc/render/FlagBlockEntityRenderer.class with 8 transformer(s) on dev.architectury.transformer.handler.TinyRemapperPreparedTransformerHandler
[Architectury Transformer DEBUG] Remapping with 1 mapping provider(s):
[Architectury Transformer DEBUG]  - dev.architectury.transformer.transformers.TransformForgeEnvironment$$Lambda/0x000002499b08e850@2bdcfcf
[Architectury Transformer DEBUG] Remapping Classes:
[Architectury Transformer DEBUG] net/fabricmc/api/EnvType -> net/minecraftforge/api/distmarker/Dist
[Architectury Transformer DEBUG] net/fabricmc/api/Environment -> net/minecraftforge/api/distmarker/OnlyIn
[Architectury Transformer DEBUG] Found class transformer
[Architectury Transformer DEBUG] Writing com/beigu/yunbeiuc/render/FlagBlockEntityRenderer with maxs=true frames=true
[Architectury Transformer DEBUG] Remapping refmap from intermediary to srg: yunbeiuc-forge-forge-refmap.json
[Architectury Transformer DEBUG] Transformed com/beigu/yunbeiuc/render/FlagBlockEntityRenderer in 37.15 ms
[Architectury Transformer DEBUG] Transforming from com/beigu/yunbeiuc/render/RoadNameSignBlockEntityRenderer.class to com/beigu/yunbeiuc/render/RoadNameSignBlockEntityRenderer.class with 8 transformer(s) on dev.architectury.transformer.handler.TinyRemapperPreparedTransformerHandler
[Architectury Transformer DEBUG] Remapping with 1 mapping provider(s):
[Architectury Transformer DEBUG]  - dev.architectury.transformer.transformers.TransformForgeEnvironment$$Lambda/0x000002499b08e850@2bdcfcf
[Architectury Transformer DEBUG] Remapping Classes:
[Architectury Transformer DEBUG] net/fabricmc/api/EnvType -> net/minecraftforge/api/distmarker/Dist
[Architectury Transformer DEBUG] net/fabricmc/api/Environment -> net/minecraftforge/api/distmarker/OnlyIn
[Architectury Transformer DEBUG] Found class transformer
[Architectury Transformer DEBUG] Writing com/beigu/yunbeiuc/render/RoadNameSignBlockEntityRenderer with maxs=true frames=true
[Architectury Transformer DEBUG] Remapping refmap from intermediary to srg: yunbeiuc-forge-forge-refmap.json
[Architectury Transformer DEBUG] Transformed com/beigu/yunbeiuc/render/RoadNameSignBlockEntityRenderer in 34.66 ms
[Architectury Transformer DEBUG] Transforming from com/beigu/yunbeiuc/render/TrafficLightsBlockEntityRenderer.class to com/beigu/yunbeiuc/render/TrafficLightsBlockEntityRenderer.class with 8 transformer(s) on dev.architectury.transformer.handler.TinyRemapperPreparedTransformerHandler
[Architectury Transformer DEBUG] Remapping with 1 mapping provider(s):
[Architectury Transformer DEBUG]  - dev.architectury.transformer.transformers.TransformForgeEnvironment$$Lambda/0x000002499b08e850@2bdcfcf
[Architectury Transformer DEBUG] Remapping Classes:
[Architectury Transformer DEBUG] net/fabricmc/api/EnvType -> net/minecraftforge/api/distmarker/Dist
[Architectury Transformer DEBUG] net/fabricmc/api/Environment -> net/minecraftforge/api/distmarker/OnlyIn
[Architectury Transformer DEBUG] Found class transformer
[Architectury Transformer DEBUG] Writing com/beigu/yunbeiuc/render/TrafficLightsBlockEntityRenderer with maxs=true frames=true
[Architectury Transformer DEBUG] Remapping refmap from intermediary to srg: yunbeiuc-forge-forge-refmap.json
[Architectury Transformer DEBUG] Transformed com/beigu/yunbeiuc/render/TrafficLightsBlockEntityRenderer in 32.69 ms
[Architectury Transformer DEBUG] Transforming from com/beigu/yunbeiuc/render/SignGuideIntersectionAdvanceWarning1WuhanEntityRenderer.class to com/beigu/yunbeiuc/render/SignGuideIntersectionAdvanceWarning1WuhanEntityRenderer.class with 8 transformer(s) on dev.architectury.transformer.handler.TinyRemapperPreparedTransformerHandler
[Architectury Transformer DEBUG] Remapping with 1 mapping provider(s):
[Architectury Transformer DEBUG]  - dev.architectury.transformer.transformers.TransformForgeEnvironment$$Lambda/0x000002499b08e850@2bdcfcf
[Architectury Transformer DEBUG] Remapping Classes:
[Architectury Transformer DEBUG] net/fabricmc/api/EnvType -> net/minecraftforge/api/distmarker/Dist
[Architectury Transformer DEBUG] net/fabricmc/api/Environment -> net/minecraftforge/api/distmarker/OnlyIn
[Architectury Transformer DEBUG] Found class transformer
[Architectury Transformer DEBUG] Writing com/beigu/yunbeiuc/render/SignGuideIntersectionAdvanceWarning1WuhanEntityRenderer with maxs=true frames=true
[Architectury Transformer DEBUG] Remapping refmap from intermediary to srg: yunbeiuc-forge-forge-refmap.json
[Architectury Transformer DEBUG] Transformed com/beigu/yunbeiuc/render/SignGuideIntersectionAdvanceWarning1WuhanEntityRenderer in 41.33 ms
[Architectury Transformer DEBUG] Transforming from com/beigu/yunbeiuc/render/SignGuideIntersectionAdvanceWarning1EntityRenderer.class to com/beigu/yunbeiuc/render/SignGuideIntersectionAdvanceWarning1EntityRenderer.class with 8 transformer(s) on dev.architectury.transformer.handler.TinyRemapperPreparedTransformerHandler
[Architectury Transformer DEBUG] Remapping with 1 mapping provider(s):
[Architectury Transformer DEBUG]  - dev.architectury.transformer.transformers.TransformForgeEnvironment$$Lambda/0x000002499b08e850@2bdcfcf
[Architectury Transformer DEBUG] Remapping Classes:
[Architectury Transformer DEBUG] net/fabricmc/api/EnvType -> net/minecraftforge/api/distmarker/Dist
[Architectury Transformer DEBUG] net/fabricmc/api/Environment -> net/minecraftforge/api/distmarker/OnlyIn
[Architectury Transformer DEBUG] Found class transformer
[Architectury Transformer DEBUG] Writing com/beigu/yunbeiuc/render/SignGuideIntersectionAdvanceWarning1EntityRenderer with maxs=true frames=true
[Architectury Transformer DEBUG] Remapping refmap from intermediary to srg: yunbeiuc-forge-forge-refmap.json
[Architectury Transformer DEBUG] Transformed com/beigu/yunbeiuc/render/SignGuideIntersectionAdvanceWarning1EntityRenderer in 35.32 ms
[Architectury Transformer DEBUG] Transforming from com/beigu/yunbeiuc/render/SignGuideIntersectionAdvanceWarning3EntityRenderer.class to com/beigu/yunbeiuc/render/SignGuideIntersectionAdvanceWarning3EntityRenderer.class with 8 transformer(s) on dev.architectury.transformer.handler.TinyRemapperPreparedTransformerHandler
[Architectury Transformer DEBUG] Remapping with 1 mapping provider(s):
[Architectury Transformer DEBUG]  - dev.architectury.transformer.transformers.TransformForgeEnvironment$$Lambda/0x000002499b08e850@2bdcfcf
[Architectury Transformer DEBUG] Remapping Classes:
[Architectury Transformer DEBUG] net/fabricmc/api/EnvType -> net/minecraftforge/api/distmarker/Dist
[Architectury Transformer DEBUG] net/fabricmc/api/Environment -> net/minecraftforge/api/distmarker/OnlyIn
[Architectury Transformer DEBUG] Found class transformer
[Architectury Transformer DEBUG] Writing com/beigu/yunbeiuc/render/SignGuideIntersectionAdvanceWarning3EntityRenderer with maxs=true frames=true
[Architectury Transformer DEBUG] Remapping refmap from intermediary to srg: yunbeiuc-forge-forge-refmap.json
[Architectury Transformer DEBUG] Transformed com/beigu/yunbeiuc/render/SignGuideIntersectionAdvanceWarning3EntityRenderer in 51.18 ms
[Architectury Transformer DEBUG] Transforming from com/beigu/yunbeiuc/render/SignGuideIntersectionAdvanceWarning5EntityRenderer.class to com/beigu/yunbeiuc/render/SignGuideIntersectionAdvanceWarning5EntityRenderer.class with 8 transformer(s) on dev.architectury.transformer.handler.TinyRemapperPreparedTransformerHandler
[Architectury Transformer DEBUG] Remapping with 1 mapping provider(s):
[Architectury Transformer DEBUG]  - dev.architectury.transformer.transformers.TransformForgeEnvironment$$Lambda/0x000002499b08e850@2bdcfcf
[Architectury Transformer DEBUG] Remapping Classes:
[Architectury Transformer DEBUG] net/fabricmc/api/EnvType -> net/minecraftforge/api/distmarker/Dist
[Architectury Transformer DEBUG] net/fabricmc/api/Environment -> net/minecraftforge/api/distmarker/OnlyIn
[Architectury Transformer DEBUG] Found class transformer
[Architectury Transformer DEBUG] Writing com/beigu/yunbeiuc/render/SignGuideIntersectionAdvanceWarning5EntityRenderer with maxs=true frames=true
[Architectury Transformer DEBUG] Remapping refmap from intermediary to srg: yunbeiuc-forge-forge-refmap.json
[Architectury Transformer DEBUG] Transformed com/beigu/yunbeiuc/render/SignGuideIntersectionAdvanceWarning5EntityRenderer in 164.0 ms
[Architectury Transformer DEBUG] Transforming from com/beigu/yunbeiuc/render/SignGuideIntersectionAdvanceWarning6EntityRenderer.class to com/beigu/yunbeiuc/render/SignGuideIntersectionAdvanceWarning6EntityRenderer.class with 8 transformer(s) on dev.architectury.transformer.handler.TinyRemapperPreparedTransformerHandler
[Architectury Transformer DEBUG] Remapping with 1 mapping provider(s):
[Architectury Transformer DEBUG]  - dev.architectury.transformer.transformers.TransformForgeEnvironment$$Lambda/0x000002499b08e850@2bdcfcf
[Architectury Transformer DEBUG] Remapping Classes:
[Architectury Transformer DEBUG] net/fabricmc/api/EnvType -> net/minecraftforge/api/distmarker/Dist
[Architectury Transformer DEBUG] net/fabricmc/api/Environment -> net/minecraftforge/api/distmarker/OnlyIn
[Architectury Transformer DEBUG] Found class transformer
[Architectury Transformer DEBUG] Writing com/beigu/yunbeiuc/render/SignGuideIntersectionAdvanceWarning6EntityRenderer with maxs=true frames=true
[Architectury Transformer DEBUG] Remapping refmap from intermediary to srg: yunbeiuc-forge-forge-refmap.json
[Architectury Transformer DEBUG] Transformed com/beigu/yunbeiuc/render/SignGuideIntersectionAdvanceWarning6EntityRenderer in 29.99 ms
[Architectury Transformer DEBUG] Transforming from com/beigu/yunbeiuc/render/SignGuideIntersectionAdvanceWarning7EntityRenderer.class to com/beigu/yunbeiuc/render/SignGuideIntersectionAdvanceWarning7EntityRenderer.class with 8 transformer(s) on dev.architectury.transformer.handler.TinyRemapperPreparedTransformerHandler
[Architectury Transformer DEBUG] Remapping with 1 mapping provider(s):
[Architectury Transformer DEBUG]  - dev.architectury.transformer.transformers.TransformForgeEnvironment$$Lambda/0x000002499b08e850@2bdcfcf
[Architectury Transformer DEBUG] Remapping Classes:
[Architectury Transformer DEBUG] net/fabricmc/api/EnvType -> net/minecraftforge/api/distmarker/Dist
[Architectury Transformer DEBUG] net/fabricmc/api/Environment -> net/minecraftforge/api/distmarker/OnlyIn
[Architectury Transformer DEBUG] Found class transformer
[Architectury Transformer DEBUG] Writing com/beigu/yunbeiuc/render/SignGuideIntersectionAdvanceWarning7EntityRenderer with maxs=true frames=true
[Architectury Transformer DEBUG] Remapping refmap from intermediary to srg: yunbeiuc-forge-forge-refmap.json
[Architectury Transformer DEBUG] Transformed com/beigu/yunbeiuc/render/SignGuideIntersectionAdvanceWarning7EntityRenderer in 20.51 ms
[Architectury Transformer DEBUG] Transforming from com/beigu/yunbeiuc/render/SignGuideIntersectionWarning1EntityRenderer.class to com/beigu/yunbeiuc/render/SignGuideIntersectionWarning1EntityRenderer.class with 8 transformer(s) on dev.architectury.transformer.handler.TinyRemapperPreparedTransformerHandler
[Architectury Transformer DEBUG] Remapping with 1 mapping provider(s):
[Architectury Transformer DEBUG]  - dev.architectury.transformer.transformers.TransformForgeEnvironment$$Lambda/0x000002499b08e850@2bdcfcf
[Architectury Transformer DEBUG] Remapping Classes:
[Architectury Transformer DEBUG] net/fabricmc/api/EnvType -> net/minecraftforge/api/distmarker/Dist
[Architectury Transformer DEBUG] net/fabricmc/api/Environment -> net/minecraftforge/api/distmarker/OnlyIn
[Architectury Transformer DEBUG] Found class transformer
[Architectury Transformer DEBUG] Writing com/beigu/yunbeiuc/render/SignGuideIntersectionWarning1EntityRenderer with maxs=true frames=true
[Architectury Transformer DEBUG] Remapping refmap from intermediary to srg: yunbeiuc-forge-forge-refmap.json
[Architectury Transformer DEBUG] Transformed com/beigu/yunbeiuc/render/SignGuideIntersectionWarning1EntityRenderer in 36.10 ms
[Architectury Transformer DEBUG] Transforming from com/beigu/yunbeiuc/render/SignGuideIntersectionWarning4EntityRenderer.class to com/beigu/yunbeiuc/render/SignGuideIntersectionWarning4EntityRenderer.class with 8 transformer(s) on dev.architectury.transformer.handler.TinyRemapperPreparedTransformerHandler
[Architectury Transformer DEBUG] Remapping with 1 mapping provider(s):
[Architectury Transformer DEBUG]  - dev.architectury.transformer.transformers.TransformForgeEnvironment$$Lambda/0x000002499b08e850@2bdcfcf
[Architectury Transformer DEBUG] Remapping Classes:
[Architectury Transformer DEBUG] net/fabricmc/api/EnvType -> net/minecraftforge/api/distmarker/Dist
[Architectury Transformer DEBUG] net/fabricmc/api/Environment -> net/minecraftforge/api/distmarker/OnlyIn
[Architectury Transformer DEBUG] Found class transformer
[Architectury Transformer DEBUG] Writing com/beigu/yunbeiuc/render/SignGuideIntersectionWarning4EntityRenderer with maxs=true frames=true
[Architectury Transformer DEBUG] Remapping refmap from intermediary to srg: yunbeiuc-forge-forge-refmap.json
[Architectury Transformer DEBUG] Transformed com/beigu/yunbeiuc/render/SignGuideIntersectionWarning4EntityRenderer in 39.89 ms
[Architectury Transformer DEBUG] Transforming from com/beigu/yunbeiuc/render/SignGuideConfirmation1EntityRenderer.class to com/beigu/yunbeiuc/render/SignGuideConfirmation1EntityRenderer.class with 8 transformer(s) on dev.architectury.transformer.handler.TinyRemapperPreparedTransformerHandler
[Architectury Transformer DEBUG] Remapping with 1 mapping provider(s):
[Architectury Transformer DEBUG]  - dev.architectury.transformer.transformers.TransformForgeEnvironment$$Lambda/0x000002499b08e850@2bdcfcf
[Architectury Transformer DEBUG] Remapping Classes:
[Architectury Transformer DEBUG] net/fabricmc/api/EnvType -> net/minecraftforge/api/distmarker/Dist
[Architectury Transformer DEBUG] net/fabricmc/api/Environment -> net/minecraftforge/api/distmarker/OnlyIn
[Architectury Transformer DEBUG] Found class transformer
[Architectury Transformer DEBUG] Writing com/beigu/yunbeiuc/render/SignGuideConfirmation1EntityRenderer with maxs=true frames=true
[Architectury Transformer DEBUG] Remapping refmap from intermediary to srg: yunbeiuc-forge-forge-refmap.json
[Architectury Transformer DEBUG] Transformed com/beigu/yunbeiuc/render/SignGuideConfirmation1EntityRenderer in 36.51 ms
[Architectury Transformer DEBUG] Transforming from com/beigu/yunbeiuc/render/SignGuideLaneIndicator1EntityRenderer.class to com/beigu/yunbeiuc/render/SignGuideLaneIndicator1EntityRenderer.class with 8 transformer(s) on dev.architectury.transformer.handler.TinyRemapperPreparedTransformerHandler
[Architectury Transformer DEBUG] Remapping with 1 mapping provider(s):
[Architectury Transformer DEBUG]  - dev.architectury.transformer.transformers.TransformForgeEnvironment$$Lambda/0x000002499b08e850@2bdcfcf
[Architectury Transformer DEBUG] Remapping Classes:
[Architectury Transformer DEBUG] net/fabricmc/api/EnvType -> net/minecraftforge/api/distmarker/Dist
[Architectury Transformer DEBUG] net/fabricmc/api/Environment -> net/minecraftforge/api/distmarker/OnlyIn
[Architectury Transformer DEBUG] Found class transformer
[Architectury Transformer DEBUG] Writing com/beigu/yunbeiuc/render/SignGuideLaneIndicator1EntityRenderer with maxs=true frames=true
[Architectury Transformer DEBUG] Remapping refmap from intermediary to srg: yunbeiuc-forge-forge-refmap.json
[Architectury Transformer DEBUG] Transformed com/beigu/yunbeiuc/render/SignGuideLaneIndicator1EntityRenderer in 23.08 ms
[Architectury Transformer DEBUG] Transforming from com/beigu/yunbeiuc/render/SignGuideRoadsideFacilityOverloadCheckpoint1EntityRenderer.class to com/beigu/yunbeiuc/render/SignGuideRoadsideFacilityOverloadCheckpoint1EntityRenderer.class with 8 transformer(s) on dev.architectury.transformer.handler.TinyRemapperPreparedTransformerHandler
[Architectury Transformer DEBUG] Remapping with 1 mapping provider(s):
[Architectury Transformer DEBUG]  - dev.architectury.transformer.transformers.TransformForgeEnvironment$$Lambda/0x000002499b08e850@2bdcfcf
[Architectury Transformer DEBUG] Remapping Classes:
[Architectury Transformer DEBUG] net/fabricmc/api/EnvType -> net/minecraftforge/api/distmarker/Dist
[Architectury Transformer DEBUG] net/fabricmc/api/Environment -> net/minecraftforge/api/distmarker/OnlyIn
[Architectury Transformer DEBUG] Found class transformer
[Architectury Transformer DEBUG] Writing com/beigu/yunbeiuc/render/SignGuideRoadsideFacilityOverloadCheckpoint1EntityRenderer with maxs=true frames=true
[Architectury Transformer DEBUG] Remapping refmap from intermediary to srg: yunbeiuc-forge-forge-refmap.json
[Architectury Transformer DEBUG] Transformed com/beigu/yunbeiuc/render/SignGuideRoadsideFacilityOverloadCheckpoint1EntityRenderer in 37.45 ms
[Architectury Transformer DEBUG] Transforming from com/beigu/yunbeiuc/render/SignExpresswayEntranceAdvance1EntityRenderer.class to com/beigu/yunbeiuc/render/SignExpresswayEntranceAdvance1EntityRenderer.class with 8 transformer(s) on dev.architectury.transformer.handler.TinyRemapperPreparedTransformerHandler
[Architectury Transformer DEBUG] Remapping with 1 mapping provider(s):
[Architectury Transformer DEBUG]  - dev.architectury.transformer.transformers.TransformForgeEnvironment$$Lambda/0x000002499b08e850@2bdcfcf
[Architectury Transformer DEBUG] Remapping Classes:
[Architectury Transformer DEBUG] net/fabricmc/api/EnvType -> net/minecraftforge/api/distmarker/Dist
[Architectury Transformer DEBUG] net/fabricmc/api/Environment -> net/minecraftforge/api/distmarker/OnlyIn
[Architectury Transformer DEBUG] Found class transformer
[Architectury Transformer DEBUG] Writing com/beigu/yunbeiuc/render/SignExpresswayEntranceAdvance1EntityRenderer with maxs=true frames=true
[Architectury Transformer DEBUG] Remapping refmap from intermediary to srg: yunbeiuc-forge-forge-refmap.json
[Architectury Transformer DEBUG] Transformed com/beigu/yunbeiuc/render/SignExpresswayEntranceAdvance1EntityRenderer in 46.98 ms
[Architectury Transformer DEBUG] Transforming from com/beigu/yunbeiuc/render/SignExpresswayEntranceAdvance4EntityRenderer.class to com/beigu/yunbeiuc/render/SignExpresswayEntranceAdvance4EntityRenderer.class with 8 transformer(s) on dev.architectury.transformer.handler.TinyRemapperPreparedTransformerHandler
[Architectury Transformer DEBUG] Remapping with 1 mapping provider(s):
[Architectury Transformer DEBUG]  - dev.architectury.transformer.transformers.TransformForgeEnvironment$$Lambda/0x000002499b08e850@2bdcfcf
[Architectury Transformer DEBUG] Remapping Classes:
[Architectury Transformer DEBUG] net/fabricmc/api/EnvType -> net/minecraftforge/api/distmarker/Dist
[Architectury Transformer DEBUG] net/fabricmc/api/Environment -> net/minecraftforge/api/distmarker/OnlyIn
[Architectury Transformer DEBUG] Found class transformer
[Architectury Transformer DEBUG] Writing com/beigu/yunbeiuc/render/SignExpresswayEntranceAdvance4EntityRenderer with maxs=true frames=true
[Architectury Transformer DEBUG] Remapping refmap from intermediary to srg: yunbeiuc-forge-forge-refmap.json
[Architectury Transformer DEBUG] Transformed com/beigu/yunbeiuc/render/SignExpresswayEntranceAdvance4EntityRenderer in 67.92 ms
[Architectury Transformer DEBUG] Transforming from com/beigu/yunbeiuc/render/SignExpresswayEntranceAdvance7EntityRenderer.class to com/beigu/yunbeiuc/render/SignExpresswayEntranceAdvance7EntityRenderer.class with 8 transformer(s) on dev.architectury.transformer.handler.TinyRemapperPreparedTransformerHandler
[Architectury Transformer DEBUG] Remapping with 1 mapping provider(s):
[Architectury Transformer DEBUG]  - dev.architectury.transformer.transformers.TransformForgeEnvironment$$Lambda/0x000002499b08e850@2bdcfcf
[Architectury Transformer DEBUG] Remapping Classes:
[Architectury Transformer DEBUG] net/fabricmc/api/EnvType -> net/minecraftforge/api/distmarker/Dist
[Architectury Transformer DEBUG] net/fabricmc/api/Environment -> net/minecraftforge/api/distmarker/OnlyIn
[Architectury Transformer DEBUG] Found class transformer
[Architectury Transformer DEBUG] Writing com/beigu/yunbeiuc/render/SignExpresswayEntranceAdvance7EntityRenderer with maxs=true frames=true
[Architectury Transformer DEBUG] Remapping refmap from intermediary to srg: yunbeiuc-forge-forge-refmap.json
[Architectury Transformer DEBUG] Transformed com/beigu/yunbeiuc/render/SignExpresswayEntranceAdvance7EntityRenderer in 40.78 ms
[Architectury Transformer DEBUG] Transforming from com/beigu/yunbeiuc/render/SignExpresswayEntranceAdvance10EntityRenderer.class to com/beigu/yunbeiuc/render/SignExpresswayEntranceAdvance10EntityRenderer.class with 8 transformer(s) on dev.architectury.transformer.handler.TinyRemapperPreparedTransformerHandler
[Architectury Transformer DEBUG] Remapping with 1 mapping provider(s):
[Architectury Transformer DEBUG]  - dev.architectury.transformer.transformers.TransformForgeEnvironment$$Lambda/0x000002499b08e850@2bdcfcf
[Architectury Transformer DEBUG] Remapping Classes:
[Architectury Transformer DEBUG] net/fabricmc/api/EnvType -> net/minecraftforge/api/distmarker/Dist
[Architectury Transformer DEBUG] net/fabricmc/api/Environment -> net/minecraftforge/api/distmarker/OnlyIn
[Architectury Transformer DEBUG] Found class transformer
[Architectury Transformer DEBUG] Writing com/beigu/yunbeiuc/render/SignExpresswayEntranceAdvance10EntityRenderer with maxs=true frames=true
[Architectury Transformer DEBUG] Remapping refmap from intermediary to srg: yunbeiuc-forge-forge-refmap.json
[Architectury Transformer DEBUG] Transformed com/beigu/yunbeiuc/render/SignExpresswayEntranceAdvance10EntityRenderer in 26.38 ms
[Architectury Transformer DEBUG] Transforming from com/beigu/yunbeiuc/render/SignExpresswayEntranceAdvance13EntityRenderer.class to com/beigu/yunbeiuc/render/SignExpresswayEntranceAdvance13EntityRenderer.class with 8 transformer(s) on dev.architectury.transformer.handler.TinyRemapperPreparedTransformerHandler
[Architectury Transformer DEBUG] Remapping with 1 mapping provider(s):
[Architectury Transformer DEBUG]  - dev.architectury.transformer.transformers.TransformForgeEnvironment$$Lambda/0x000002499b08e850@2bdcfcf
[Architectury Transformer DEBUG] Remapping Classes:
[Architectury Transformer DEBUG] net/fabricmc/api/EnvType -> net/minecraftforge/api/distmarker/Dist
[Architectury Transformer DEBUG] net/fabricmc/api/Environment -> net/minecraftforge/api/distmarker/OnlyIn
[Architectury Transformer DEBUG] Found class transformer
[Architectury Transformer DEBUG] Writing com/beigu/yunbeiuc/render/SignExpresswayEntranceAdvance13EntityRenderer with maxs=true frames=true
[Architectury Transformer DEBUG] Remapping refmap from intermediary to srg: yunbeiuc-forge-forge-refmap.json
[Architectury Transformer DEBUG] Transformed com/beigu/yunbeiuc/render/SignExpresswayEntranceAdvance13EntityRenderer in 26.96 ms
[Architectury Transformer DEBUG] Transforming from com/beigu/yunbeiuc/render/SignExpresswayDirection1EntityRenderer.class to com/beigu/yunbeiuc/render/SignExpresswayDirection1EntityRenderer.class with 8 transformer(s) on dev.architectury.transformer.handler.TinyRemapperPreparedTransformerHandler
[Architectury Transformer DEBUG] Remapping with 1 mapping provider(s):
[Architectury Transformer DEBUG]  - dev.architectury.transformer.transformers.TransformForgeEnvironment$$Lambda/0x000002499b08e850@2bdcfcf
[Architectury Transformer DEBUG] Remapping Classes:
[Architectury Transformer DEBUG] net/fabricmc/api/EnvType -> net/minecraftforge/api/distmarker/Dist
[Architectury Transformer DEBUG] net/fabricmc/api/Environment -> net/minecraftforge/api/distmarker/OnlyIn
[Architectury Transformer DEBUG] Found class transformer
[Architectury Transformer DEBUG] Writing com/beigu/yunbeiuc/render/SignExpresswayDirection1EntityRenderer with maxs=true frames=true
[Architectury Transformer DEBUG] Remapping refmap from intermediary to srg: yunbeiuc-forge-forge-refmap.json
[Architectury Transformer DEBUG] Transformed com/beigu/yunbeiuc/render/SignExpresswayDirection1EntityRenderer in 19.69 ms
[Architectury Transformer DEBUG] Transforming from com/beigu/yunbeiuc/render/SignExpresswayDirection3EntityRenderer.class to com/beigu/yunbeiuc/render/SignExpresswayDirection3EntityRenderer.class with 8 transformer(s) on dev.architectury.transformer.handler.TinyRemapperPreparedTransformerHandler
[Architectury Transformer DEBUG] Remapping with 1 mapping provider(s):
[Architectury Transformer DEBUG]  - dev.architectury.transformer.transformers.TransformForgeEnvironment$$Lambda/0x000002499b08e850@2bdcfcf
[Architectury Transformer DEBUG] Remapping Classes:
[Architectury Transformer DEBUG] net/fabricmc/api/EnvType -> net/minecraftforge/api/distmarker/Dist
[Architectury Transformer DEBUG] net/fabricmc/api/Environment -> net/minecraftforge/api/distmarker/OnlyIn
[Architectury Transformer DEBUG] Found class transformer
[Architectury Transformer DEBUG] Writing com/beigu/yunbeiuc/render/SignExpresswayDirection3EntityRenderer with maxs=true frames=true
[Architectury Transformer DEBUG] Remapping refmap from intermediary to srg: yunbeiuc-forge-forge-refmap.json
[Architectury Transformer DEBUG] Transformed com/beigu/yunbeiuc/render/SignExpresswayDirection3EntityRenderer in 29.77 ms
[Architectury Transformer DEBUG] Transforming from com/beigu/yunbeiuc/render/SignExpresswayDirection5EntityRenderer.class to com/beigu/yunbeiuc/render/SignExpresswayDirection5EntityRenderer.class with 8 transformer(s) on dev.architectury.transformer.handler.TinyRemapperPreparedTransformerHandler
[Architectury Transformer DEBUG] Remapping with 1 mapping provider(s):
[Architectury Transformer DEBUG]  - dev.architectury.transformer.transformers.TransformForgeEnvironment$$Lambda/0x000002499b08e850@2bdcfcf
[Architectury Transformer DEBUG] Remapping Classes:
[Architectury Transformer DEBUG] net/fabricmc/api/EnvType -> net/minecraftforge/api/distmarker/Dist
[Architectury Transformer DEBUG] net/fabricmc/api/Environment -> net/minecraftforge/api/distmarker/OnlyIn
[Architectury Transformer DEBUG] Found class transformer
[Architectury Transformer DEBUG] Writing com/beigu/yunbeiuc/render/SignExpresswayDirection5EntityRenderer with maxs=true frames=true
[Architectury Transformer DEBUG] Remapping refmap from intermediary to srg: yunbeiuc-forge-forge-refmap.json
[Architectury Transformer DEBUG] Transformed com/beigu/yunbeiuc/render/SignExpresswayDirection5EntityRenderer in 22.51 ms
[Architectury Transformer DEBUG] Transforming from com/beigu/yunbeiuc/render/SignExpresswayExit8EntityRenderer.class to com/beigu/yunbeiuc/render/SignExpresswayExit8EntityRenderer.class with 8 transformer(s) on dev.architectury.transformer.handler.TinyRemapperPreparedTransformerHandler
[Architectury Transformer DEBUG] Remapping with 1 mapping provider(s):
[Architectury Transformer DEBUG]  - dev.architectury.transformer.transformers.TransformForgeEnvironment$$Lambda/0x000002499b08e850@2bdcfcf
[Architectury Transformer DEBUG] Remapping Classes:
[Architectury Transformer DEBUG] net/fabricmc/api/EnvType -> net/minecraftforge/api/distmarker/Dist
[Architectury Transformer DEBUG] net/fabricmc/api/Environment -> net/minecraftforge/api/distmarker/OnlyIn
[Architectury Transformer DEBUG] Found class transformer
[Architectury Transformer DEBUG] Writing com/beigu/yunbeiuc/render/SignExpresswayExit8EntityRenderer with maxs=true frames=true
[Architectury Transformer DEBUG] Remapping refmap from intermediary to srg: yunbeiuc-forge-forge-refmap.json
[Architectury Transformer DEBUG] Transformed com/beigu/yunbeiuc/render/SignExpresswayExit8EntityRenderer in 33.44 ms
[Architectury Transformer DEBUG] Transforming from com/beigu/yunbeiuc/render/ZonesBoard1EntityRenderer.class to com/beigu/yunbeiuc/render/ZonesBoard1EntityRenderer.class with 8 transformer(s) on dev.architectury.transformer.handler.TinyRemapperPreparedTransformerHandler
[Architectury Transformer DEBUG] Remapping with 1 mapping provider(s):
[Architectury Transformer DEBUG]  - dev.architectury.transformer.transformers.TransformForgeEnvironment$$Lambda/0x000002499b08e850@2bdcfcf
[Architectury Transformer DEBUG] Remapping Classes:
[Architectury Transformer DEBUG] net/fabricmc/api/EnvType -> net/minecraftforge/api/distmarker/Dist
[Architectury Transformer DEBUG] net/fabricmc/api/Environment -> net/minecraftforge/api/distmarker/OnlyIn
[Architectury Transformer DEBUG] Found class transformer
[Architectury Transformer DEBUG] Writing com/beigu/yunbeiuc/render/ZonesBoard1EntityRenderer with maxs=true frames=true
[Architectury Transformer DEBUG] Remapping refmap from intermediary to srg: yunbeiuc-forge-forge-refmap.json
[Architectury Transformer DEBUG] Transformed com/beigu/yunbeiuc/render/ZonesBoard1EntityRenderer in 22.71 ms
[Architectury Transformer DEBUG] Transforming from com/beigu/yunbeiuc/render/ZonesBoardImageEntityRenderer.class to com/beigu/yunbeiuc/render/ZonesBoardImageEntityRenderer.class with 8 transformer(s) on dev.architectury.transformer.handler.TinyRemapperPreparedTransformerHandler
[Architectury Transformer DEBUG] Remapping with 1 mapping provider(s):
[Architectury Transformer DEBUG]  - dev.architectury.transformer.transformers.TransformForgeEnvironment$$Lambda/0x000002499b08e850@2bdcfcf
[Architectury Transformer DEBUG] Remapping Classes:
[Architectury Transformer DEBUG] net/fabricmc/api/EnvType -> net/minecraftforge/api/distmarker/Dist
[Architectury Transformer DEBUG] net/fabricmc/api/Environment -> net/minecraftforge/api/distmarker/OnlyIn
[Architectury Transformer DEBUG] Found class transformer
[Architectury Transformer DEBUG] Writing com/beigu/yunbeiuc/render/ZonesBoardImageEntityRenderer with maxs=true frames=true
[Architectury Transformer DEBUG] Remapping refmap from intermediary to srg: yunbeiuc-forge-forge-refmap.json
[Architectury Transformer DEBUG] Transformed com/beigu/yunbeiuc/render/ZonesBoardImageEntityRenderer in 26.25 ms
[Architectury Transformer DEBUG] Transforming from com/beigu/yunbeiuc/render/ZonesBoardTimeRange1EntityRenderer.class to com/beigu/yunbeiuc/render/ZonesBoardTimeRange1EntityRenderer.class with 8 transformer(s) on dev.architectury.transformer.handler.TinyRemapperPreparedTransformerHandler
[Architectury Transformer DEBUG] Remapping with 1 mapping provider(s):
[Architectury Transformer DEBUG]  - dev.architectury.transformer.transformers.TransformForgeEnvironment$$Lambda/0x000002499b08e850@2bdcfcf
[Architectury Transformer DEBUG] Remapping Classes:
[Architectury Transformer DEBUG] net/fabricmc/api/EnvType -> net/minecraftforge/api/distmarker/Dist
[Architectury Transformer DEBUG] net/fabricmc/api/Environment -> net/minecraftforge/api/distmarker/OnlyIn
[Architectury Transformer DEBUG] Found class transformer
[Architectury Transformer DEBUG] Writing com/beigu/yunbeiuc/render/ZonesBoardTimeRange1EntityRenderer with maxs=true frames=true
[Architectury Transformer DEBUG] Remapping refmap from intermediary to srg: yunbeiuc-forge-forge-refmap.json
[Architectury Transformer DEBUG] Transformed com/beigu/yunbeiuc/render/ZonesBoardTimeRange1EntityRenderer in 18.82 ms
[Architectury Transformer DEBUG] Transforming from com/beigu/yunbeiuc/render/ZonesBoardTimeRange2EntityRenderer.class to com/beigu/yunbeiuc/render/ZonesBoardTimeRange2EntityRenderer.class with 8 transformer(s) on dev.architectury.transformer.handler.TinyRemapperPreparedTransformerHandler
[Architectury Transformer DEBUG] Remapping with 1 mapping provider(s):
[Architectury Transformer DEBUG]  - dev.architectury.transformer.transformers.TransformForgeEnvironment$$Lambda/0x000002499b08e850@2bdcfcf
[Architectury Transformer DEBUG] Remapping Classes:
[Architectury Transformer DEBUG] net/fabricmc/api/EnvType -> net/minecraftforge/api/distmarker/Dist
[Architectury Transformer DEBUG] net/fabricmc/api/Environment -> net/minecraftforge/api/distmarker/OnlyIn
[Architectury Transformer DEBUG] Found class transformer
[Architectury Transformer DEBUG] Writing com/beigu/yunbeiuc/render/ZonesBoardTimeRange2EntityRenderer with maxs=true frames=true
[Architectury Transformer DEBUG] Remapping refmap from intermediary to srg: yunbeiuc-forge-forge-refmap.json
[Architectury Transformer DEBUG] Transformed com/beigu/yunbeiuc/render/ZonesBoardTimeRange2EntityRenderer in 40.35 ms
[Architectury Transformer DEBUG] Transforming from com/beigu/yunbeiuc/render/ZonesBoardOverWeightEntityRenderer.class to com/beigu/yunbeiuc/render/ZonesBoardOverWeightEntityRenderer.class with 8 transformer(s) on dev.architectury.transformer.handler.TinyRemapperPreparedTransformerHandler
[Architectury Transformer DEBUG] Remapping with 1 mapping provider(s):
[Architectury Transformer DEBUG]  - dev.architectury.transformer.transformers.TransformForgeEnvironment$$Lambda/0x000002499b08e850@2bdcfcf
[Architectury Transformer DEBUG] Remapping Classes:
[Architectury Transformer DEBUG] net/fabricmc/api/EnvType -> net/minecraftforge/api/distmarker/Dist
[Architectury Transformer DEBUG] net/fabricmc/api/Environment -> net/minecraftforge/api/distmarker/OnlyIn
[Architectury Transformer DEBUG] Found class transformer
[Architectury Transformer DEBUG] Writing com/beigu/yunbeiuc/render/ZonesBoardOverWeightEntityRenderer with maxs=true frames=true
[Architectury Transformer DEBUG] Remapping refmap from intermediary to srg: yunbeiuc-forge-forge-refmap.json
[Architectury Transformer DEBUG] Transformed com/beigu/yunbeiuc/render/ZonesBoardOverWeightEntityRenderer in 16.82 ms
[Architectury Transformer DEBUG] Transforming from com/beigu/yunbeiuc/render/json/FlagLoader.class to com/beigu/yunbeiuc/render/json/FlagLoader.class with 8 transformer(s) on dev.architectury.transformer.handler.TinyRemapperPreparedTransformerHandler
[Architectury Transformer DEBUG] Remapping with 1 mapping provider(s):
[Architectury Transformer DEBUG]  - dev.architectury.transformer.transformers.TransformForgeEnvironment$$Lambda/0x000002499b08e850@2bdcfcf
[Architectury Transformer DEBUG] Remapping Classes:
[Architectury Transformer DEBUG] net/fabricmc/api/EnvType -> net/minecraftforge/api/distmarker/Dist
[Architectury Transformer DEBUG] net/fabricmc/api/Environment -> net/minecraftforge/api/distmarker/OnlyIn
[Architectury Transformer DEBUG] Found class transformer
[Architectury Transformer DEBUG] Writing com/beigu/yunbeiuc/render/json/FlagLoader with maxs=true frames=true
[Architectury Transformer DEBUG] Remapping refmap from intermediary to srg: yunbeiuc-forge-forge-refmap.json
[Architectury Transformer DEBUG] Transformed com/beigu/yunbeiuc/render/json/FlagLoader in 22.84 ms
[Architectury Transformer DEBUG] Transforming from com/beigu/yunbeiuc/render/json/CustomFlag.class to com/beigu/yunbeiuc/render/json/CustomFlag.class with 8 transformer(s) on dev.architectury.transformer.handler.TinyRemapperPreparedTransformerHandler
[Architectury Transformer DEBUG] Remapping with 1 mapping provider(s):
[Architectury Transformer DEBUG]  - dev.architectury.transformer.transformers.TransformForgeEnvironment$$Lambda/0x000002499b08e850@2bdcfcf
[Architectury Transformer DEBUG] Remapping Classes:
[Architectury Transformer DEBUG] net/fabricmc/api/EnvType -> net/minecraftforge/api/distmarker/Dist
[Architectury Transformer DEBUG] net/fabricmc/api/Environment -> net/minecraftforge/api/distmarker/OnlyIn
[Architectury Transformer DEBUG] Found class transformer
[Architectury Transformer DEBUG] Writing com/beigu/yunbeiuc/render/json/CustomFlag with maxs=true frames=true
[Architectury Transformer DEBUG] Remapping refmap from intermediary to srg: yunbeiuc-forge-forge-refmap.json
[Architectury Transformer DEBUG] Transformed com/beigu/yunbeiuc/render/json/CustomFlag in 15.48 ms
[Architectury Transformer DEBUG] Transforming from com/beigu/yunbeiuc/render/font/CustomFontManager.class to com/beigu/yunbeiuc/render/font/CustomFontManager.class with 8 transformer(s) on dev.architectury.transformer.handler.TinyRemapperPreparedTransformerHandler
[Architectury Transformer DEBUG] Remapping with 1 mapping provider(s):
[Architectury Transformer DEBUG]  - dev.architectury.transformer.transformers.TransformForgeEnvironment$$Lambda/0x000002499b08e850@2bdcfcf
[Architectury Transformer DEBUG] Remapping Classes:
[Architectury Transformer DEBUG] net/fabricmc/api/EnvType -> net/minecraftforge/api/distmarker/Dist
[Architectury Transformer DEBUG] net/fabricmc/api/Environment -> net/minecraftforge/api/distmarker/OnlyIn
[Architectury Transformer DEBUG] Found class transformer
[Architectury Transformer DEBUG] Writing com/beigu/yunbeiuc/render/font/CustomFontManager with maxs=true frames=true
[Architectury Transformer DEBUG] Remapping refmap from intermediary to srg: yunbeiuc-forge-forge-refmap.json
[Architectury Transformer DEBUG] Transformed com/beigu/yunbeiuc/render/font/CustomFontManager in 17.41 ms
[Architectury Transformer DEBUG] Transforming from com/beigu/yunbeiuc/render/font/CustomFontRenderer.class to com/beigu/yunbeiuc/render/font/CustomFontRenderer.class with 8 transformer(s) on dev.architectury.transformer.handler.TinyRemapperPreparedTransformerHandler
[Architectury Transformer DEBUG] Remapping with 1 mapping provider(s):
[Architectury Transformer DEBUG]  - dev.architectury.transformer.transformers.TransformForgeEnvironment$$Lambda/0x000002499b08e850@2bdcfcf
[Architectury Transformer DEBUG] Remapping Classes:
[Architectury Transformer DEBUG] net/fabricmc/api/EnvType -> net/minecraftforge/api/distmarker/Dist
[Architectury Transformer DEBUG] net/fabricmc/api/Environment -> net/minecraftforge/api/distmarker/OnlyIn
[Architectury Transformer DEBUG] Found class transformer
[Architectury Transformer DEBUG] Writing com/beigu/yunbeiuc/render/font/CustomFontRenderer with maxs=true frames=true
[Architectury Transformer DEBUG] Remapping refmap from intermediary to srg: yunbeiuc-forge-forge-refmap.json
[Architectury Transformer DEBUG] Transformed com/beigu/yunbeiuc/render/font/CustomFontRenderer in 39.71 ms
